id,run,node_name,location,modem_name,mcc,country,iso_code,rat,rat_name
17443,1,Mark-10,"Zagreb, Croatia",Quectel_BG96,219,Croatia,hr,0,2G
17558,1,Mark-10,"Zagreb, Croatia",Quectel_EC21,219,Croatia,hr,0,2G
17760,1,Mark-10,"Zagreb, Croatia",Quectel_BG96,219,Croatia,hr,0,2G
17768,1,Mark-10,"Zagreb, Croatia",Quectel_EC21,219,Croatia,hr,0,2G
18830,1,Mark-10,"Zagreb, Croatia",Quectel_EC21,219,Croatia,hr,0,2G
18832,1,Mark-10,"Zagreb, Croatia",Quectel_BG96,219,Croatia,hr,0,2G
18891,1,Mark-10,"Zagreb, Croatia",Quectel_EC21,219,Croatia,hr,0,2G
18893,1,Mark-10,"Zagreb, Croatia",Quectel_BG96,219,Croatia,hr,0,2G
18905,1,Mark-10,"Zagreb, Croatia",Quectel_EC21,219,Croatia,hr,0,2G
19037,1,Mark-10,"Zagreb, Croatia",Quectel_EC21,219,Croatia,hr,0,2G
19115,1,Mark-10,"Zagreb, Croatia",Quectel_BG96,219,Croatia,hr,0,2G
19124,1,Mark-10,"Zagreb, Croatia",Quectel_EC21,219,Croatia,hr,0,2G
19165,1,Mark-10,"Zagreb, Croatia",Quectel_EC21,219,Croatia,hr,0,2G
19958,1,Mark-10,"Zagreb, Croatia",Quectel_EC21,219,Croatia,hr,0,2G
19959,1,Mark-10,"Zagreb, Croatia",Quectel_EC21,219,Croatia,hr,0,2G
19961,1,Mark-10,"Zagreb, Croatia",Quectel_EC21,219,Croatia,hr,0,2G
20118,1,Mark-10,"Zagreb, Croatia",Quectel_EC21,219,Croatia,hr,0,2G
20154,1,Mark-10,"Zagreb, Croatia",Quectel_EC21,219,Croatia,hr,0,2G
20190,1,Mark-10,"Zagreb, Croatia",Quectel_EC21,219,Croatia,hr,0,2G
20226,1,Mark-10,"Zagreb, Croatia",Quectel_EC21,219,Croatia,hr,0,2G
20262,1,Mark-10,"Zagreb, Croatia",Quectel_EC21,219,Croatia,hr,0,2G
20298,1,Mark-10,"Zagreb, Croatia",Quectel_EC21,219,Croatia,hr,0,2G
20334,1,Mark-10,"Zagreb, Croatia",Quectel_EC21,219,Croatia,hr,0,2G
20370,1,Mark-10,"Zagreb, Croatia",Quectel_EC21,219,Croatia,hr,0,2G
20406,1,Mark-10,"Zagreb, Croatia",Quectel_EC21,219,Croatia,hr,0,2G
20442,1,Mark-10,"Zagreb, Croatia",Quectel_EC21,219,Croatia,hr,0,2G
20482,1,Mark-10,"Zagreb, Croatia",Quectel_BG96,219,Croatia,hr,0,2G
20839,1,Mark-10,"Zagreb, Croatia",Quectel_BG96,219,Croatia,hr,0,2G
20866,1,Mark-10,"Zagreb, Croatia",Quectel_BG96,219,Croatia,hr,0,2G
20893,1,Mark-10,"Zagreb, Croatia",Quectel_BG96,219,Croatia,hr,0,2G
20920,1,Mark-10,"Zagreb, Croatia",Quectel_BG96,219,Croatia,hr,0,2G
20947,1,Mark-10,"Zagreb, Croatia",Quectel_BG96,219,Croatia,hr,0,2G
20974,1,Mark-10,"Zagreb, Croatia",Quectel_BG96,219,Croatia,hr,0,2G
22797,1,Mark-10,"Zagreb, Croatia",Quectel_BG96,219,Croatia,hr,0,2G
22798,1,Mark-10,"Zagreb, Croatia",Quectel_BG96,219,Croatia,hr,0,2G
22799,1,Mark-10,"Zagreb, Croatia",Quectel_BG96,219,Croatia,hr,0,2G
22970,1,Mark-10,"Zagreb, Croatia",Quectel_BG96,219,Croatia,hr,0,2G
22993,1,Mark-10,"Zagreb, Croatia",Quectel_EC21,219,Croatia,hr,0,2G
23167,1,Mark-10,"Zagreb, Croatia",Quectel_BG96,219,Croatia,hr,0,2G
23190,1,Mark-10,"Zagreb, Croatia",Quectel_EC21,219,Croatia,hr,0,2G
23226,1,Mark-10,"Zagreb, Croatia",Quectel_BG96,219,Croatia,hr,0,2G
23249,1,Mark-10,"Zagreb, Croatia",Quectel_EC21,219,Croatia,hr,0,2G
23571,1,Mark-10,"Zagreb, Croatia",Quectel_EC21,219,Croatia,hr,0,2G
17560,1,Mark-10,"Zagreb, Croatia",Quectel_EC21,219,Croatia,hr,2,3G
17770,1,Mark-10,"Zagreb, Croatia",Quectel_EC21,219,Croatia,hr,2,3G
18829,1,Mark-10,"Zagreb, Croatia",Quectel_EC21,219,Croatia,hr,2,3G
18890,1,Mark-10,"Zagreb, Croatia",Quectel_EC21,219,Croatia,hr,2,3G
18904,1,Mark-10,"Zagreb, Croatia",Quectel_EC21,219,Croatia,hr,2,3G
19038,1,Mark-10,"Zagreb, Croatia",Quectel_EC21,219,Croatia,hr,2,3G
19123,1,Mark-10,"Zagreb, Croatia",Quectel_EC21,219,Croatia,hr,2,3G
19164,1,Mark-10,"Zagreb, Croatia",Quectel_EC21,219,Croatia,hr,2,3G
19650,1,Mark-10,"Zagreb, Croatia",Quectel_EC21,219,Croatia,hr,2,3G
19732,1,Mark-10,"Zagreb, Croatia",Quectel_EC21,219,Croatia,hr,2,3G
19734,1,Mark-10,"Zagreb, Croatia",Quectel_EC21,219,Croatia,hr,2,3G
19736,1,Mark-10,"Zagreb, Croatia",Quectel_EC21,219,Croatia,hr,2,3G
19739,1,Mark-10,"Zagreb, Croatia",Quectel_EC21,219,Croatia,hr,2,3G
19740,1,Mark-10,"Zagreb, Croatia",Quectel_EC21,219,Croatia,hr,2,3G
19742,1,Mark-10,"Zagreb, Croatia",Quectel_EC21,219,Croatia,hr,2,3G
20109,1,Mark-10,"Zagreb, Croatia",Quectel_EC21,219,Croatia,hr,2,3G
20145,1,Mark-10,"Zagreb, Croatia",Quectel_EC21,219,Croatia,hr,2,3G
20181,1,Mark-10,"Zagreb, Croatia",Quectel_EC21,219,Croatia,hr,2,3G
20217,1,Mark-10,"Zagreb, Croatia",Quectel_EC21,219,Croatia,hr,2,3G
20253,1,Mark-10,"Zagreb, Croatia",Quectel_EC21,219,Croatia,hr,2,3G
20289,1,Mark-10,"Zagreb, Croatia",Quectel_EC21,219,Croatia,hr,2,3G
20325,1,Mark-10,"Zagreb, Croatia",Quectel_EC21,219,Croatia,hr,2,3G
20361,1,Mark-10,"Zagreb, Croatia",Quectel_EC21,219,Croatia,hr,2,3G
20397,1,Mark-10,"Zagreb, Croatia",Quectel_EC21,219,Croatia,hr,2,3G
20433,1,Mark-10,"Zagreb, Croatia",Quectel_EC21,219,Croatia,hr,2,3G
22297,1,Mark-10,"Zagreb, Croatia",Quectel_EC21,219,Croatia,hr,2,3G
22298,1,Mark-10,"Zagreb, Croatia",Quectel_EC21,219,Croatia,hr,2,3G
22299,1,Mark-10,"Zagreb, Croatia",Quectel_EC21,219,Croatia,hr,2,3G
22300,1,Mark-10,"Zagreb, Croatia",Quectel_EC21,219,Croatia,hr,2,3G
22301,1,Mark-10,"Zagreb, Croatia",Quectel_EC21,219,Croatia,hr,2,3G
22982,1,Mark-10,"Zagreb, Croatia",Quectel_EC21,219,Croatia,hr,2,3G
23118,1,Mark-10,"Zagreb, Croatia",Quectel_EC21,219,Croatia,hr,2,3G
23119,1,Mark-10,"Zagreb, Croatia",Quectel_EC21,219,Croatia,hr,2,3G
23120,1,Mark-10,"Zagreb, Croatia",Quectel_EC21,219,Croatia,hr,2,3G
23121,1,Mark-10,"Zagreb, Croatia",Quectel_EC21,219,Croatia,hr,2,3G
23122,1,Mark-10,"Zagreb, Croatia",Quectel_EC21,219,Croatia,hr,2,3G
23123,1,Mark-10,"Zagreb, Croatia",Quectel_EC21,219,Croatia,hr,2,3G
23124,1,Mark-10,"Zagreb, Croatia",Quectel_EC21,219,Croatia,hr,2,3G
23125,1,Mark-10,"Zagreb, Croatia",Quectel_EC21,219,Croatia,hr,2,3G
23126,1,Mark-10,"Zagreb, Croatia",Quectel_EC21,219,Croatia,hr,2,3G
23127,1,Mark-10,"Zagreb, Croatia",Quectel_EC21,219,Croatia,hr,2,3G
23179,1,Mark-10,"Zagreb, Croatia",Quectel_EC21,219,Croatia,hr,2,3G
23238,1,Mark-10,"Zagreb, Croatia",Quectel_EC21,219,Croatia,hr,2,3G
23560,1,Mark-10,"Zagreb, Croatia",Quectel_EC21,219,Croatia,hr,2,3G
17377,1,Mark-10,"Zagreb, Croatia",Quectel_EC21,219,Croatia,hr,7,LTE CAT1
17549,1,Mark-10,"Zagreb, Croatia",Quectel_EC21,219,Croatia,hr,7,LTE CAT1
17551,1,Mark-10,"Zagreb, Croatia",Quectel_EC21,219,Croatia,hr,7,LTE CAT1
17552,1,Mark-10,"Zagreb, Croatia",Quectel_EC21,219,Croatia,hr,7,LTE CAT1
17555,1,Mark-10,"Zagreb, Croatia",Quectel_EC21,219,Croatia,hr,7,LTE CAT1
17685,1,Mark-10,"Zagreb, Croatia",Quectel_EC21,219,Croatia,hr,7,LTE CAT1
17764,1,Mark-10,"Zagreb, Croatia",Quectel_EC21,219,Croatia,hr,7,LTE CAT1
18820,1,Mark-10,"Zagreb, Croatia",Quectel_EC21,219,Croatia,hr,7,LTE CAT1
18884,1,Mark-10,"Zagreb, Croatia",Quectel_EC21,219,Croatia,hr,7,LTE CAT1
18898,1,Mark-10,"Zagreb, Croatia",Quectel_EC21,219,Croatia,hr,7,LTE CAT1
19044,1,Mark-10,"Zagreb, Croatia",Quectel_EC21,219,Croatia,hr,7,LTE CAT1
19117,1,Mark-10,"Zagreb, Croatia",Quectel_EC21,219,Croatia,hr,7,LTE CAT1
19158,1,Mark-10,"Zagreb, Croatia",Quectel_EC21,219,Croatia,hr,7,LTE CAT1
19659,1,Mark-10,"Zagreb, Croatia",Quectel_EC21,219,Croatia,hr,7,LTE CAT1
19918,1,Mark-10,"Zagreb, Croatia",Quectel_EC21,219,Croatia,hr,7,LTE CAT1
19957,1,Mark-10,"Zagreb, Croatia",Quectel_EC21,219,Croatia,hr,7,LTE CAT1
20110,1,Mark-10,"Zagreb, Croatia",Quectel_EC21,219,Croatia,hr,7,LTE CAT1
20146,1,Mark-10,"Zagreb, Croatia",Quectel_EC21,219,Croatia,hr,7,LTE CAT1
20182,1,Mark-10,"Zagreb, Croatia",Quectel_EC21,219,Croatia,hr,7,LTE CAT1
20218,1,Mark-10,"Zagreb, Croatia",Quectel_EC21,219,Croatia,hr,7,LTE CAT1
20254,1,Mark-10,"Zagreb, Croatia",Quectel_EC21,219,Croatia,hr,7,LTE CAT1
20290,1,Mark-10,"Zagreb, Croatia",Quectel_EC21,219,Croatia,hr,7,LTE CAT1
20326,1,Mark-10,"Zagreb, Croatia",Quectel_EC21,219,Croatia,hr,7,LTE CAT1
20362,1,Mark-10,"Zagreb, Croatia",Quectel_EC21,219,Croatia,hr,7,LTE CAT1
20398,1,Mark-10,"Zagreb, Croatia",Quectel_EC21,219,Croatia,hr,7,LTE CAT1
20434,1,Mark-10,"Zagreb, Croatia",Quectel_EC21,219,Croatia,hr,7,LTE CAT1
22983,1,Mark-10,"Zagreb, Croatia",Quectel_EC21,219,Croatia,hr,7,LTE CAT1
23180,1,Mark-10,"Zagreb, Croatia",Quectel_EC21,219,Croatia,hr,7,LTE CAT1
23239,1,Mark-10,"Zagreb, Croatia",Quectel_EC21,219,Croatia,hr,7,LTE CAT1
23561,1,Mark-10,"Zagreb, Croatia",Quectel_EC21,219,Croatia,hr,7,LTE CAT1
17564,1,Mark-10,"Zagreb, Croatia",Quectel_BG96,219,Croatia,hr,8,LTE-M
17772,1,Mark-10,"Zagreb, Croatia",Quectel_BG96,219,Croatia,hr,8,LTE-M
18894,1,Mark-10,"Zagreb, Croatia",Quectel_BG96,219,Croatia,hr,8,LTE-M
18908,1,Mark-10,"Zagreb, Croatia",Quectel_BG96,219,Croatia,hr,8,LTE-M
19035,1,Mark-10,"Zagreb, Croatia",Quectel_BG96,219,Croatia,hr,8,LTE-M
19138,1,Mark-10,"Zagreb, Croatia",Quectel_BG96,219,Croatia,hr,8,LTE-M
20503,1,Mark-10,"Zagreb, Croatia",Quectel_BG96,219,Croatia,hr,8,LTE-M
20572,1,Mark-10,"Zagreb, Croatia",Quectel_BG96,219,Croatia,hr,8,LTE-M
20752,1,Mark-10,"Zagreb, Croatia",Quectel_BG96,219,Croatia,hr,8,LTE-M
20779,1,Mark-10,"Zagreb, Croatia",Quectel_BG96,219,Croatia,hr,8,LTE-M
20806,1,Mark-10,"Zagreb, Croatia",Quectel_BG96,219,Croatia,hr,8,LTE-M
20833,1,Mark-10,"Zagreb, Croatia",Quectel_BG96,219,Croatia,hr,8,LTE-M
20860,1,Mark-10,"Zagreb, Croatia",Quectel_BG96,219,Croatia,hr,8,LTE-M
20887,1,Mark-10,"Zagreb, Croatia",Quectel_BG96,219,Croatia,hr,8,LTE-M
20914,1,Mark-10,"Zagreb, Croatia",Quectel_BG96,219,Croatia,hr,8,LTE-M
20941,1,Mark-10,"Zagreb, Croatia",Quectel_BG96,219,Croatia,hr,8,LTE-M
20968,1,Mark-10,"Zagreb, Croatia",Quectel_BG96,219,Croatia,hr,8,LTE-M
20995,1,Mark-10,"Zagreb, Croatia",Quectel_BG96,219,Croatia,hr,8,LTE-M
23208,1,Mark-10,"Zagreb, Croatia",Quectel_BG96,219,Croatia,hr,8,LTE-M
23267,1,Mark-10,"Zagreb, Croatia",Quectel_BG96,219,Croatia,hr,8,LTE-M
23589,1,Mark-10,"Zagreb, Croatia",Quectel_BG96,219,Croatia,hr,8,LTE-M
17378,1,Mark-10,"Zagreb, Croatia",Quectel_BG96,219,Croatia,hr,9,NB-IoT
17435,1,Mark-10,"Zagreb, Croatia",Quectel_BG96,219,Croatia,hr,9,NB-IoT
17439,1,Mark-10,"Zagreb, Croatia",Quectel_BG96,219,Croatia,hr,9,NB-IoT
17445,1,Mark-10,"Zagreb, Croatia",Quectel_BG96,219,Croatia,hr,9,NB-IoT
17446,1,Mark-10,"Zagreb, Croatia",Quectel_BG96,219,Croatia,hr,9,NB-IoT
17566,1,Mark-10,"Zagreb, Croatia",Quectel_BG96,219,Croatia,hr,9,NB-IoT
17773,1,Mark-10,"Zagreb, Croatia",Quectel_BG96,219,Croatia,hr,9,NB-IoT
18819,1,Mark-10,"Zagreb, Croatia",Quectel_BG96,219,Croatia,hr,9,NB-IoT
18835,1,Mark-10,"Zagreb, Croatia",Quectel_BG96,219,Croatia,hr,9,NB-IoT
18896,1,Mark-10,"Zagreb, Croatia",Quectel_BG96,219,Croatia,hr,9,NB-IoT
18910,1,Mark-10,"Zagreb, Croatia",Quectel_BG96,219,Croatia,hr,9,NB-IoT
19034,1,Mark-10,"Zagreb, Croatia",Quectel_BG96,219,Croatia,hr,9,NB-IoT
19125,1,Mark-10,"Zagreb, Croatia",Quectel_BG96,219,Croatia,hr,9,NB-IoT
20497,1,Mark-10,"Zagreb, Croatia",Quectel_BG96,219,Croatia,hr,9,NB-IoT
20529,1,Mark-10,"Zagreb, Croatia",Quectel_BG96,219,Croatia,hr,9,NB-IoT
20566,1,Mark-10,"Zagreb, Croatia",Quectel_BG96,219,Croatia,hr,9,NB-IoT
20746,1,Mark-10,"Zagreb, Croatia",Quectel_BG96,219,Croatia,hr,9,NB-IoT
20773,1,Mark-10,"Zagreb, Croatia",Quectel_BG96,219,Croatia,hr,9,NB-IoT
20800,1,Mark-10,"Zagreb, Croatia",Quectel_BG96,219,Croatia,hr,9,NB-IoT
20827,1,Mark-10,"Zagreb, Croatia",Quectel_BG96,219,Croatia,hr,9,NB-IoT
20854,1,Mark-10,"Zagreb, Croatia",Quectel_BG96,219,Croatia,hr,9,NB-IoT
20881,1,Mark-10,"Zagreb, Croatia",Quectel_BG96,219,Croatia,hr,9,NB-IoT
20908,1,Mark-10,"Zagreb, Croatia",Quectel_BG96,219,Croatia,hr,9,NB-IoT
20935,1,Mark-10,"Zagreb, Croatia",Quectel_BG96,219,Croatia,hr,9,NB-IoT
20962,1,Mark-10,"Zagreb, Croatia",Quectel_BG96,219,Croatia,hr,9,NB-IoT
20989,1,Mark-10,"Zagreb, Croatia",Quectel_BG96,219,Croatia,hr,9,NB-IoT
23003,1,Mark-10,"Zagreb, Croatia",Quectel_BG96,219,Croatia,hr,9,NB-IoT
23200,1,Mark-10,"Zagreb, Croatia",Quectel_BG96,219,Croatia,hr,9,NB-IoT
23259,1,Mark-10,"Zagreb, Croatia",Quectel_BG96,219,Croatia,hr,9,NB-IoT
23581,1,Mark-10,"Zagreb, Croatia",Quectel_BG96,219,Croatia,hr,9,NB-IoT
17442,1,Mark-10,"Zagreb, Croatia",Quectel_EC21,219,Croatia,hr,0,2G
17556,1,Mark-10,"Zagreb, Croatia",Quectel_EC21,219,Croatia,hr,0,2G
17765,1,Mark-10,"Zagreb, Croatia",Quectel_EC21,219,Croatia,hr,0,2G
18824,1,Mark-10,"Zagreb, Croatia",Quectel_EC21,219,Croatia,hr,0,2G
18885,1,Mark-10,"Zagreb, Croatia",Quectel_EC21,219,Croatia,hr,0,2G
18899,1,Mark-10,"Zagreb, Croatia",Quectel_EC21,219,Croatia,hr,0,2G
19043,1,Mark-10,"Zagreb, Croatia",Quectel_EC21,219,Croatia,hr,0,2G
19118,1,Mark-10,"Zagreb, Croatia",Quectel_EC21,219,Croatia,hr,0,2G
19159,1,Mark-10,"Zagreb, Croatia",Quectel_EC21,219,Croatia,hr,0,2G
20115,1,Mark-10,"Zagreb, Croatia",Quectel_EC21,219,Croatia,hr,0,2G
20151,1,Mark-10,"Zagreb, Croatia",Quectel_EC21,219,Croatia,hr,0,2G
20187,1,Mark-10,"Zagreb, Croatia",Quectel_EC21,219,Croatia,hr,0,2G
20223,1,Mark-10,"Zagreb, Croatia",Quectel_EC21,219,Croatia,hr,0,2G
20259,1,Mark-10,"Zagreb, Croatia",Quectel_EC21,219,Croatia,hr,0,2G
20295,1,Mark-10,"Zagreb, Croatia",Quectel_EC21,219,Croatia,hr,0,2G
20331,1,Mark-10,"Zagreb, Croatia",Quectel_EC21,219,Croatia,hr,0,2G
20367,1,Mark-10,"Zagreb, Croatia",Quectel_EC21,219,Croatia,hr,0,2G
20403,1,Mark-10,"Zagreb, Croatia",Quectel_EC21,219,Croatia,hr,0,2G
20439,1,Mark-10,"Zagreb, Croatia",Quectel_EC21,219,Croatia,hr,0,2G
22990,1,Mark-10,"Zagreb, Croatia",Quectel_EC21,219,Croatia,hr,0,2G
23187,1,Mark-10,"Zagreb, Croatia",Quectel_EC21,219,Croatia,hr,0,2G
23246,1,Mark-10,"Zagreb, Croatia",Quectel_EC21,219,Croatia,hr,0,2G
23568,1,Mark-10,"Zagreb, Croatia",Quectel_EC21,219,Croatia,hr,0,2G
17417,1,Mark-10,"Zagreb, Croatia",Quectel_EC21,219,Croatia,hr,7,LTE CAT1
17567,1,Mark-10,"Zagreb, Croatia",Quectel_EC21,219,Croatia,hr,7,LTE CAT1
17762,1,Mark-10,"Zagreb, Croatia",Quectel_EC21,219,Croatia,hr,7,LTE CAT1
17841,1,Mark-10,"Zagreb, Croatia",Quectel_EC21,219,Croatia,hr,7,LTE CAT1
18589,1,Mark-10,"Zagreb, Croatia",Quectel_EC21,219,Croatia,hr,7,LTE CAT1
18590,1,Mark-10,"Zagreb, Croatia",Quectel_EC21,219,Croatia,hr,7,LTE CAT1
18615,1,Mark-10,"Zagreb, Croatia",Quectel_EC21,219,Croatia,hr,7,LTE CAT1
18825,1,Mark-10,"Zagreb, Croatia",Quectel_EC21,219,Croatia,hr,7,LTE CAT1
18886,1,Mark-10,"Zagreb, Croatia",Quectel_EC21,219,Croatia,hr,7,LTE CAT1
18900,1,Mark-10,"Zagreb, Croatia",Quectel_EC21,219,Croatia,hr,7,LTE CAT1
19119,1,Mark-10,"Zagreb, Croatia",Quectel_EC21,219,Croatia,hr,7,LTE CAT1
19160,1,Mark-10,"Zagreb, Croatia",Quectel_EC21,219,Croatia,hr,7,LTE CAT1
20124,1,Mark-10,"Zagreb, Croatia",Quectel_EC21,219,Croatia,hr,7,LTE CAT1
20160,1,Mark-10,"Zagreb, Croatia",Quectel_EC21,219,Croatia,hr,7,LTE CAT1
20196,1,Mark-10,"Zagreb, Croatia",Quectel_EC21,219,Croatia,hr,7,LTE CAT1
20232,1,Mark-10,"Zagreb, Croatia",Quectel_EC21,219,Croatia,hr,7,LTE CAT1
20268,1,Mark-10,"Zagreb, Croatia",Quectel_EC21,219,Croatia,hr,7,LTE CAT1
20304,1,Mark-10,"Zagreb, Croatia",Quectel_EC21,219,Croatia,hr,7,LTE CAT1
20376,1,Mark-10,"Zagreb, Croatia",Quectel_EC21,219,Croatia,hr,7,LTE CAT1
20412,1,Mark-10,"Zagreb, Croatia",Quectel_EC21,219,Croatia,hr,7,LTE CAT1
22303,1,Mark-10,"Zagreb, Croatia",Quectel_EC21,219,Croatia,hr,7,LTE CAT1
22304,1,Mark-10,"Zagreb, Croatia",Quectel_EC21,219,Croatia,hr,7,LTE CAT1
22816,1,Mark-10,"Zagreb, Croatia",Quectel_EC21,219,Croatia,hr,7,LTE CAT1
23001,1,Mark-10,"Zagreb, Croatia",Quectel_EC21,219,Croatia,hr,7,LTE CAT1
23198,1,Mark-10,"Zagreb, Croatia",Quectel_EC21,219,Croatia,hr,7,LTE CAT1
23257,1,Mark-10,"Zagreb, Croatia",Quectel_EC21,219,Croatia,hr,7,LTE CAT1
17440,1,Mark-10,"Zagreb, Croatia",Quectel_BG96,219,Croatia,hr,0,2G
17444,1,Mark-10,"Zagreb, Croatia",Quectel_EC21,219,Croatia,hr,0,2G
17547,1,Mark-10,"Zagreb, Croatia",Quectel_EC21,219,Croatia,hr,0,2G
17550,1,Mark-10,"Zagreb, Croatia",Quectel_BG96,219,Croatia,hr,0,2G
17557,1,Mark-10,"Zagreb, Croatia",Quectel_EC21,219,Croatia,hr,0,2G
17562,1,Mark-10,"Zagreb, Croatia",Quectel_BG96,219,Croatia,hr,0,2G
17766,1,Mark-10,"Zagreb, Croatia",Quectel_EC21,219,Croatia,hr,0,2G
17771,1,Mark-10,"Zagreb, Croatia",Quectel_BG96,219,Croatia,hr,0,2G
18810,1,Mark-10,"Zagreb, Croatia",Quectel_BG96,219,Croatia,hr,0,2G
18827,1,Mark-10,"Zagreb, Croatia",Quectel_EC21,219,Croatia,hr,0,2G
18831,1,Mark-10,"Zagreb, Croatia",Quectel_BG96,219,Croatia,hr,0,2G
18888,1,Mark-10,"Zagreb, Croatia",Quectel_EC21,219,Croatia,hr,0,2G
18892,1,Mark-10,"Zagreb, Croatia",Quectel_BG96,219,Croatia,hr,0,2G
18902,1,Mark-10,"Zagreb, Croatia",Quectel_EC21,219,Croatia,hr,0,2G
18906,1,Mark-10,"Zagreb, Croatia",Quectel_BG96,219,Croatia,hr,0,2G
19036,1,Mark-10,"Zagreb, Croatia",Quectel_BG96,219,Croatia,hr,0,2G
19040,1,Mark-10,"Zagreb, Croatia",Quectel_EC21,219,Croatia,hr,0,2G
19114,1,Mark-10,"Zagreb, Croatia",Quectel_BG96,219,Croatia,hr,0,2G
19121,1,Mark-10,"Zagreb, Croatia",Quectel_EC21,219,Croatia,hr,0,2G
19155,1,Mark-10,"Zagreb, Croatia",Quectel_BG96,219,Croatia,hr,0,2G
19162,1,Mark-10,"Zagreb, Croatia",Quectel_EC21,219,Croatia,hr,0,2G
20117,1,Mark-10,"Zagreb, Croatia",Quectel_EC21,219,Croatia,hr,0,2G
20153,1,Mark-10,"Zagreb, Croatia",Quectel_EC21,219,Croatia,hr,0,2G
20189,1,Mark-10,"Zagreb, Croatia",Quectel_EC21,219,Croatia,hr,0,2G
20225,1,Mark-10,"Zagreb, Croatia",Quectel_EC21,219,Croatia,hr,0,2G
20261,1,Mark-10,"Zagreb, Croatia",Quectel_EC21,219,Croatia,hr,0,2G
20297,1,Mark-10,"Zagreb, Croatia",Quectel_EC21,219,Croatia,hr,0,2G
20333,1,Mark-10,"Zagreb, Croatia",Quectel_EC21,219,Croatia,hr,0,2G
20369,1,Mark-10,"Zagreb, Croatia",Quectel_EC21,219,Croatia,hr,0,2G
20405,1,Mark-10,"Zagreb, Croatia",Quectel_EC21,219,Croatia,hr,0,2G
20441,1,Mark-10,"Zagreb, Croatia",Quectel_EC21,219,Croatia,hr,0,2G
20504,1,Mark-10,"Zagreb, Croatia",Quectel_BG96,219,Croatia,hr,0,2G
20536,1,Mark-10,"Zagreb, Croatia",Quectel_BG96,219,Croatia,hr,0,2G
20573,1,Mark-10,"Zagreb, Croatia",Quectel_BG96,219,Croatia,hr,0,2G
20753,1,Mark-10,"Zagreb, Croatia",Quectel_BG96,219,Croatia,hr,0,2G
20780,1,Mark-10,"Zagreb, Croatia",Quectel_BG96,219,Croatia,hr,0,2G
20807,1,Mark-10,"Zagreb, Croatia",Quectel_BG96,219,Croatia,hr,0,2G
20834,1,Mark-10,"Zagreb, Croatia",Quectel_BG96,219,Croatia,hr,0,2G
20861,1,Mark-10,"Zagreb, Croatia",Quectel_BG96,219,Croatia,hr,0,2G
20888,1,Mark-10,"Zagreb, Croatia",Quectel_BG96,219,Croatia,hr,0,2G
20915,1,Mark-10,"Zagreb, Croatia",Quectel_BG96,219,Croatia,hr,0,2G
20942,1,Mark-10,"Zagreb, Croatia",Quectel_BG96,219,Croatia,hr,0,2G
20969,1,Mark-10,"Zagreb, Croatia",Quectel_BG96,219,Croatia,hr,0,2G
20996,1,Mark-10,"Zagreb, Croatia",Quectel_BG96,219,Croatia,hr,0,2G
22992,1,Mark-10,"Zagreb, Croatia",Quectel_EC21,219,Croatia,hr,0,2G
23014,1,Mark-10,"Zagreb, Croatia",Quectel_BG96,219,Croatia,hr,0,2G
23189,1,Mark-10,"Zagreb, Croatia",Quectel_EC21,219,Croatia,hr,0,2G
23211,1,Mark-10,"Zagreb, Croatia",Quectel_BG96,219,Croatia,hr,0,2G
23248,1,Mark-10,"Zagreb, Croatia",Quectel_EC21,219,Croatia,hr,0,2G
23270,1,Mark-10,"Zagreb, Croatia",Quectel_BG96,219,Croatia,hr,0,2G
23570,1,Mark-10,"Zagreb, Croatia",Quectel_EC21,219,Croatia,hr,0,2G
23592,1,Mark-10,"Zagreb, Croatia",Quectel_BG96,219,Croatia,hr,0,2G
17441,1,Mark-10,"Zagreb, Croatia",Quectel_EC21,219,Croatia,hr,2,3G
17559,1,Mark-10,"Zagreb, Croatia",Quectel_EC21,219,Croatia,hr,2,3G
17769,1,Mark-10,"Zagreb, Croatia",Quectel_EC21,219,Croatia,hr,2,3G
18809,1,Mark-10,"Zagreb, Croatia",Quectel_EC21,219,Croatia,hr,2,3G
18826,1,Mark-10,"Zagreb, Croatia",Quectel_EC21,219,Croatia,hr,2,3G
18887,1,Mark-10,"Zagreb, Croatia",Quectel_EC21,219,Croatia,hr,2,3G
18901,1,Mark-10,"Zagreb, Croatia",Quectel_EC21,219,Croatia,hr,2,3G
19041,1,Mark-10,"Zagreb, Croatia",Quectel_EC21,219,Croatia,hr,2,3G
19120,1,Mark-10,"Zagreb, Croatia",Quectel_EC21,219,Croatia,hr,2,3G
19161,1,Mark-10,"Zagreb, Croatia",Quectel_EC21,219,Croatia,hr,2,3G
19640,1,Mark-10,"Zagreb, Croatia",Quectel_EC21,219,Croatia,hr,2,3G
19731,1,Mark-10,"Zagreb, Croatia",Quectel_EC21,219,Croatia,hr,2,3G
19733,1,Mark-10,"Zagreb, Croatia",Quectel_EC21,219,Croatia,hr,2,3G
19735,1,Mark-10,"Zagreb, Croatia",Quectel_EC21,219,Croatia,hr,2,3G
19737,1,Mark-10,"Zagreb, Croatia",Quectel_EC21,219,Croatia,hr,2,3G
19738,1,Mark-10,"Zagreb, Croatia",Quectel_EC21,219,Croatia,hr,2,3G
19741,1,Mark-10,"Zagreb, Croatia",Quectel_EC21,219,Croatia,hr,2,3G
20132,1,Mark-10,"Zagreb, Croatia",Quectel_EC21,219,Croatia,hr,2,3G
20168,1,Mark-10,"Zagreb, Croatia",Quectel_EC21,219,Croatia,hr,2,3G
20204,1,Mark-10,"Zagreb, Croatia",Quectel_EC21,219,Croatia,hr,2,3G
20276,1,Mark-10,"Zagreb, Croatia",Quectel_EC21,219,Croatia,hr,2,3G
20312,1,Mark-10,"Zagreb, Croatia",Quectel_EC21,219,Croatia,hr,2,3G
20348,1,Mark-10,"Zagreb, Croatia",Quectel_EC21,219,Croatia,hr,2,3G
20384,1,Mark-10,"Zagreb, Croatia",Quectel_EC21,219,Croatia,hr,2,3G
20420,1,Mark-10,"Zagreb, Croatia",Quectel_EC21,219,Croatia,hr,2,3G
20456,1,Mark-10,"Zagreb, Croatia",Quectel_EC21,219,Croatia,hr,2,3G
22291,1,Mark-10,"Zagreb, Croatia",Quectel_EC21,219,Croatia,hr,2,3G
22293,1,Mark-10,"Zagreb, Croatia",Quectel_EC21,219,Croatia,hr,2,3G
22294,1,Mark-10,"Zagreb, Croatia",Quectel_EC21,219,Croatia,hr,2,3G
22295,1,Mark-10,"Zagreb, Croatia",Quectel_EC21,219,Croatia,hr,2,3G
22296,1,Mark-10,"Zagreb, Croatia",Quectel_EC21,219,Croatia,hr,2,3G
22818,1,Mark-10,"Zagreb, Croatia",Quectel_EC21,219,Croatia,hr,2,3G
23018,1,Mark-10,"Zagreb, Croatia",Quectel_EC21,219,Croatia,hr,2,3G
23108,1,Mark-10,"Zagreb, Croatia",Quectel_EC21,219,Croatia,hr,2,3G
23110,1,Mark-10,"Zagreb, Croatia",Quectel_EC21,219,Croatia,hr,2,3G
23111,1,Mark-10,"Zagreb, Croatia",Quectel_EC21,219,Croatia,hr,2,3G
23112,1,Mark-10,"Zagreb, Croatia",Quectel_EC21,219,Croatia,hr,2,3G
23113,1,Mark-10,"Zagreb, Croatia",Quectel_EC21,219,Croatia,hr,2,3G
23114,1,Mark-10,"Zagreb, Croatia",Quectel_EC21,219,Croatia,hr,2,3G
23115,1,Mark-10,"Zagreb, Croatia",Quectel_EC21,219,Croatia,hr,2,3G
23116,1,Mark-10,"Zagreb, Croatia",Quectel_EC21,219,Croatia,hr,2,3G
23117,1,Mark-10,"Zagreb, Croatia",Quectel_EC21,219,Croatia,hr,2,3G
23149,1,Mark-10,"Zagreb, Croatia",Quectel_EC21,219,Croatia,hr,2,3G
23150,1,Mark-10,"Zagreb, Croatia",Quectel_EC21,219,Croatia,hr,2,3G
23215,1,Mark-10,"Zagreb, Croatia",Quectel_EC21,219,Croatia,hr,2,3G
17438,1,Mark-10,"Zagreb, Croatia",Quectel_EC21,219,Croatia,hr,7,LTE CAT1
17554,1,Mark-10,"Zagreb, Croatia",Quectel_EC21,219,Croatia,hr,7,LTE CAT1
17763,1,Mark-10,"Zagreb, Croatia",Quectel_EC21,219,Croatia,hr,7,LTE CAT1
18828,1,Mark-10,"Zagreb, Croatia",Quectel_EC21,219,Croatia,hr,7,LTE CAT1
18889,1,Mark-10,"Zagreb, Croatia",Quectel_EC21,219,Croatia,hr,7,LTE CAT1
18903,1,Mark-10,"Zagreb, Croatia",Quectel_EC21,219,Croatia,hr,7,LTE CAT1
19039,1,Mark-10,"Zagreb, Croatia",Quectel_EC21,219,Croatia,hr,7,LTE CAT1
19122,1,Mark-10,"Zagreb, Croatia",Quectel_EC21,219,Croatia,hr,7,LTE CAT1
19163,1,Mark-10,"Zagreb, Croatia",Quectel_EC21,219,Croatia,hr,7,LTE CAT1
20173,1,Mark-10,"Zagreb, Croatia",Quectel_EC21,219,Croatia,hr,7,LTE CAT1
20209,1,Mark-10,"Zagreb, Croatia",Quectel_EC21,219,Croatia,hr,7,LTE CAT1
20281,1,Mark-10,"Zagreb, Croatia",Quectel_EC21,219,Croatia,hr,7,LTE CAT1
20317,1,Mark-10,"Zagreb, Croatia",Quectel_EC21,219,Croatia,hr,7,LTE CAT1
20353,1,Mark-10,"Zagreb, Croatia",Quectel_EC21,219,Croatia,hr,7,LTE CAT1
20389,1,Mark-10,"Zagreb, Croatia",Quectel_EC21,219,Croatia,hr,7,LTE CAT1
22964,1,Mark-10,"Zagreb, Croatia",Quectel_EC21,219,Croatia,hr,7,LTE CAT1
23161,1,Mark-10,"Zagreb, Croatia",Quectel_EC21,219,Croatia,hr,7,LTE CAT1
23220,1,Mark-10,"Zagreb, Croatia",Quectel_EC21,219,Croatia,hr,7,LTE CAT1
23542,1,Mark-10,"Zagreb, Croatia",Quectel_EC21,219,Croatia,hr,7,LTE CAT1
10048,1,Mark-7,"Trondheim, Norway",Quectel_EC21,262,Germany,de,0,2G
10049,1,Mark-7,"Trondheim, Norway",Quectel_EC21,262,Germany,de,0,2G
10054,1,Mark-7,"Trondheim, Norway",Quectel_EC21,262,Germany,de,0,2G
10055,1,Mark-7,"Trondheim, Norway",Quectel_EC21,262,Germany,de,0,2G
10057,1,Mark-7,"Trondheim, Norway",Quectel_EC21,262,Germany,de,0,2G
10058,1,Mark-7,"Trondheim, Norway",Quectel_EC21,262,Germany,de,0,2G
10059,1,Mark-7,"Trondheim, Norway",Quectel_EC21,262,Germany,de,0,2G
10060,1,Mark-7,"Trondheim, Norway",Quectel_EC21,262,Germany,de,0,2G
10071,1,Mark-7,"Trondheim, Norway",Quectel_EC21,262,Germany,de,0,2G
10072,1,Mark-7,"Trondheim, Norway",Quectel_EC21,262,Germany,de,0,2G
10073,1,Mark-7,"Trondheim, Norway",Quectel_EC21,262,Germany,de,0,2G
10076,1,Mark-7,"Trondheim, Norway",Quectel_EC21,262,Germany,de,0,2G
10077,1,Mark-7,"Trondheim, Norway",Quectel_EC21,262,Germany,de,0,2G
10080,1,Mark-7,"Trondheim, Norway",Quectel_EC21,262,Germany,de,0,2G
10082,1,Mark-7,"Trondheim, Norway",Quectel_EC21,262,Germany,de,0,2G
10085,1,Mark-7,"Trondheim, Norway",Quectel_EC21,262,Germany,de,0,2G
10087,1,Mark-7,"Trondheim, Norway",Quectel_EC21,262,Germany,de,0,2G
10091,1,Mark-7,"Trondheim, Norway",Quectel_EC21,262,Germany,de,0,2G
10098,1,Mark-7,"Trondheim, Norway",Quectel_EC21,262,Germany,de,0,2G
10100,1,Mark-7,"Trondheim, Norway",Quectel_EC21,262,Germany,de,0,2G
10102,1,Mark-7,"Trondheim, Norway",Quectel_EC21,262,Germany,de,0,2G
10103,1,Mark-7,"Trondheim, Norway",Quectel_EC21,262,Germany,de,0,2G
10104,1,Mark-7,"Trondheim, Norway",Quectel_EC21,262,Germany,de,0,2G
10106,1,Mark-7,"Trondheim, Norway",Quectel_EC21,262,Germany,de,0,2G
10107,1,Mark-7,"Trondheim, Norway",Quectel_EC21,262,Germany,de,0,2G
10108,1,Mark-7,"Trondheim, Norway",Quectel_EC21,262,Germany,de,0,2G
10115,1,Mark-7,"Trondheim, Norway",Quectel_EC21,262,Germany,de,0,2G
10117,1,Mark-7,"Trondheim, Norway",Quectel_EC21,262,Germany,de,0,2G
10130,1,Mark-7,"Trondheim, Norway",Quectel_EC21,262,Germany,de,0,2G
10142,1,Mark-7,"Trondheim, Norway",Quectel_EC21,262,Germany,de,0,2G
10458,1,Mark-5,"Würzburg, Germany",Quectel_EC21,262,Germany,de,0,2G
10465,1,Mark-5,"Würzburg, Germany",Quectel_EC21,262,Germany,de,0,2G
10466,1,Mark-5,"Würzburg, Germany",Quectel_EC21,262,Germany,de,0,2G
10468,1,Mark-5,"Würzburg, Germany",Quectel_EC21,262,Germany,de,0,2G
10470,1,Mark-5,"Würzburg, Germany",Quectel_EC21,262,Germany,de,0,2G
10481,1,Mark-5,"Würzburg, Germany",Quectel_EC21,262,Germany,de,0,2G
10482,1,Mark-5,"Würzburg, Germany",Quectel_EC21,262,Germany,de,0,2G
10487,1,Mark-5,"Würzburg, Germany",Quectel_EC21,262,Germany,de,0,2G
10488,1,Mark-5,"Würzburg, Germany",Quectel_EC21,262,Germany,de,0,2G
10489,1,Mark-5,"Würzburg, Germany",Quectel_EC21,262,Germany,de,0,2G
10490,1,Mark-5,"Würzburg, Germany",Quectel_EC21,262,Germany,de,0,2G
10498,1,Mark-5,"Würzburg, Germany",Quectel_EC21,262,Germany,de,0,2G
10500,1,Mark-5,"Würzburg, Germany",Quectel_EC21,262,Germany,de,0,2G
10502,1,Mark-5,"Würzburg, Germany",Quectel_EC21,262,Germany,de,0,2G
10504,1,Mark-5,"Würzburg, Germany",Quectel_EC21,262,Germany,de,0,2G
10521,1,Mark-5,"Würzburg, Germany",Quectel_EC21,262,Germany,de,0,2G
10522,1,Mark-5,"Würzburg, Germany",Quectel_EC21,262,Germany,de,0,2G
10523,1,Mark-5,"Würzburg, Germany",Quectel_EC21,262,Germany,de,0,2G
10526,1,Mark-5,"Würzburg, Germany",Quectel_EC21,262,Germany,de,0,2G
10530,1,Mark-5,"Würzburg, Germany",Quectel_EC21,262,Germany,de,0,2G
10533,1,Mark-5,"Würzburg, Germany",Quectel_EC21,262,Germany,de,0,2G
10535,1,Mark-5,"Würzburg, Germany",Quectel_EC21,262,Germany,de,0,2G
10539,1,Mark-5,"Würzburg, Germany",Quectel_EC21,262,Germany,de,0,2G
10540,1,Mark-5,"Würzburg, Germany",Quectel_EC21,262,Germany,de,0,2G
10559,1,Mark-5,"Würzburg, Germany",Quectel_EC21,262,Germany,de,0,2G
10560,1,Mark-5,"Würzburg, Germany",Quectel_EC21,262,Germany,de,0,2G
10561,1,Mark-5,"Würzburg, Germany",Quectel_EC21,262,Germany,de,0,2G
10562,1,Mark-5,"Würzburg, Germany",Quectel_EC21,262,Germany,de,0,2G
10563,1,Mark-5,"Würzburg, Germany",Quectel_EC21,262,Germany,de,0,2G
10564,1,Mark-5,"Würzburg, Germany",Quectel_EC21,262,Germany,de,0,2G
10565,1,Mark-5,"Würzburg, Germany",Quectel_EC21,262,Germany,de,0,2G
10566,1,Mark-5,"Würzburg, Germany",Quectel_EC21,262,Germany,de,0,2G
10567,1,Mark-5,"Würzburg, Germany",Quectel_EC21,262,Germany,de,0,2G
10568,1,Mark-5,"Würzburg, Germany",Quectel_EC21,262,Germany,de,0,2G
10569,1,Mark-5,"Würzburg, Germany",Quectel_EC21,262,Germany,de,0,2G
10570,1,Mark-5,"Würzburg, Germany",Quectel_EC21,262,Germany,de,0,2G
10571,1,Mark-5,"Würzburg, Germany",Quectel_EC21,262,Germany,de,0,2G
10572,1,Mark-5,"Würzburg, Germany",Quectel_EC21,262,Germany,de,0,2G
10573,1,Mark-5,"Würzburg, Germany",Quectel_EC21,262,Germany,de,0,2G
10574,1,Mark-5,"Würzburg, Germany",Quectel_EC21,262,Germany,de,0,2G
10575,1,Mark-5,"Würzburg, Germany",Quectel_EC21,262,Germany,de,0,2G
10576,1,Mark-5,"Würzburg, Germany",Quectel_EC21,262,Germany,de,0,2G
10577,1,Mark-5,"Würzburg, Germany",Quectel_EC21,262,Germany,de,0,2G
10578,1,Mark-5,"Würzburg, Germany",Quectel_EC21,262,Germany,de,0,2G
10579,1,Mark-5,"Würzburg, Germany",Quectel_EC21,262,Germany,de,0,2G
10580,1,Mark-5,"Würzburg, Germany",Quectel_EC21,262,Germany,de,0,2G
10581,1,Mark-5,"Würzburg, Germany",Quectel_EC21,262,Germany,de,0,2G
10582,1,Mark-5,"Würzburg, Germany",Quectel_EC21,262,Germany,de,0,2G
10583,1,Mark-5,"Würzburg, Germany",Quectel_EC21,262,Germany,de,0,2G
10584,1,Mark-5,"Würzburg, Germany",Quectel_EC21,262,Germany,de,0,2G
10585,1,Mark-5,"Würzburg, Germany",Quectel_EC21,262,Germany,de,0,2G
10586,1,Mark-5,"Würzburg, Germany",Quectel_EC21,262,Germany,de,0,2G
10587,1,Mark-5,"Würzburg, Germany",Quectel_EC21,262,Germany,de,0,2G
10588,1,Mark-5,"Würzburg, Germany",Quectel_EC21,262,Germany,de,0,2G
10589,1,Mark-5,"Würzburg, Germany",Quectel_EC21,262,Germany,de,0,2G
10590,1,Mark-5,"Würzburg, Germany",Quectel_EC21,262,Germany,de,0,2G
10591,1,Mark-5,"Würzburg, Germany",Quectel_EC21,262,Germany,de,0,2G
10592,1,Mark-5,"Würzburg, Germany",Quectel_EC21,262,Germany,de,0,2G
10593,1,Mark-5,"Würzburg, Germany",Quectel_EC21,262,Germany,de,0,2G
10594,1,Mark-5,"Würzburg, Germany",Quectel_EC21,262,Germany,de,0,2G
10595,1,Mark-5,"Würzburg, Germany",Quectel_EC21,262,Germany,de,0,2G
10596,1,Mark-5,"Würzburg, Germany",Quectel_EC21,262,Germany,de,0,2G
10597,1,Mark-5,"Würzburg, Germany",Quectel_EC21,262,Germany,de,0,2G
10598,1,Mark-5,"Würzburg, Germany",Quectel_EC21,262,Germany,de,0,2G
10599,1,Mark-5,"Würzburg, Germany",Quectel_EC21,262,Germany,de,0,2G
10600,1,Mark-5,"Würzburg, Germany",Quectel_EC21,262,Germany,de,0,2G
10601,1,Mark-5,"Würzburg, Germany",Quectel_EC21,262,Germany,de,0,2G
10602,1,Mark-5,"Würzburg, Germany",Quectel_EC21,262,Germany,de,0,2G
10603,1,Mark-5,"Würzburg, Germany",Quectel_EC21,262,Germany,de,0,2G
10604,1,Mark-5,"Würzburg, Germany",Quectel_EC21,262,Germany,de,0,2G
10605,1,Mark-5,"Würzburg, Germany",Quectel_EC21,262,Germany,de,0,2G
10606,1,Mark-5,"Würzburg, Germany",Quectel_EC21,262,Germany,de,0,2G
10607,1,Mark-5,"Würzburg, Germany",Quectel_EC21,262,Germany,de,0,2G
10608,1,Mark-5,"Würzburg, Germany",Quectel_EC21,262,Germany,de,0,2G
10609,1,Mark-5,"Würzburg, Germany",Quectel_EC21,262,Germany,de,0,2G
10610,1,Mark-5,"Würzburg, Germany",Quectel_EC21,262,Germany,de,0,2G
10611,1,Mark-5,"Würzburg, Germany",Quectel_EC21,262,Germany,de,0,2G
10612,1,Mark-5,"Würzburg, Germany",Quectel_EC21,262,Germany,de,0,2G
10613,1,Mark-5,"Würzburg, Germany",Quectel_EC21,262,Germany,de,0,2G
10614,1,Mark-5,"Würzburg, Germany",Quectel_EC21,262,Germany,de,0,2G
10615,1,Mark-5,"Würzburg, Germany",Quectel_EC21,262,Germany,de,0,2G
10616,1,Mark-5,"Würzburg, Germany",Quectel_EC21,262,Germany,de,0,2G
10617,1,Mark-5,"Würzburg, Germany",Quectel_EC21,262,Germany,de,0,2G
10618,1,Mark-5,"Würzburg, Germany",Quectel_EC21,262,Germany,de,0,2G
10619,1,Mark-5,"Würzburg, Germany",Quectel_EC21,262,Germany,de,0,2G
10620,1,Mark-5,"Würzburg, Germany",Quectel_EC21,262,Germany,de,0,2G
10621,1,Mark-5,"Würzburg, Germany",Quectel_EC21,262,Germany,de,0,2G
10622,1,Mark-5,"Würzburg, Germany",Quectel_EC21,262,Germany,de,0,2G
10623,1,Mark-5,"Würzburg, Germany",Quectel_EC21,262,Germany,de,0,2G
10624,1,Mark-5,"Würzburg, Germany",Quectel_EC21,262,Germany,de,0,2G
10625,1,Mark-5,"Würzburg, Germany",Quectel_EC21,262,Germany,de,0,2G
10626,1,Mark-5,"Würzburg, Germany",Quectel_EC21,262,Germany,de,0,2G
10627,1,Mark-5,"Würzburg, Germany",Quectel_EC21,262,Germany,de,0,2G
10628,1,Mark-5,"Würzburg, Germany",Quectel_EC21,262,Germany,de,0,2G
10629,1,Mark-5,"Würzburg, Germany",Quectel_EC21,262,Germany,de,0,2G
10630,1,Mark-5,"Würzburg, Germany",Quectel_EC21,262,Germany,de,0,2G
10631,1,Mark-5,"Würzburg, Germany",Quectel_EC21,262,Germany,de,0,2G
10632,1,Mark-5,"Würzburg, Germany",Quectel_EC21,262,Germany,de,0,2G
10633,1,Mark-5,"Würzburg, Germany",Quectel_EC21,262,Germany,de,0,2G
10634,1,Mark-5,"Würzburg, Germany",Quectel_EC21,262,Germany,de,0,2G
10635,1,Mark-5,"Würzburg, Germany",Quectel_EC21,262,Germany,de,0,2G
10636,1,Mark-5,"Würzburg, Germany",Quectel_EC21,262,Germany,de,0,2G
10637,1,Mark-5,"Würzburg, Germany",Quectel_EC21,262,Germany,de,0,2G
10638,1,Mark-5,"Würzburg, Germany",Quectel_EC21,262,Germany,de,0,2G
10639,1,Mark-5,"Würzburg, Germany",Quectel_EC21,262,Germany,de,0,2G
10640,1,Mark-5,"Würzburg, Germany",Quectel_EC21,262,Germany,de,0,2G
10641,1,Mark-5,"Würzburg, Germany",Quectel_EC21,262,Germany,de,0,2G
10642,1,Mark-5,"Würzburg, Germany",Quectel_EC21,262,Germany,de,0,2G
10643,1,Mark-5,"Würzburg, Germany",Quectel_EC21,262,Germany,de,0,2G
10644,1,Mark-5,"Würzburg, Germany",Quectel_EC21,262,Germany,de,0,2G
10645,1,Mark-5,"Würzburg, Germany",Quectel_EC21,262,Germany,de,0,2G
10646,1,Mark-5,"Würzburg, Germany",Quectel_BG96,262,Germany,de,0,2G
10657,1,Mark-5,"Würzburg, Germany",Quectel_BG96,262,Germany,de,0,2G
10659,1,Mark-5,"Würzburg, Germany",Quectel_BG96,262,Germany,de,0,2G
10665,1,Mark-5,"Würzburg, Germany",Quectel_BG96,262,Germany,de,0,2G
10674,1,Mark-5,"Würzburg, Germany",Quectel_BG96,262,Germany,de,0,2G
10678,1,Mark-5,"Würzburg, Germany",Quectel_BG96,262,Germany,de,0,2G
10683,1,Mark-5,"Würzburg, Germany",Quectel_BG96,262,Germany,de,0,2G
10684,1,Mark-5,"Würzburg, Germany",Quectel_BG96,262,Germany,de,0,2G
10686,1,Mark-5,"Würzburg, Germany",Quectel_BG96,262,Germany,de,0,2G
10687,1,Mark-5,"Würzburg, Germany",Quectel_BG96,262,Germany,de,0,2G
10850,1,Mark-2,"Würzburg, Germany",Quectel_EC21,262,Germany,de,0,2G
10853,1,Mark-2,"Würzburg, Germany",Quectel_EC21,262,Germany,de,0,2G
10856,1,Mark-2,"Würzburg, Germany",Quectel_EC21,262,Germany,de,0,2G
10857,1,Mark-2,"Würzburg, Germany",Quectel_EC21,262,Germany,de,0,2G
10858,1,Mark-2,"Würzburg, Germany",Quectel_EC21,262,Germany,de,0,2G
10859,1,Mark-2,"Würzburg, Germany",Quectel_EC21,262,Germany,de,0,2G
10865,1,Mark-2,"Würzburg, Germany",Quectel_EC21,262,Germany,de,0,2G
10870,1,Mark-2,"Würzburg, Germany",Quectel_EC21,262,Germany,de,0,2G
10891,1,Mark-2,"Würzburg, Germany",Quectel_EC21,262,Germany,de,0,2G
10892,1,Mark-2,"Würzburg, Germany",Quectel_EC21,262,Germany,de,0,2G
10895,1,Mark-2,"Würzburg, Germany",Quectel_EC21,262,Germany,de,0,2G
10897,1,Mark-2,"Würzburg, Germany",Quectel_EC21,262,Germany,de,0,2G
10907,1,Mark-2,"Würzburg, Germany",Quectel_EC21,262,Germany,de,0,2G
10908,1,Mark-2,"Würzburg, Germany",Quectel_EC21,262,Germany,de,0,2G
10920,1,Mark-2,"Würzburg, Germany",Quectel_EC21,262,Germany,de,0,2G
10923,1,Mark-2,"Würzburg, Germany",Quectel_EC21,262,Germany,de,0,2G
10924,1,Mark-2,"Würzburg, Germany",Quectel_EC21,262,Germany,de,0,2G
10926,1,Mark-2,"Würzburg, Germany",Quectel_EC21,262,Germany,de,0,2G
10928,1,Mark-2,"Würzburg, Germany",Quectel_EC21,262,Germany,de,0,2G
10930,1,Mark-2,"Würzburg, Germany",Quectel_EC21,262,Germany,de,0,2G
10934,1,Mark-2,"Würzburg, Germany",Quectel_EC21,262,Germany,de,0,2G
10945,1,Mark-2,"Würzburg, Germany",Quectel_EC21,262,Germany,de,0,2G
10946,1,Mark-2,"Würzburg, Germany",Quectel_EC21,262,Germany,de,0,2G
10947,1,Mark-2,"Würzburg, Germany",Quectel_EC21,262,Germany,de,0,2G
10948,1,Mark-2,"Würzburg, Germany",Quectel_EC21,262,Germany,de,0,2G
10949,1,Mark-2,"Würzburg, Germany",Quectel_EC21,262,Germany,de,0,2G
10950,1,Mark-2,"Würzburg, Germany",Quectel_EC21,262,Germany,de,0,2G
10951,1,Mark-2,"Würzburg, Germany",Quectel_EC21,262,Germany,de,0,2G
10952,1,Mark-2,"Würzburg, Germany",Quectel_EC21,262,Germany,de,0,2G
10953,1,Mark-2,"Würzburg, Germany",Quectel_EC21,262,Germany,de,0,2G
10954,1,Mark-2,"Würzburg, Germany",Quectel_EC21,262,Germany,de,0,2G
10955,1,Mark-2,"Würzburg, Germany",Quectel_EC21,262,Germany,de,0,2G
10956,1,Mark-2,"Würzburg, Germany",Quectel_EC21,262,Germany,de,0,2G
10957,1,Mark-2,"Würzburg, Germany",Quectel_EC21,262,Germany,de,0,2G
10958,1,Mark-2,"Würzburg, Germany",Quectel_EC21,262,Germany,de,0,2G
10959,1,Mark-2,"Würzburg, Germany",Quectel_EC21,262,Germany,de,0,2G
10960,1,Mark-2,"Würzburg, Germany",Quectel_EC21,262,Germany,de,0,2G
10961,1,Mark-2,"Würzburg, Germany",Quectel_EC21,262,Germany,de,0,2G
10962,1,Mark-2,"Würzburg, Germany",Quectel_EC21,262,Germany,de,0,2G
10963,1,Mark-2,"Würzburg, Germany",Quectel_EC21,262,Germany,de,0,2G
10964,1,Mark-2,"Würzburg, Germany",Quectel_EC21,262,Germany,de,0,2G
10965,1,Mark-2,"Würzburg, Germany",Quectel_EC21,262,Germany,de,0,2G
10966,1,Mark-2,"Würzburg, Germany",Quectel_EC21,262,Germany,de,0,2G
10967,1,Mark-2,"Würzburg, Germany",Quectel_EC21,262,Germany,de,0,2G
10968,1,Mark-2,"Würzburg, Germany",Quectel_EC21,262,Germany,de,0,2G
10969,1,Mark-2,"Würzburg, Germany",Quectel_EC21,262,Germany,de,0,2G
10970,1,Mark-2,"Würzburg, Germany",Quectel_EC21,262,Germany,de,0,2G
10971,1,Mark-2,"Würzburg, Germany",Quectel_EC21,262,Germany,de,0,2G
10972,1,Mark-2,"Würzburg, Germany",Quectel_EC21,262,Germany,de,0,2G
10973,1,Mark-2,"Würzburg, Germany",Quectel_EC21,262,Germany,de,0,2G
10974,1,Mark-2,"Würzburg, Germany",Quectel_EC21,262,Germany,de,0,2G
10975,1,Mark-2,"Würzburg, Germany",Quectel_EC21,262,Germany,de,0,2G
10976,1,Mark-2,"Würzburg, Germany",Quectel_EC21,262,Germany,de,0,2G
10977,1,Mark-2,"Würzburg, Germany",Quectel_EC21,262,Germany,de,0,2G
10978,1,Mark-2,"Würzburg, Germany",Quectel_EC21,262,Germany,de,0,2G
10979,1,Mark-2,"Würzburg, Germany",Quectel_EC21,262,Germany,de,0,2G
10980,1,Mark-2,"Würzburg, Germany",Quectel_EC21,262,Germany,de,0,2G
10981,1,Mark-2,"Würzburg, Germany",Quectel_EC21,262,Germany,de,0,2G
10982,1,Mark-2,"Würzburg, Germany",Quectel_EC21,262,Germany,de,0,2G
10983,1,Mark-2,"Würzburg, Germany",Quectel_EC21,262,Germany,de,0,2G
10984,1,Mark-2,"Würzburg, Germany",Quectel_EC21,262,Germany,de,0,2G
10985,1,Mark-2,"Würzburg, Germany",Quectel_EC21,262,Germany,de,0,2G
10986,1,Mark-2,"Würzburg, Germany",Quectel_EC21,262,Germany,de,0,2G
10987,1,Mark-2,"Würzburg, Germany",Quectel_EC21,262,Germany,de,0,2G
10988,1,Mark-2,"Würzburg, Germany",Quectel_EC21,262,Germany,de,0,2G
10989,1,Mark-2,"Würzburg, Germany",Quectel_EC21,262,Germany,de,0,2G
10990,1,Mark-2,"Würzburg, Germany",Quectel_EC21,262,Germany,de,0,2G
10991,1,Mark-2,"Würzburg, Germany",Quectel_EC21,262,Germany,de,0,2G
10992,1,Mark-2,"Würzburg, Germany",Quectel_EC21,262,Germany,de,0,2G
10993,1,Mark-2,"Würzburg, Germany",Quectel_EC21,262,Germany,de,0,2G
10994,1,Mark-2,"Würzburg, Germany",Quectel_EC21,262,Germany,de,0,2G
10995,1,Mark-2,"Würzburg, Germany",Quectel_EC21,262,Germany,de,0,2G
10996,1,Mark-2,"Würzburg, Germany",Quectel_EC21,262,Germany,de,0,2G
10997,1,Mark-2,"Würzburg, Germany",Quectel_EC21,262,Germany,de,0,2G
10998,1,Mark-2,"Würzburg, Germany",Quectel_EC21,262,Germany,de,0,2G
10999,1,Mark-2,"Würzburg, Germany",Quectel_EC21,262,Germany,de,0,2G
11000,1,Mark-2,"Würzburg, Germany",Quectel_EC21,262,Germany,de,0,2G
11001,1,Mark-2,"Würzburg, Germany",Quectel_EC21,262,Germany,de,0,2G
11002,1,Mark-2,"Würzburg, Germany",Quectel_EC21,262,Germany,de,0,2G
11003,1,Mark-2,"Würzburg, Germany",Quectel_EC21,262,Germany,de,0,2G
11004,1,Mark-2,"Würzburg, Germany",Quectel_EC21,262,Germany,de,0,2G
11005,1,Mark-2,"Würzburg, Germany",Quectel_EC21,262,Germany,de,0,2G
11006,1,Mark-2,"Würzburg, Germany",Quectel_EC21,262,Germany,de,0,2G
11007,1,Mark-2,"Würzburg, Germany",Quectel_EC21,262,Germany,de,0,2G
11008,1,Mark-2,"Würzburg, Germany",Quectel_EC21,262,Germany,de,0,2G
11009,1,Mark-2,"Würzburg, Germany",Quectel_EC21,262,Germany,de,0,2G
11010,1,Mark-2,"Würzburg, Germany",Quectel_EC21,262,Germany,de,0,2G
11011,1,Mark-2,"Würzburg, Germany",Quectel_EC21,262,Germany,de,0,2G
11012,1,Mark-2,"Würzburg, Germany",Quectel_EC21,262,Germany,de,0,2G
11013,1,Mark-2,"Würzburg, Germany",Quectel_EC21,262,Germany,de,0,2G
11014,1,Mark-2,"Würzburg, Germany",Quectel_EC21,262,Germany,de,0,2G
11015,1,Mark-2,"Würzburg, Germany",Quectel_EC21,262,Germany,de,0,2G
11016,1,Mark-2,"Würzburg, Germany",Quectel_EC21,262,Germany,de,0,2G
11017,1,Mark-2,"Würzburg, Germany",Quectel_EC21,262,Germany,de,0,2G
11018,1,Mark-2,"Würzburg, Germany",Quectel_EC21,262,Germany,de,0,2G
11019,1,Mark-2,"Würzburg, Germany",Quectel_EC21,262,Germany,de,0,2G
11020,1,Mark-2,"Würzburg, Germany",Quectel_EC21,262,Germany,de,0,2G
11021,1,Mark-2,"Würzburg, Germany",Quectel_EC21,262,Germany,de,0,2G
11022,1,Mark-2,"Würzburg, Germany",Quectel_EC21,262,Germany,de,0,2G
11023,1,Mark-2,"Würzburg, Germany",Quectel_EC21,262,Germany,de,0,2G
11024,1,Mark-2,"Würzburg, Germany",Quectel_EC21,262,Germany,de,0,2G
11025,1,Mark-2,"Würzburg, Germany",Quectel_EC21,262,Germany,de,0,2G
11026,1,Mark-2,"Würzburg, Germany",Quectel_EC21,262,Germany,de,0,2G
11027,1,Mark-2,"Würzburg, Germany",Quectel_EC21,262,Germany,de,0,2G
11028,1,Mark-2,"Würzburg, Germany",Quectel_EC21,262,Germany,de,0,2G
11029,1,Mark-2,"Würzburg, Germany",Quectel_EC21,262,Germany,de,0,2G
11030,1,Mark-2,"Würzburg, Germany",Quectel_EC21,262,Germany,de,0,2G
11031,1,Mark-2,"Würzburg, Germany",Quectel_EC21,262,Germany,de,0,2G
11032,1,Mark-2,"Würzburg, Germany",Quectel_EC21,262,Germany,de,0,2G
11033,1,Mark-2,"Würzburg, Germany",Quectel_EC21,262,Germany,de,0,2G
11034,1,Mark-2,"Würzburg, Germany",Quectel_EC21,262,Germany,de,0,2G
11035,1,Mark-2,"Würzburg, Germany",Quectel_EC21,262,Germany,de,0,2G
11036,1,Mark-2,"Würzburg, Germany",Quectel_EC21,262,Germany,de,0,2G
11037,1,Mark-2,"Würzburg, Germany",Quectel_EC21,262,Germany,de,0,2G
11038,1,Mark-2,"Würzburg, Germany",Quectel_EC21,262,Germany,de,0,2G
11039,1,Mark-2,"Würzburg, Germany",Quectel_EC21,262,Germany,de,0,2G
11040,1,Mark-2,"Würzburg, Germany",Quectel_EC21,262,Germany,de,0,2G
11041,1,Mark-2,"Würzburg, Germany",Quectel_EC21,262,Germany,de,0,2G
11042,1,Mark-2,"Würzburg, Germany",Quectel_EC21,262,Germany,de,0,2G
11043,1,Mark-2,"Würzburg, Germany",Quectel_EC21,262,Germany,de,0,2G
11044,1,Mark-2,"Würzburg, Germany",Quectel_EC21,262,Germany,de,0,2G
11045,1,Mark-2,"Würzburg, Germany",Quectel_EC21,262,Germany,de,0,2G
11162,1,Mark-2,"Würzburg, Germany",Quectel_BG96,262,Germany,de,0,2G
13198,1,Mark-7,"Trondheim, Norway",Quectel_EC21,262,Germany,de,0,2G
13206,1,Mark-7,"Trondheim, Norway",Quectel_EC21,262,Germany,de,0,2G
13217,1,Mark-5,"Würzburg, Germany",Quectel_BG96,262,Germany,de,0,2G
13220,1,Mark-5,"Würzburg, Germany",Quectel_BG96,262,Germany,de,0,2G
13230,1,Mark-5,"Würzburg, Germany",Quectel_BG96,262,Germany,de,0,2G
13382,1,Mark-7,"Trondheim, Norway",Quectel_EC21,262,Germany,de,0,2G
13706,1,Mark-4,"Würzburg, Germany",Quectel_EC21,262,Germany,de,0,2G
13717,1,Mark-4,"Würzburg, Germany",Quectel_EC21,262,Germany,de,0,2G
13718,1,Mark-4,"Würzburg, Germany",Quectel_EC21,262,Germany,de,0,2G
13720,1,Mark-4,"Würzburg, Germany",Quectel_EC21,262,Germany,de,0,2G
13721,1,Mark-4,"Würzburg, Germany",Quectel_EC21,262,Germany,de,0,2G
13722,1,Mark-4,"Würzburg, Germany",Quectel_EC21,262,Germany,de,0,2G
13723,1,Mark-4,"Würzburg, Germany",Quectel_EC21,262,Germany,de,0,2G
13730,1,Mark-4,"Würzburg, Germany",Quectel_EC21,262,Germany,de,0,2G
13735,1,Mark-4,"Würzburg, Germany",Quectel_EC21,262,Germany,de,0,2G
13741,1,Mark-4,"Würzburg, Germany",Quectel_EC21,262,Germany,de,0,2G
13744,1,Mark-4,"Würzburg, Germany",Quectel_EC21,262,Germany,de,0,2G
13751,1,Mark-4,"Würzburg, Germany",Quectel_EC21,262,Germany,de,0,2G
13754,1,Mark-4,"Würzburg, Germany",Quectel_EC21,262,Germany,de,0,2G
13755,1,Mark-4,"Würzburg, Germany",Quectel_EC21,262,Germany,de,0,2G
13766,1,Mark-4,"Würzburg, Germany",Quectel_EC21,262,Germany,de,0,2G
13767,1,Mark-4,"Würzburg, Germany",Quectel_EC21,262,Germany,de,0,2G
13773,1,Mark-4,"Würzburg, Germany",Quectel_EC21,262,Germany,de,0,2G
13774,1,Mark-4,"Würzburg, Germany",Quectel_EC21,262,Germany,de,0,2G
13775,1,Mark-4,"Würzburg, Germany",Quectel_EC21,262,Germany,de,0,2G
13776,1,Mark-4,"Würzburg, Germany",Quectel_EC21,262,Germany,de,0,2G
13787,1,Mark-4,"Würzburg, Germany",Quectel_EC21,262,Germany,de,0,2G
13789,1,Mark-4,"Würzburg, Germany",Quectel_EC21,262,Germany,de,0,2G
13792,1,Mark-4,"Würzburg, Germany",Quectel_EC21,262,Germany,de,0,2G
13799,1,Mark-4,"Würzburg, Germany",Quectel_EC21,262,Germany,de,0,2G
13801,1,Mark-4,"Würzburg, Germany",Quectel_EC21,262,Germany,de,0,2G
13802,1,Mark-4,"Würzburg, Germany",Quectel_EC21,262,Germany,de,0,2G
13803,1,Mark-4,"Würzburg, Germany",Quectel_EC21,262,Germany,de,0,2G
14199,1,Mark-4,"Würzburg, Germany",Quectel_BG96,262,Germany,de,0,2G
14205,1,Mark-4,"Würzburg, Germany",Quectel_BG96,262,Germany,de,0,2G
14207,1,Mark-4,"Würzburg, Germany",Quectel_BG96,262,Germany,de,0,2G
14209,1,Mark-4,"Würzburg, Germany",Quectel_BG96,262,Germany,de,0,2G
14210,1,Mark-4,"Würzburg, Germany",Quectel_BG96,262,Germany,de,0,2G
14211,1,Mark-4,"Würzburg, Germany",Quectel_BG96,262,Germany,de,0,2G
14219,1,Mark-4,"Würzburg, Germany",Quectel_BG96,262,Germany,de,0,2G
14227,1,Mark-4,"Würzburg, Germany",Quectel_BG96,262,Germany,de,0,2G
14256,1,Mark-4,"Würzburg, Germany",Quectel_BG96,262,Germany,de,0,2G
14257,1,Mark-4,"Würzburg, Germany",Quectel_BG96,262,Germany,de,0,2G
14261,1,Mark-4,"Würzburg, Germany",Quectel_BG96,262,Germany,de,0,2G
14271,1,Mark-4,"Würzburg, Germany",Quectel_BG96,262,Germany,de,0,2G
14278,1,Mark-4,"Würzburg, Germany",Quectel_BG96,262,Germany,de,0,2G
14280,1,Mark-4,"Würzburg, Germany",Quectel_BG96,262,Germany,de,0,2G
14282,1,Mark-4,"Würzburg, Germany",Quectel_BG96,262,Germany,de,0,2G
14284,1,Mark-4,"Würzburg, Germany",Quectel_BG96,262,Germany,de,0,2G
14287,1,Mark-4,"Würzburg, Germany",Quectel_BG96,262,Germany,de,0,2G
14291,1,Mark-4,"Würzburg, Germany",Quectel_BG96,262,Germany,de,0,2G
14292,1,Mark-4,"Würzburg, Germany",Quectel_BG96,262,Germany,de,0,2G
14296,1,Mark-4,"Würzburg, Germany",Quectel_BG96,262,Germany,de,0,2G
14408,1,Mark-2,"Würzburg, Germany",Quectel_BG96,262,Germany,de,0,2G
14413,1,Mark-2,"Würzburg, Germany",Quectel_BG96,262,Germany,de,0,2G
14469,1,Mark-2,"Würzburg, Germany",Quectel_BG96,262,Germany,de,0,2G
15502,1,Mark-5,"Würzburg, Germany",Quectel_EC21,262,Germany,de,0,2G
15503,1,Mark-5,"Würzburg, Germany",Quectel_EC21,262,Germany,de,0,2G
15504,1,Mark-5,"Würzburg, Germany",Quectel_EC21,262,Germany,de,0,2G
15506,1,Mark-5,"Würzburg, Germany",Quectel_EC21,262,Germany,de,0,2G
15507,1,Mark-5,"Würzburg, Germany",Quectel_EC21,262,Germany,de,0,2G
15508,1,Mark-5,"Würzburg, Germany",Quectel_EC21,262,Germany,de,0,2G
15509,1,Mark-5,"Würzburg, Germany",Quectel_EC21,262,Germany,de,0,2G
15510,1,Mark-5,"Würzburg, Germany",Quectel_EC21,262,Germany,de,0,2G
16740,1,Mark-4,"Würzburg, Germany",Quectel_EC21,262,Germany,de,0,2G
16753,1,Mark-3,"Würzburg, Germany",Quectel_EC21,262,Germany,de,0,2G
16778,1,Mark-4,"Würzburg, Germany",Quectel_EC21,262,Germany,de,0,2G
17037,1,Mark-1,"Würzburg, Germany",Quectel_EC21,262,Germany,de,0,2G
17073,1,Mark-6,"Munich, Germany",Quectel_EC21,262,Germany,de,0,2G
17157,1,Mark-4,"Würzburg, Germany",Quectel_EC21,262,Germany,de,0,2G
17203,1,Mark-10,"Würzburg, Germany",Quectel_EC21,262,Germany,de,0,2G
17254,1,Mark-2,"Würzburg, Germany",Quectel_EC21,262,Germany,de,0,2G
17345,1,Mark-3,"Würzburg, Germany",Quectel_EC21,262,Germany,de,0,2G
17359,1,Mark-3,"Würzburg, Germany",Quectel_EC21,262,Germany,de,0,2G
17457,1,Mark-3,"Würzburg, Germany",Quectel_BG96,262,Germany,de,0,2G
18939,1,Mark-1,"Würzburg, Germany",Quectel_EC21,262,Germany,de,0,2G
19021,1,Mark-4,"Würzburg, Germany",Quectel_EC21,262,Germany,de,0,2G
19029,1,Mark-4,"Würzburg, Germany",Quectel_EC21,262,Germany,de,0,2G
19033,1,Mark-4,"Würzburg, Germany",Quectel_EC21,262,Germany,de,0,2G
19262,1,Mark-4,"Würzburg, Germany",Quectel_EC21,262,Germany,de,0,2G
19263,1,Mark-4,"Würzburg, Germany",Quectel_EC21,262,Germany,de,0,2G
19264,1,Mark-4,"Würzburg, Germany",Quectel_EC21,262,Germany,de,0,2G
19276,1,Mark-4,"Würzburg, Germany",Quectel_EC21,262,Germany,de,0,2G
19278,1,Mark-4,"Würzburg, Germany",Quectel_EC21,262,Germany,de,0,2G
19622,1,Mark-3,"Würzburg, Germany",Quectel_EC21,262,Germany,de,0,2G
19635,1,Mark-3,"Würzburg, Germany",Quectel_EC21,262,Germany,de,0,2G
19643,1,Mark-2,"Würzburg, Germany",Quectel_EC21,262,Germany,de,0,2G
19723,1,Mark-6,"Munich, Germany",Quectel_BG96,262,Germany,de,0,2G
19777,1,Mark-1,"Würzburg, Germany",Quectel_EC21,262,Germany,de,0,2G
19792,1,Mark-4,"Würzburg, Germany",Quectel_EC21,262,Germany,de,0,2G
19811,1,Mark-6,"Munich, Germany",Quectel_BG96,262,Germany,de,0,2G
19817,1,Mark-2,"Würzburg, Germany",Quectel_EC21,262,Germany,de,0,2G
19828,1,Mark-3,"Würzburg, Germany",Quectel_EC21,262,Germany,de,0,2G
20105,1,Mark-6,"Munich, Germany",Quectel_EC21,262,Germany,de,0,2G
20125,1,Mark-1,"Würzburg, Germany",Quectel_EC21,262,Germany,de,0,2G
20141,1,Mark-6,"Munich, Germany",Quectel_EC21,262,Germany,de,0,2G
20161,1,Mark-1,"Würzburg, Germany",Quectel_EC21,262,Germany,de,0,2G
20197,1,Mark-1,"Würzburg, Germany",Quectel_EC21,262,Germany,de,0,2G
20213,1,Mark-6,"Munich, Germany",Quectel_EC21,262,Germany,de,0,2G
20233,1,Mark-1,"Würzburg, Germany",Quectel_EC21,262,Germany,de,0,2G
20269,1,Mark-1,"Würzburg, Germany",Quectel_EC21,262,Germany,de,0,2G
20285,1,Mark-6,"Munich, Germany",Quectel_EC21,262,Germany,de,0,2G
20305,1,Mark-1,"Würzburg, Germany",Quectel_EC21,262,Germany,de,0,2G
20321,1,Mark-6,"Munich, Germany",Quectel_EC21,262,Germany,de,0,2G
20341,1,Mark-1,"Würzburg, Germany",Quectel_EC21,262,Germany,de,0,2G
20357,1,Mark-6,"Munich, Germany",Quectel_EC21,262,Germany,de,0,2G
20377,1,Mark-1,"Würzburg, Germany",Quectel_EC21,262,Germany,de,0,2G
20393,1,Mark-6,"Munich, Germany",Quectel_EC21,262,Germany,de,0,2G
20413,1,Mark-1,"Würzburg, Germany",Quectel_EC21,262,Germany,de,0,2G
20449,1,Mark-1,"Würzburg, Germany",Quectel_EC21,262,Germany,de,0,2G
20463,1,Mark-4,"Würzburg, Germany",Quectel_BG96,262,Germany,de,0,2G
20471,1,Mark-4,"Würzburg, Germany",Quectel_BG96,262,Germany,de,0,2G
20495,1,Mark-6,"Munich, Germany",Quectel_BG96,262,Germany,de,0,2G
20527,1,Mark-6,"Munich, Germany",Quectel_BG96,262,Germany,de,0,2G
20564,1,Mark-6,"Munich, Germany",Quectel_BG96,262,Germany,de,0,2G
20744,1,Mark-6,"Munich, Germany",Quectel_BG96,262,Germany,de,0,2G
20759,1,Mark-1,"Würzburg, Germany",Quectel_BG96,262,Germany,de,0,2G
20771,1,Mark-6,"Munich, Germany",Quectel_BG96,262,Germany,de,0,2G
20798,1,Mark-6,"Munich, Germany",Quectel_BG96,262,Germany,de,0,2G
20825,1,Mark-6,"Munich, Germany",Quectel_BG96,262,Germany,de,0,2G
20852,1,Mark-6,"Munich, Germany",Quectel_BG96,262,Germany,de,0,2G
20879,1,Mark-6,"Munich, Germany",Quectel_BG96,262,Germany,de,0,2G
20906,1,Mark-6,"Munich, Germany",Quectel_BG96,262,Germany,de,0,2G
20933,1,Mark-6,"Munich, Germany",Quectel_BG96,262,Germany,de,0,2G
20948,1,Mark-1,"Würzburg, Germany",Quectel_BG96,262,Germany,de,0,2G
20960,1,Mark-6,"Munich, Germany",Quectel_BG96,262,Germany,de,0,2G
20987,1,Mark-6,"Munich, Germany",Quectel_BG96,262,Germany,de,0,2G
22773,1,Mark-1,"Würzburg, Germany",Quectel_BG96,262,Germany,de,0,2G
22774,1,Mark-1,"Würzburg, Germany",Quectel_BG96,262,Germany,de,0,2G
22775,1,Mark-1,"Würzburg, Germany",Quectel_BG96,262,Germany,de,0,2G
22777,1,Mark-1,"Würzburg, Germany",Quectel_BG96,262,Germany,de,0,2G
22778,1,Mark-1,"Würzburg, Germany",Quectel_BG96,262,Germany,de,0,2G
22813,1,Mark-6,"Munich, Germany",Quectel_EC21,262,Germany,de,0,2G
23002,1,Mark-6,"Munich, Germany",Quectel_BG96,262,Germany,de,0,2G
23004,1,Mark-1,"Würzburg, Germany",Quectel_EC21,262,Germany,de,0,2G
23199,1,Mark-6,"Munich, Germany",Quectel_BG96,262,Germany,de,0,2G
23201,1,Mark-1,"Würzburg, Germany",Quectel_EC21,262,Germany,de,0,2G
23258,1,Mark-6,"Munich, Germany",Quectel_BG96,262,Germany,de,0,2G
23260,1,Mark-1,"Würzburg, Germany",Quectel_EC21,262,Germany,de,0,2G
23580,1,Mark-6,"Munich, Germany",Quectel_BG96,262,Germany,de,0,2G
23582,1,Mark-1,"Würzburg, Germany",Quectel_EC21,262,Germany,de,0,2G
24063,1,Mark-4,"Würzburg, Germany",Quectel_EC21,262,Germany,de,0,2G
24063,2,Mark-4,"Würzburg, Germany",Quectel_EC21,262,Germany,de,0,2G
10046,1,Mark-7,"Trondheim, Norway",Quectel_EC21,262,Germany,de,7,LTE CAT1
10051,1,Mark-7,"Trondheim, Norway",Quectel_EC21,262,Germany,de,7,LTE CAT1
10061,1,Mark-7,"Trondheim, Norway",Quectel_EC21,262,Germany,de,7,LTE CAT1
10063,1,Mark-7,"Trondheim, Norway",Quectel_EC21,262,Germany,de,7,LTE CAT1
10066,1,Mark-7,"Trondheim, Norway",Quectel_EC21,262,Germany,de,7,LTE CAT1
10068,1,Mark-7,"Trondheim, Norway",Quectel_EC21,262,Germany,de,7,LTE CAT1
10078,1,Mark-7,"Trondheim, Norway",Quectel_EC21,262,Germany,de,7,LTE CAT1
10079,1,Mark-7,"Trondheim, Norway",Quectel_EC21,262,Germany,de,7,LTE CAT1
10086,1,Mark-7,"Trondheim, Norway",Quectel_EC21,262,Germany,de,7,LTE CAT1
10092,1,Mark-7,"Trondheim, Norway",Quectel_EC21,262,Germany,de,7,LTE CAT1
10093,1,Mark-7,"Trondheim, Norway",Quectel_EC21,262,Germany,de,7,LTE CAT1
10095,1,Mark-7,"Trondheim, Norway",Quectel_EC21,262,Germany,de,7,LTE CAT1
10097,1,Mark-7,"Trondheim, Norway",Quectel_EC21,262,Germany,de,7,LTE CAT1
10110,1,Mark-7,"Trondheim, Norway",Quectel_EC21,262,Germany,de,7,LTE CAT1
10112,1,Mark-7,"Trondheim, Norway",Quectel_EC21,262,Germany,de,7,LTE CAT1
10114,1,Mark-7,"Trondheim, Norway",Quectel_EC21,262,Germany,de,7,LTE CAT1
10116,1,Mark-7,"Trondheim, Norway",Quectel_EC21,262,Germany,de,7,LTE CAT1
10121,1,Mark-7,"Trondheim, Norway",Quectel_EC21,262,Germany,de,7,LTE CAT1
10125,1,Mark-7,"Trondheim, Norway",Quectel_EC21,262,Germany,de,7,LTE CAT1
10126,1,Mark-7,"Trondheim, Norway",Quectel_EC21,262,Germany,de,7,LTE CAT1
10127,1,Mark-7,"Trondheim, Norway",Quectel_EC21,262,Germany,de,7,LTE CAT1
10129,1,Mark-7,"Trondheim, Norway",Quectel_EC21,262,Germany,de,7,LTE CAT1
10131,1,Mark-7,"Trondheim, Norway",Quectel_EC21,262,Germany,de,7,LTE CAT1
10136,1,Mark-7,"Trondheim, Norway",Quectel_EC21,262,Germany,de,7,LTE CAT1
10137,1,Mark-7,"Trondheim, Norway",Quectel_EC21,262,Germany,de,7,LTE CAT1
10140,1,Mark-7,"Trondheim, Norway",Quectel_EC21,262,Germany,de,7,LTE CAT1
10141,1,Mark-7,"Trondheim, Norway",Quectel_EC21,262,Germany,de,7,LTE CAT1
10143,1,Mark-7,"Trondheim, Norway",Quectel_EC21,262,Germany,de,7,LTE CAT1
10446,1,Mark-5,"Würzburg, Germany",Quectel_EC21,262,Germany,de,7,LTE CAT1
10447,1,Mark-5,"Würzburg, Germany",Quectel_EC21,262,Germany,de,7,LTE CAT1
10452,1,Mark-5,"Würzburg, Germany",Quectel_EC21,262,Germany,de,7,LTE CAT1
10457,1,Mark-5,"Würzburg, Germany",Quectel_EC21,262,Germany,de,7,LTE CAT1
10459,1,Mark-5,"Würzburg, Germany",Quectel_EC21,262,Germany,de,7,LTE CAT1
10462,1,Mark-5,"Würzburg, Germany",Quectel_EC21,262,Germany,de,7,LTE CAT1
10463,1,Mark-5,"Würzburg, Germany",Quectel_EC21,262,Germany,de,7,LTE CAT1
10467,1,Mark-5,"Würzburg, Germany",Quectel_EC21,262,Germany,de,7,LTE CAT1
10474,1,Mark-5,"Würzburg, Germany",Quectel_EC21,262,Germany,de,7,LTE CAT1
10476,1,Mark-5,"Würzburg, Germany",Quectel_EC21,262,Germany,de,7,LTE CAT1
10486,1,Mark-5,"Würzburg, Germany",Quectel_EC21,262,Germany,de,7,LTE CAT1
10491,1,Mark-5,"Würzburg, Germany",Quectel_EC21,262,Germany,de,7,LTE CAT1
10492,1,Mark-5,"Würzburg, Germany",Quectel_EC21,262,Germany,de,7,LTE CAT1
10495,1,Mark-5,"Würzburg, Germany",Quectel_EC21,262,Germany,de,7,LTE CAT1
10497,1,Mark-5,"Würzburg, Germany",Quectel_EC21,262,Germany,de,7,LTE CAT1
10499,1,Mark-5,"Würzburg, Germany",Quectel_EC21,262,Germany,de,7,LTE CAT1
10501,1,Mark-5,"Würzburg, Germany",Quectel_EC21,262,Germany,de,7,LTE CAT1
10503,1,Mark-5,"Würzburg, Germany",Quectel_EC21,262,Germany,de,7,LTE CAT1
10508,1,Mark-5,"Würzburg, Germany",Quectel_EC21,262,Germany,de,7,LTE CAT1
10513,1,Mark-5,"Würzburg, Germany",Quectel_EC21,262,Germany,de,7,LTE CAT1
10518,1,Mark-5,"Würzburg, Germany",Quectel_EC21,262,Germany,de,7,LTE CAT1
10528,1,Mark-5,"Würzburg, Germany",Quectel_EC21,262,Germany,de,7,LTE CAT1
10529,1,Mark-5,"Würzburg, Germany",Quectel_EC21,262,Germany,de,7,LTE CAT1
10531,1,Mark-5,"Würzburg, Germany",Quectel_EC21,262,Germany,de,7,LTE CAT1
10542,1,Mark-5,"Würzburg, Germany",Quectel_EC21,262,Germany,de,7,LTE CAT1
10851,1,Mark-2,"Würzburg, Germany",Quectel_EC21,262,Germany,de,7,LTE CAT1
10852,1,Mark-2,"Würzburg, Germany",Quectel_EC21,262,Germany,de,7,LTE CAT1
10854,1,Mark-2,"Würzburg, Germany",Quectel_EC21,262,Germany,de,7,LTE CAT1
10860,1,Mark-2,"Würzburg, Germany",Quectel_EC21,262,Germany,de,7,LTE CAT1
10864,1,Mark-2,"Würzburg, Germany",Quectel_EC21,262,Germany,de,7,LTE CAT1
10868,1,Mark-2,"Würzburg, Germany",Quectel_EC21,262,Germany,de,7,LTE CAT1
10871,1,Mark-2,"Würzburg, Germany",Quectel_EC21,262,Germany,de,7,LTE CAT1
10873,1,Mark-2,"Würzburg, Germany",Quectel_EC21,262,Germany,de,7,LTE CAT1
10877,1,Mark-2,"Würzburg, Germany",Quectel_EC21,262,Germany,de,7,LTE CAT1
10884,1,Mark-2,"Würzburg, Germany",Quectel_EC21,262,Germany,de,7,LTE CAT1
10890,1,Mark-2,"Würzburg, Germany",Quectel_EC21,262,Germany,de,7,LTE CAT1
10898,1,Mark-2,"Würzburg, Germany",Quectel_EC21,262,Germany,de,7,LTE CAT1
10899,1,Mark-2,"Würzburg, Germany",Quectel_EC21,262,Germany,de,7,LTE CAT1
10900,1,Mark-2,"Würzburg, Germany",Quectel_EC21,262,Germany,de,7,LTE CAT1
10903,1,Mark-2,"Würzburg, Germany",Quectel_EC21,262,Germany,de,7,LTE CAT1
10906,1,Mark-2,"Würzburg, Germany",Quectel_EC21,262,Germany,de,7,LTE CAT1
10910,1,Mark-2,"Würzburg, Germany",Quectel_EC21,262,Germany,de,7,LTE CAT1
10911,1,Mark-2,"Würzburg, Germany",Quectel_EC21,262,Germany,de,7,LTE CAT1
10912,1,Mark-2,"Würzburg, Germany",Quectel_EC21,262,Germany,de,7,LTE CAT1
10915,1,Mark-2,"Würzburg, Germany",Quectel_EC21,262,Germany,de,7,LTE CAT1
10917,1,Mark-2,"Würzburg, Germany",Quectel_EC21,262,Germany,de,7,LTE CAT1
10919,1,Mark-2,"Würzburg, Germany",Quectel_EC21,262,Germany,de,7,LTE CAT1
10921,1,Mark-2,"Würzburg, Germany",Quectel_EC21,262,Germany,de,7,LTE CAT1
10927,1,Mark-2,"Würzburg, Germany",Quectel_EC21,262,Germany,de,7,LTE CAT1
10929,1,Mark-2,"Würzburg, Germany",Quectel_EC21,262,Germany,de,7,LTE CAT1
10936,1,Mark-2,"Würzburg, Germany",Quectel_EC21,262,Germany,de,7,LTE CAT1
10937,1,Mark-2,"Würzburg, Germany",Quectel_EC21,262,Germany,de,7,LTE CAT1
13192,1,Mark-7,"Trondheim, Norway",Quectel_EC21,262,Germany,de,7,LTE CAT1
13197,1,Mark-7,"Trondheim, Norway",Quectel_EC21,262,Germany,de,7,LTE CAT1
13199,1,Mark-7,"Trondheim, Norway",Quectel_EC21,262,Germany,de,7,LTE CAT1
13203,1,Mark-7,"Trondheim, Norway",Quectel_EC21,262,Germany,de,7,LTE CAT1
13380,1,Mark-7,"Trondheim, Norway",Quectel_EC21,262,Germany,de,7,LTE CAT1
13707,1,Mark-4,"Würzburg, Germany",Quectel_EC21,262,Germany,de,7,LTE CAT1
13708,1,Mark-4,"Würzburg, Germany",Quectel_EC21,262,Germany,de,7,LTE CAT1
13709,1,Mark-4,"Würzburg, Germany",Quectel_EC21,262,Germany,de,7,LTE CAT1
13711,1,Mark-4,"Würzburg, Germany",Quectel_EC21,262,Germany,de,7,LTE CAT1
13712,1,Mark-4,"Würzburg, Germany",Quectel_EC21,262,Germany,de,7,LTE CAT1
13715,1,Mark-4,"Würzburg, Germany",Quectel_EC21,262,Germany,de,7,LTE CAT1
13719,1,Mark-4,"Würzburg, Germany",Quectel_EC21,262,Germany,de,7,LTE CAT1
13726,1,Mark-4,"Würzburg, Germany",Quectel_EC21,262,Germany,de,7,LTE CAT1
13728,1,Mark-4,"Würzburg, Germany",Quectel_EC21,262,Germany,de,7,LTE CAT1
13732,1,Mark-4,"Würzburg, Germany",Quectel_EC21,262,Germany,de,7,LTE CAT1
13736,1,Mark-4,"Würzburg, Germany",Quectel_EC21,262,Germany,de,7,LTE CAT1
13745,1,Mark-4,"Würzburg, Germany",Quectel_EC21,262,Germany,de,7,LTE CAT1
13752,1,Mark-4,"Würzburg, Germany",Quectel_EC21,262,Germany,de,7,LTE CAT1
13753,1,Mark-4,"Würzburg, Germany",Quectel_EC21,262,Germany,de,7,LTE CAT1
13760,1,Mark-4,"Würzburg, Germany",Quectel_EC21,262,Germany,de,7,LTE CAT1
13763,1,Mark-4,"Würzburg, Germany",Quectel_EC21,262,Germany,de,7,LTE CAT1
13764,1,Mark-4,"Würzburg, Germany",Quectel_EC21,262,Germany,de,7,LTE CAT1
13765,1,Mark-4,"Würzburg, Germany",Quectel_EC21,262,Germany,de,7,LTE CAT1
13777,1,Mark-4,"Würzburg, Germany",Quectel_EC21,262,Germany,de,7,LTE CAT1
13780,1,Mark-4,"Würzburg, Germany",Quectel_EC21,262,Germany,de,7,LTE CAT1
13784,1,Mark-4,"Würzburg, Germany",Quectel_EC21,262,Germany,de,7,LTE CAT1
13785,1,Mark-4,"Würzburg, Germany",Quectel_EC21,262,Germany,de,7,LTE CAT1
13788,1,Mark-4,"Würzburg, Germany",Quectel_EC21,262,Germany,de,7,LTE CAT1
13794,1,Mark-4,"Würzburg, Germany",Quectel_EC21,262,Germany,de,7,LTE CAT1
13800,1,Mark-4,"Würzburg, Germany",Quectel_EC21,262,Germany,de,7,LTE CAT1
16371,1,Mark-9,"Würzburg, Germany",Quectel_EC21,262,Germany,de,7,LTE CAT1
16431,1,Mark-9,"Würzburg, Germany",Quectel_EC21,262,Germany,de,7,LTE CAT1
16432,1,Mark-9,"Würzburg, Germany",Quectel_EC21,262,Germany,de,7,LTE CAT1
16433,1,Mark-9,"Würzburg, Germany",Quectel_EC21,262,Germany,de,7,LTE CAT1
16434,1,Mark-9,"Würzburg, Germany",Quectel_EC21,262,Germany,de,7,LTE CAT1
16436,1,Mark-9,"Würzburg, Germany",Quectel_EC21,262,Germany,de,7,LTE CAT1
16522,1,Mark-9,"Würzburg, Germany",Quectel_EC21,262,Germany,de,7,LTE CAT1
16603,1,Mark-9,"Würzburg, Germany",Quectel_EC21,262,Germany,de,7,LTE CAT1
16677,1,Mark-9,"Würzburg, Germany",Quectel_EC21,262,Germany,de,7,LTE CAT1
16678,1,Mark-9,"Würzburg, Germany",Quectel_EC21,262,Germany,de,7,LTE CAT1
16680,1,Mark-9,"Würzburg, Germany",Quectel_EC21,262,Germany,de,7,LTE CAT1
16681,1,Mark-9,"Würzburg, Germany",Quectel_EC21,262,Germany,de,7,LTE CAT1
16682,1,Mark-9,"Würzburg, Germany",Quectel_EC21,262,Germany,de,7,LTE CAT1
16685,1,Mark-9,"Würzburg, Germany",Quectel_EC21,262,Germany,de,7,LTE CAT1
16686,1,Mark-9,"Würzburg, Germany",Quectel_EC21,262,Germany,de,7,LTE CAT1
16687,1,Mark-9,"Würzburg, Germany",Quectel_EC21,262,Germany,de,7,LTE CAT1
16688,1,Mark-9,"Würzburg, Germany",Quectel_EC21,262,Germany,de,7,LTE CAT1
16689,1,Mark-9,"Würzburg, Germany",Quectel_EC21,262,Germany,de,7,LTE CAT1
16690,1,Mark-9,"Würzburg, Germany",Quectel_EC21,262,Germany,de,7,LTE CAT1
16691,1,Mark-9,"Würzburg, Germany",Quectel_EC21,262,Germany,de,7,LTE CAT1
16692,1,Mark-9,"Würzburg, Germany",Quectel_EC21,262,Germany,de,7,LTE CAT1
16693,1,Mark-9,"Würzburg, Germany",Quectel_EC21,262,Germany,de,7,LTE CAT1
16694,1,Mark-9,"Würzburg, Germany",Quectel_EC21,262,Germany,de,7,LTE CAT1
16737,1,Mark-1,"Würzburg, Germany",Quectel_EC21,262,Germany,de,7,LTE CAT1
16743,1,Mark-5,"Würzburg, Germany",Quectel_EC21,262,Germany,de,7,LTE CAT1
16744,1,Mark-1,"Würzburg, Germany",Quectel_EC21,262,Germany,de,7,LTE CAT1
16750,1,Mark-1,"Würzburg, Germany",Quectel_EC21,262,Germany,de,7,LTE CAT1
16752,1,Mark-2,"Würzburg, Germany",Quectel_EC21,262,Germany,de,7,LTE CAT1
16775,1,Mark-1,"Würzburg, Germany",Quectel_EC21,262,Germany,de,7,LTE CAT1
16781,1,Mark-2,"Würzburg, Germany",Quectel_EC21,262,Germany,de,7,LTE CAT1
16814,1,Mark-1,"Würzburg, Germany",Quectel_EC21,262,Germany,de,7,LTE CAT1
16816,1,Mark-1,"Würzburg, Germany",Quectel_EC21,262,Germany,de,7,LTE CAT1
17035,1,Mark-3,"Würzburg, Germany",Quectel_EC21,262,Germany,de,7,LTE CAT1
17039,1,Mark-6,"Munich, Germany",Quectel_EC21,262,Germany,de,7,LTE CAT1
17040,1,Mark-6,"Munich, Germany",Quectel_EC21,262,Germany,de,7,LTE CAT1
17078,1,Mark-4,"Würzburg, Germany",Quectel_EC21,262,Germany,de,7,LTE CAT1
17177,1,Mark-3,"Würzburg, Germany",Quectel_EC21,262,Germany,de,7,LTE CAT1
17178,1,Mark-1,"Würzburg, Germany",Quectel_EC21,262,Germany,de,7,LTE CAT1
17206,1,Mark-11,"Würzburg, Germany",Quectel_EC21,262,Germany,de,7,LTE CAT1
17215,1,Mark-11,"Würzburg, Germany",Quectel_EC21,262,Germany,de,7,LTE CAT1
17239,1,Mark-1,"Würzburg, Germany",Quectel_EC21,262,Germany,de,7,LTE CAT1
17240,1,Mark-2,"Würzburg, Germany",Quectel_EC21,262,Germany,de,7,LTE CAT1
17241,1,Mark-1,"Würzburg, Germany",Quectel_EC21,262,Germany,de,7,LTE CAT1
17242,1,Mark-1,"Würzburg, Germany",Quectel_EC21,262,Germany,de,7,LTE CAT1
17243,1,Mark-2,"Würzburg, Germany",Quectel_EC21,262,Germany,de,7,LTE CAT1
17244,1,Mark-3,"Würzburg, Germany",Quectel_EC21,262,Germany,de,7,LTE CAT1
17250,1,Mark-10,"Würzburg, Germany",Quectel_EC21,262,Germany,de,7,LTE CAT1
17251,1,Mark-11,"Würzburg, Germany",Quectel_EC21,262,Germany,de,7,LTE CAT1
17252,1,Mark-12,"Würzburg, Germany",Quectel_EC21,262,Germany,de,7,LTE CAT1
17256,1,Mark-4,"Würzburg, Germany",Quectel_EC21,262,Germany,de,7,LTE CAT1
17259,1,Mark-4,"Würzburg, Germany",Quectel_EC21,262,Germany,de,7,LTE CAT1
17260,1,Mark-4,"Würzburg, Germany",Quectel_EC21,262,Germany,de,7,LTE CAT1
17261,1,Mark-4,"Würzburg, Germany",Quectel_EC21,262,Germany,de,7,LTE CAT1
17266,1,Mark-4,"Würzburg, Germany",Quectel_EC21,262,Germany,de,7,LTE CAT1
17332,1,Mark-4,"Würzburg, Germany",Quectel_EC21,262,Germany,de,7,LTE CAT1
17333,1,Mark-4,"Würzburg, Germany",Quectel_EC21,262,Germany,de,7,LTE CAT1
17334,1,Mark-4,"Würzburg, Germany",Quectel_EC21,262,Germany,de,7,LTE CAT1
17335,1,Mark-4,"Würzburg, Germany",Quectel_EC21,262,Germany,de,7,LTE CAT1
17337,1,Mark-4,"Würzburg, Germany",Quectel_EC21,262,Germany,de,7,LTE CAT1
17340,1,Mark-12,"Würzburg, Germany",Quectel_EC21,262,Germany,de,7,LTE CAT1
17343,1,Mark-6,"Munich, Germany",Quectel_EC21,262,Germany,de,7,LTE CAT1
17344,1,Mark-2,"Würzburg, Germany",Quectel_EC21,262,Germany,de,7,LTE CAT1
17357,1,Mark-6,"Munich, Germany",Quectel_EC21,262,Germany,de,7,LTE CAT1
17358,1,Mark-6,"Munich, Germany",Quectel_EC21,262,Germany,de,7,LTE CAT1
17387,1,Mark-11,"Würzburg, Germany",Quectel_EC21,262,Germany,de,7,LTE CAT1
17388,1,Mark-12,"Würzburg, Germany",Quectel_EC21,262,Germany,de,7,LTE CAT1
17396,1,Mark-1,"Würzburg, Germany",Quectel_EC21,262,Germany,de,7,LTE CAT1
17447,1,Mark-1,"Würzburg, Germany",Quectel_EC21,262,Germany,de,7,LTE CAT1
17449,1,Mark-3,"Würzburg, Germany",Quectel_EC21,262,Germany,de,7,LTE CAT1
17453,1,Mark-11,"Würzburg, Germany",Quectel_EC21,262,Germany,de,7,LTE CAT1
17465,1,Mark-6,"Munich, Germany",Quectel_EC21,262,Germany,de,7,LTE CAT1
17775,1,Mark-11,"Würzburg, Germany",Quectel_EC21,262,Germany,de,7,LTE CAT1
18049,1,Mark-4,"Würzburg, Germany",Quectel_EC21,262,Germany,de,7,LTE CAT1
18941,1,Mark-1,"Würzburg, Germany",Quectel_EC21,262,Germany,de,7,LTE CAT1
19020,1,Mark-4,"Würzburg, Germany",Quectel_EC21,262,Germany,de,7,LTE CAT1
19022,1,Mark-4,"Würzburg, Germany",Quectel_EC21,262,Germany,de,7,LTE CAT1
19025,1,Mark-4,"Würzburg, Germany",Quectel_EC21,262,Germany,de,7,LTE CAT1
19032,1,Mark-4,"Würzburg, Germany",Quectel_EC21,262,Germany,de,7,LTE CAT1
19531,1,Mark-4,"Würzburg, Germany",Quectel_EC21,262,Germany,de,7,LTE CAT1
19610,1,Mark-4,"Würzburg, Germany",Quectel_EC21,262,Germany,de,7,LTE CAT1
19611,1,Mark-4,"Würzburg, Germany",Quectel_EC21,262,Germany,de,7,LTE CAT1
19619,1,Mark-4,"Würzburg, Germany",Quectel_EC21,262,Germany,de,7,LTE CAT1
19624,1,Mark-6,"Munich, Germany",Quectel_EC21,262,Germany,de,7,LTE CAT1
19625,1,Mark-1,"Würzburg, Germany",Quectel_EC21,262,Germany,de,7,LTE CAT1
19637,1,Mark-6,"Munich, Germany",Quectel_EC21,262,Germany,de,7,LTE CAT1
19641,1,Mark-1,"Würzburg, Germany",Quectel_EC21,262,Germany,de,7,LTE CAT1
19644,1,Mark-3,"Würzburg, Germany",Quectel_EC21,262,Germany,de,7,LTE CAT1
19654,1,Mark-4,"Würzburg, Germany",Quectel_EC21,262,Germany,de,7,LTE CAT1
19656,1,Mark-6,"Munich, Germany",Quectel_EC21,262,Germany,de,7,LTE CAT1
19778,1,Mark-1,"Würzburg, Germany",Quectel_EC21,262,Germany,de,7,LTE CAT1
19793,1,Mark-4,"Würzburg, Germany",Quectel_EC21,262,Germany,de,7,LTE CAT1
19809,1,Mark-6,"Munich, Germany",Quectel_EC21,262,Germany,de,7,LTE CAT1
19818,1,Mark-2,"Würzburg, Germany",Quectel_EC21,262,Germany,de,7,LTE CAT1
19825,1,Mark-2,"Würzburg, Germany",Quectel_EC21,262,Germany,de,7,LTE CAT1
19829,1,Mark-3,"Würzburg, Germany",Quectel_EC21,262,Germany,de,7,LTE CAT1
20123,1,Mark-6,"Munich, Germany",Quectel_EC21,262,Germany,de,7,LTE CAT1
20130,1,Mark-1,"Würzburg, Germany",Quectel_EC21,262,Germany,de,7,LTE CAT1
20159,1,Mark-6,"Munich, Germany",Quectel_EC21,262,Germany,de,7,LTE CAT1
20166,1,Mark-1,"Würzburg, Germany",Quectel_EC21,262,Germany,de,7,LTE CAT1
20195,1,Mark-6,"Munich, Germany",Quectel_EC21,262,Germany,de,7,LTE CAT1
20231,1,Mark-6,"Munich, Germany",Quectel_EC21,262,Germany,de,7,LTE CAT1
20238,1,Mark-1,"Würzburg, Germany",Quectel_EC21,262,Germany,de,7,LTE CAT1
20267,1,Mark-6,"Munich, Germany",Quectel_EC21,262,Germany,de,7,LTE CAT1
20274,1,Mark-1,"Würzburg, Germany",Quectel_EC21,262,Germany,de,7,LTE CAT1
20303,1,Mark-6,"Munich, Germany",Quectel_EC21,262,Germany,de,7,LTE CAT1
20310,1,Mark-1,"Würzburg, Germany",Quectel_EC21,262,Germany,de,7,LTE CAT1
20339,1,Mark-6,"Munich, Germany",Quectel_EC21,262,Germany,de,7,LTE CAT1
20346,1,Mark-1,"Würzburg, Germany",Quectel_EC21,262,Germany,de,7,LTE CAT1
20375,1,Mark-6,"Munich, Germany",Quectel_EC21,262,Germany,de,7,LTE CAT1
20382,1,Mark-1,"Würzburg, Germany",Quectel_EC21,262,Germany,de,7,LTE CAT1
20411,1,Mark-6,"Munich, Germany",Quectel_EC21,262,Germany,de,7,LTE CAT1
20418,1,Mark-1,"Würzburg, Germany",Quectel_EC21,262,Germany,de,7,LTE CAT1
20454,1,Mark-1,"Würzburg, Germany",Quectel_EC21,262,Germany,de,7,LTE CAT1
23000,1,Mark-6,"Munich, Germany",Quectel_EC21,262,Germany,de,7,LTE CAT1
23013,1,Mark-1,"Würzburg, Germany",Quectel_EC21,262,Germany,de,7,LTE CAT1
23197,1,Mark-6,"Munich, Germany",Quectel_EC21,262,Germany,de,7,LTE CAT1
23210,1,Mark-1,"Würzburg, Germany",Quectel_EC21,262,Germany,de,7,LTE CAT1
23269,1,Mark-1,"Würzburg, Germany",Quectel_EC21,262,Germany,de,7,LTE CAT1
23578,1,Mark-6,"Munich, Germany",Quectel_EC21,262,Germany,de,7,LTE CAT1
23591,1,Mark-1,"Würzburg, Germany",Quectel_EC21,262,Germany,de,7,LTE CAT1
10006,1,Mark-1,"Würzburg, Germany",Quectel_BG96,262,Germany,de,8,LTE-M
10020,1,Mark-1,"Würzburg, Germany",Quectel_BG96,262,Germany,de,8,LTE-M
10654,1,Mark-5,"Würzburg, Germany",Quectel_BG96,262,Germany,de,8,LTE-M
10655,1,Mark-5,"Würzburg, Germany",Quectel_BG96,262,Germany,de,8,LTE-M
11158,1,Mark-2,"Würzburg, Germany",Quectel_BG96,262,Germany,de,8,LTE-M
11237,1,Mark-2,"Würzburg, Germany",Quectel_BG96,262,Germany,de,8,LTE-M
11241,1,Mark-2,"Würzburg, Germany",Quectel_BG96,262,Germany,de,8,LTE-M
13227,1,Mark-5,"Würzburg, Germany",Quectel_BG96,262,Germany,de,8,LTE-M
13819,1,Mark-4,"Würzburg, Germany",Quectel_BG96,262,Germany,de,8,LTE-M
14099,1,Mark-4,"Würzburg, Germany",Quectel_BG96,262,Germany,de,8,LTE-M
14156,1,Mark-4,"Würzburg, Germany",Quectel_BG96,262,Germany,de,8,LTE-M
14216,1,Mark-4,"Würzburg, Germany",Quectel_BG96,262,Germany,de,8,LTE-M
14274,1,Mark-4,"Würzburg, Germany",Quectel_BG96,262,Germany,de,8,LTE-M
14322,1,Mark-2,"Würzburg, Germany",Quectel_BG96,262,Germany,de,8,LTE-M
14429,1,Mark-2,"Würzburg, Germany",Quectel_BG96,262,Germany,de,8,LTE-M
14452,1,Mark-2,"Würzburg, Germany",Quectel_BG96,262,Germany,de,8,LTE-M
14490,1,Mark-2,"Würzburg, Germany",Quectel_BG96,262,Germany,de,8,LTE-M
17046,1,Mark-6,"Munich, Germany",Quectel_BG96,262,Germany,de,8,LTE-M
17217,1,Mark-10,"Würzburg, Germany",Quectel_BG96,262,Germany,de,8,LTE-M
17458,1,Mark-4,"Würzburg, Germany",Quectel_BG96,262,Germany,de,8,LTE-M
17459,1,Mark-6,"Munich, Germany",Quectel_BG96,262,Germany,de,8,LTE-M
17461,1,Mark-11,"Würzburg, Germany",Quectel_BG96,262,Germany,de,8,LTE-M
17776,1,Mark-11,"Würzburg, Germany",Quectel_BG96,262,Germany,de,8,LTE-M
18812,1,Mark-4,"Würzburg, Germany",Quectel_BG96,262,Germany,de,8,LTE-M
19023,1,Mark-4,"Würzburg, Germany",Quectel_BG96,262,Germany,de,8,LTE-M
19079,1,Mark-3,"Würzburg, Germany",Quectel_BG96,262,Germany,de,8,LTE-M
19080,1,Mark-3,"Würzburg, Germany",Quectel_BG96,262,Germany,de,8,LTE-M
19110,1,Mark-4,"Würzburg, Germany",Quectel_BG96,262,Germany,de,8,LTE-M
19724,1,Mark-6,"Munich, Germany",Quectel_BG96,262,Germany,de,8,LTE-M
19813,1,Mark-6,"Munich, Germany",Quectel_BG96,262,Germany,de,8,LTE-M
19833,1,Mark-3,"Würzburg, Germany",Quectel_BG96,262,Germany,de,8,LTE-M
20032,1,Mark-4,"Würzburg, Germany",Quectel_BG96,262,Germany,de,8,LTE-M
20470,1,Mark-4,"Würzburg, Germany",Quectel_BG96,262,Germany,de,8,LTE-M
20480,1,Mark-3,"Würzburg, Germany",Quectel_BG96,262,Germany,de,8,LTE-M
20481,1,Mark-6,"Munich, Germany",Quectel_BG96,262,Germany,de,8,LTE-M
20490,1,Mark-1,"Würzburg, Germany",Quectel_BG96,262,Germany,de,8,LTE-M
20513,1,Mark-6,"Munich, Germany",Quectel_BG96,262,Germany,de,8,LTE-M
20522,1,Mark-1,"Würzburg, Germany",Quectel_BG96,262,Germany,de,8,LTE-M
20550,1,Mark-6,"Munich, Germany",Quectel_BG96,262,Germany,de,8,LTE-M
20730,1,Mark-6,"Munich, Germany",Quectel_BG96,262,Germany,de,8,LTE-M
20739,1,Mark-1,"Würzburg, Germany",Quectel_BG96,262,Germany,de,8,LTE-M
20757,1,Mark-6,"Munich, Germany",Quectel_BG96,262,Germany,de,8,LTE-M
20766,1,Mark-1,"Würzburg, Germany",Quectel_BG96,262,Germany,de,8,LTE-M
20784,1,Mark-6,"Munich, Germany",Quectel_BG96,262,Germany,de,8,LTE-M
20793,1,Mark-1,"Würzburg, Germany",Quectel_BG96,262,Germany,de,8,LTE-M
20811,1,Mark-6,"Munich, Germany",Quectel_BG96,262,Germany,de,8,LTE-M
20847,1,Mark-1,"Würzburg, Germany",Quectel_BG96,262,Germany,de,8,LTE-M
20865,1,Mark-6,"Munich, Germany",Quectel_BG96,262,Germany,de,8,LTE-M
20892,1,Mark-6,"Munich, Germany",Quectel_BG96,262,Germany,de,8,LTE-M
20901,1,Mark-1,"Würzburg, Germany",Quectel_BG96,262,Germany,de,8,LTE-M
20919,1,Mark-6,"Munich, Germany",Quectel_BG96,262,Germany,de,8,LTE-M
20928,1,Mark-1,"Würzburg, Germany",Quectel_BG96,262,Germany,de,8,LTE-M
20946,1,Mark-6,"Munich, Germany",Quectel_BG96,262,Germany,de,8,LTE-M
20973,1,Mark-6,"Munich, Germany",Quectel_BG96,262,Germany,de,8,LTE-M
20982,1,Mark-1,"Würzburg, Germany",Quectel_BG96,262,Germany,de,8,LTE-M
22780,1,Mark-1,"Würzburg, Germany",Quectel_BG96,262,Germany,de,8,LTE-M
22781,1,Mark-1,"Würzburg, Germany",Quectel_BG96,262,Germany,de,8,LTE-M
22966,1,Mark-6,"Munich, Germany",Quectel_BG96,262,Germany,de,8,LTE-M
23163,1,Mark-6,"Munich, Germany",Quectel_BG96,262,Germany,de,8,LTE-M
23178,1,Mark-1,"Würzburg, Germany",Quectel_BG96,262,Germany,de,8,LTE-M
23222,1,Mark-6,"Munich, Germany",Quectel_BG96,262,Germany,de,8,LTE-M
23544,1,Mark-6,"Munich, Germany",Quectel_BG96,262,Germany,de,8,LTE-M
23559,1,Mark-1,"Würzburg, Germany",Quectel_BG96,262,Germany,de,8,LTE-M
10011,1,Mark-1,"Würzburg, Germany",Quectel_BG96,262,Germany,de,9,NB-IoT
10035,1,Mark-1,"Würzburg, Germany",Quectel_BG96,262,Germany,de,9,NB-IoT
10040,1,Mark-1,"Würzburg, Germany",Quectel_BG96,262,Germany,de,9,NB-IoT
10681,1,Mark-5,"Würzburg, Germany",Quectel_BG96,262,Germany,de,9,NB-IoT
10682,1,Mark-5,"Würzburg, Germany",Quectel_BG96,262,Germany,de,9,NB-IoT
10685,1,Mark-5,"Würzburg, Germany",Quectel_BG96,262,Germany,de,9,NB-IoT
10688,1,Mark-5,"Würzburg, Germany",Quectel_BG96,262,Germany,de,9,NB-IoT
11151,1,Mark-2,"Würzburg, Germany",Quectel_BG96,262,Germany,de,9,NB-IoT
11182,1,Mark-2,"Würzburg, Germany",Quectel_BG96,262,Germany,de,9,NB-IoT
11183,1,Mark-2,"Würzburg, Germany",Quectel_BG96,262,Germany,de,9,NB-IoT
11185,1,Mark-2,"Würzburg, Germany",Quectel_BG96,262,Germany,de,9,NB-IoT
11191,1,Mark-2,"Würzburg, Germany",Quectel_BG96,262,Germany,de,9,NB-IoT
11196,1,Mark-2,"Würzburg, Germany",Quectel_BG96,262,Germany,de,9,NB-IoT
11199,1,Mark-2,"Würzburg, Germany",Quectel_BG96,262,Germany,de,9,NB-IoT
11205,1,Mark-2,"Würzburg, Germany",Quectel_BG96,262,Germany,de,9,NB-IoT
11210,1,Mark-2,"Würzburg, Germany",Quectel_BG96,262,Germany,de,9,NB-IoT
11215,1,Mark-2,"Würzburg, Germany",Quectel_BG96,262,Germany,de,9,NB-IoT
11216,1,Mark-2,"Würzburg, Germany",Quectel_BG96,262,Germany,de,9,NB-IoT
11217,1,Mark-2,"Würzburg, Germany",Quectel_BG96,262,Germany,de,9,NB-IoT
11225,1,Mark-2,"Würzburg, Germany",Quectel_BG96,262,Germany,de,9,NB-IoT
11226,1,Mark-2,"Würzburg, Germany",Quectel_BG96,262,Germany,de,9,NB-IoT
11233,1,Mark-2,"Würzburg, Germany",Quectel_BG96,262,Germany,de,9,NB-IoT
11244,1,Mark-2,"Würzburg, Germany",Quectel_BG96,262,Germany,de,9,NB-IoT
13215,1,Mark-5,"Würzburg, Germany",Quectel_BG96,262,Germany,de,9,NB-IoT
13216,1,Mark-5,"Würzburg, Germany",Quectel_BG96,262,Germany,de,9,NB-IoT
13424,1,Mark-4,"Würzburg, Germany",Quectel_BG96,262,Germany,de,9,NB-IoT
14108,1,Mark-4,"Würzburg, Germany",Quectel_BG96,262,Germany,de,9,NB-IoT
14111,1,Mark-4,"Würzburg, Germany",Quectel_BG96,262,Germany,de,9,NB-IoT
14138,1,Mark-4,"Würzburg, Germany",Quectel_BG96,262,Germany,de,9,NB-IoT
14142,1,Mark-4,"Würzburg, Germany",Quectel_BG96,262,Germany,de,9,NB-IoT
14159,1,Mark-4,"Würzburg, Germany",Quectel_BG96,262,Germany,de,9,NB-IoT
14162,1,Mark-4,"Würzburg, Germany",Quectel_BG96,262,Germany,de,9,NB-IoT
14170,1,Mark-4,"Würzburg, Germany",Quectel_BG96,262,Germany,de,9,NB-IoT
14178,1,Mark-4,"Würzburg, Germany",Quectel_BG96,262,Germany,de,9,NB-IoT
14198,1,Mark-4,"Würzburg, Germany",Quectel_BG96,262,Germany,de,9,NB-IoT
14203,1,Mark-4,"Würzburg, Germany",Quectel_BG96,262,Germany,de,9,NB-IoT
14213,1,Mark-4,"Würzburg, Germany",Quectel_BG96,262,Germany,de,9,NB-IoT
14214,1,Mark-4,"Würzburg, Germany",Quectel_BG96,262,Germany,de,9,NB-IoT
14225,1,Mark-4,"Würzburg, Germany",Quectel_BG96,262,Germany,de,9,NB-IoT
14232,1,Mark-4,"Würzburg, Germany",Quectel_BG96,262,Germany,de,9,NB-IoT
14234,1,Mark-4,"Würzburg, Germany",Quectel_BG96,262,Germany,de,9,NB-IoT
14237,1,Mark-4,"Würzburg, Germany",Quectel_BG96,262,Germany,de,9,NB-IoT
14241,1,Mark-4,"Würzburg, Germany",Quectel_BG96,262,Germany,de,9,NB-IoT
14252,1,Mark-4,"Würzburg, Germany",Quectel_BG96,262,Germany,de,9,NB-IoT
14253,1,Mark-4,"Würzburg, Germany",Quectel_BG96,262,Germany,de,9,NB-IoT
14255,1,Mark-4,"Würzburg, Germany",Quectel_BG96,262,Germany,de,9,NB-IoT
14264,1,Mark-4,"Würzburg, Germany",Quectel_BG96,262,Germany,de,9,NB-IoT
14265,1,Mark-4,"Würzburg, Germany",Quectel_BG96,262,Germany,de,9,NB-IoT
14266,1,Mark-4,"Würzburg, Germany",Quectel_BG96,262,Germany,de,9,NB-IoT
14268,1,Mark-4,"Würzburg, Germany",Quectel_BG96,262,Germany,de,9,NB-IoT
14439,1,Mark-2,"Würzburg, Germany",Quectel_BG96,262,Germany,de,9,NB-IoT
14457,1,Mark-2,"Würzburg, Germany",Quectel_BG96,262,Germany,de,9,NB-IoT
14466,1,Mark-2,"Würzburg, Germany",Quectel_BG96,262,Germany,de,9,NB-IoT
14474,1,Mark-2,"Würzburg, Germany",Quectel_BG96,262,Germany,de,9,NB-IoT
14475,1,Mark-2,"Würzburg, Germany",Quectel_BG96,262,Germany,de,9,NB-IoT
14478,1,Mark-2,"Würzburg, Germany",Quectel_BG96,262,Germany,de,9,NB-IoT
14482,1,Mark-2,"Würzburg, Germany",Quectel_BG96,262,Germany,de,9,NB-IoT
14487,1,Mark-2,"Würzburg, Germany",Quectel_BG96,262,Germany,de,9,NB-IoT
14499,1,Mark-2,"Würzburg, Germany",Quectel_BG96,262,Germany,de,9,NB-IoT
14501,1,Mark-2,"Würzburg, Germany",Quectel_BG96,262,Germany,de,9,NB-IoT
17394,1,Mark-11,"Würzburg, Germany",Quectel_BG96,262,Germany,de,9,NB-IoT
18946,1,Mark-2,"Würzburg, Germany",Quectel_BG96,262,Germany,de,9,NB-IoT
19071,1,Mark-2,"Würzburg, Germany",Quectel_BG96,262,Germany,de,9,NB-IoT
19073,1,Mark-2,"Würzburg, Germany",Quectel_BG96,262,Germany,de,9,NB-IoT
19075,1,Mark-2,"Würzburg, Germany",Quectel_BG96,262,Germany,de,9,NB-IoT
19627,1,Mark-2,"Würzburg, Germany",Quectel_BG96,262,Germany,de,9,NB-IoT
19628,1,Mark-3,"Würzburg, Germany",Quectel_BG96,262,Germany,de,9,NB-IoT
19725,1,Mark-6,"Munich, Germany",Quectel_BG96,262,Germany,de,9,NB-IoT
19789,1,Mark-1,"Würzburg, Germany",Quectel_BG96,262,Germany,de,9,NB-IoT
19815,1,Mark-6,"Munich, Germany",Quectel_BG96,262,Germany,de,9,NB-IoT
19835,1,Mark-3,"Würzburg, Germany",Quectel_BG96,262,Germany,de,9,NB-IoT
20461,1,Mark-4,"Würzburg, Germany",Quectel_BG96,262,Germany,de,9,NB-IoT
20477,1,Mark-4,"Würzburg, Germany",Quectel_BG96,262,Germany,de,9,NB-IoT
20493,1,Mark-6,"Munich, Germany",Quectel_BG96,262,Germany,de,9,NB-IoT
20562,1,Mark-6,"Munich, Germany",Quectel_BG96,262,Germany,de,9,NB-IoT
20567,1,Mark-1,"Würzburg, Germany",Quectel_BG96,262,Germany,de,9,NB-IoT
20742,1,Mark-6,"Munich, Germany",Quectel_BG96,262,Germany,de,9,NB-IoT
20769,1,Mark-6,"Munich, Germany",Quectel_BG96,262,Germany,de,9,NB-IoT
20796,1,Mark-6,"Munich, Germany",Quectel_BG96,262,Germany,de,9,NB-IoT
20801,1,Mark-1,"Würzburg, Germany",Quectel_BG96,262,Germany,de,9,NB-IoT
20823,1,Mark-6,"Munich, Germany",Quectel_BG96,262,Germany,de,9,NB-IoT
20850,1,Mark-6,"Munich, Germany",Quectel_BG96,262,Germany,de,9,NB-IoT
20877,1,Mark-6,"Munich, Germany",Quectel_BG96,262,Germany,de,9,NB-IoT
20882,1,Mark-1,"Würzburg, Germany",Quectel_BG96,262,Germany,de,9,NB-IoT
20909,1,Mark-1,"Würzburg, Germany",Quectel_BG96,262,Germany,de,9,NB-IoT
20931,1,Mark-6,"Munich, Germany",Quectel_BG96,262,Germany,de,9,NB-IoT
20936,1,Mark-1,"Würzburg, Germany",Quectel_BG96,262,Germany,de,9,NB-IoT
20963,1,Mark-1,"Würzburg, Germany",Quectel_BG96,262,Germany,de,9,NB-IoT
20985,1,Mark-6,"Munich, Germany",Quectel_BG96,262,Germany,de,9,NB-IoT
20990,1,Mark-1,"Würzburg, Germany",Quectel_BG96,262,Germany,de,9,NB-IoT
22782,1,Mark-1,"Würzburg, Germany",Quectel_BG96,262,Germany,de,9,NB-IoT
22783,1,Mark-1,"Würzburg, Germany",Quectel_BG96,262,Germany,de,9,NB-IoT
22784,1,Mark-1,"Würzburg, Germany",Quectel_BG96,262,Germany,de,9,NB-IoT
22785,1,Mark-1,"Würzburg, Germany",Quectel_BG96,262,Germany,de,9,NB-IoT
22786,1,Mark-1,"Würzburg, Germany",Quectel_BG96,262,Germany,de,9,NB-IoT
22996,1,Mark-6,"Munich, Germany",Quectel_BG96,262,Germany,de,9,NB-IoT
23193,1,Mark-6,"Munich, Germany",Quectel_BG96,262,Germany,de,9,NB-IoT
23202,1,Mark-1,"Würzburg, Germany",Quectel_BG96,262,Germany,de,9,NB-IoT
23261,1,Mark-1,"Würzburg, Germany",Quectel_BG96,262,Germany,de,9,NB-IoT
23574,1,Mark-6,"Munich, Germany",Quectel_BG96,262,Germany,de,9,NB-IoT
23583,1,Mark-1,"Würzburg, Germany",Quectel_BG96,262,Germany,de,9,NB-IoT
12087,1,Mark-3,"Würzburg, Germany",Quectel_EC21,262,Germany,de,0,2G
12090,1,Mark-3,"Würzburg, Germany",Quectel_EC21,262,Germany,de,0,2G
12091,1,Mark-3,"Würzburg, Germany",Quectel_EC21,262,Germany,de,0,2G
12092,1,Mark-3,"Würzburg, Germany",Quectel_EC21,262,Germany,de,0,2G
12093,1,Mark-3,"Würzburg, Germany",Quectel_EC21,262,Germany,de,0,2G
12096,1,Mark-3,"Würzburg, Germany",Quectel_EC21,262,Germany,de,0,2G
12098,1,Mark-3,"Würzburg, Germany",Quectel_EC21,262,Germany,de,0,2G
12099,1,Mark-3,"Würzburg, Germany",Quectel_EC21,262,Germany,de,0,2G
12101,1,Mark-3,"Würzburg, Germany",Quectel_EC21,262,Germany,de,0,2G
12102,1,Mark-3,"Würzburg, Germany",Quectel_EC21,262,Germany,de,0,2G
12103,1,Mark-3,"Würzburg, Germany",Quectel_EC21,262,Germany,de,0,2G
12106,1,Mark-3,"Würzburg, Germany",Quectel_EC21,262,Germany,de,0,2G
12108,1,Mark-3,"Würzburg, Germany",Quectel_EC21,262,Germany,de,0,2G
12109,1,Mark-3,"Würzburg, Germany",Quectel_EC21,262,Germany,de,0,2G
12112,1,Mark-3,"Würzburg, Germany",Quectel_EC21,262,Germany,de,0,2G
12113,1,Mark-3,"Würzburg, Germany",Quectel_EC21,262,Germany,de,0,2G
12114,1,Mark-3,"Würzburg, Germany",Quectel_EC21,262,Germany,de,0,2G
12116,1,Mark-3,"Würzburg, Germany",Quectel_EC21,262,Germany,de,0,2G
12117,1,Mark-3,"Würzburg, Germany",Quectel_EC21,262,Germany,de,0,2G
12118,1,Mark-3,"Würzburg, Germany",Quectel_EC21,262,Germany,de,0,2G
12119,1,Mark-3,"Würzburg, Germany",Quectel_EC21,262,Germany,de,0,2G
12120,1,Mark-3,"Würzburg, Germany",Quectel_EC21,262,Germany,de,0,2G
12121,1,Mark-3,"Würzburg, Germany",Quectel_EC21,262,Germany,de,0,2G
12122,1,Mark-3,"Würzburg, Germany",Quectel_EC21,262,Germany,de,0,2G
12123,1,Mark-3,"Würzburg, Germany",Quectel_EC21,262,Germany,de,0,2G
12124,1,Mark-3,"Würzburg, Germany",Quectel_EC21,262,Germany,de,0,2G
12125,1,Mark-3,"Würzburg, Germany",Quectel_EC21,262,Germany,de,0,2G
12126,1,Mark-3,"Würzburg, Germany",Quectel_EC21,262,Germany,de,0,2G
12128,1,Mark-3,"Würzburg, Germany",Quectel_EC21,262,Germany,de,0,2G
12134,1,Mark-3,"Würzburg, Germany",Quectel_EC21,262,Germany,de,0,2G
12135,1,Mark-3,"Würzburg, Germany",Quectel_EC21,262,Germany,de,0,2G
12138,1,Mark-3,"Würzburg, Germany",Quectel_EC21,262,Germany,de,0,2G
12139,1,Mark-3,"Würzburg, Germany",Quectel_EC21,262,Germany,de,0,2G
12143,1,Mark-3,"Würzburg, Germany",Quectel_EC21,262,Germany,de,0,2G
12149,1,Mark-3,"Würzburg, Germany",Quectel_EC21,262,Germany,de,0,2G
12153,1,Mark-3,"Würzburg, Germany",Quectel_EC21,262,Germany,de,0,2G
12154,1,Mark-3,"Würzburg, Germany",Quectel_EC21,262,Germany,de,0,2G
12155,1,Mark-3,"Würzburg, Germany",Quectel_EC21,262,Germany,de,0,2G
12158,1,Mark-3,"Würzburg, Germany",Quectel_EC21,262,Germany,de,0,2G
12159,1,Mark-3,"Würzburg, Germany",Quectel_EC21,262,Germany,de,0,2G
12160,1,Mark-3,"Würzburg, Germany",Quectel_EC21,262,Germany,de,0,2G
12163,1,Mark-3,"Würzburg, Germany",Quectel_EC21,262,Germany,de,0,2G
12164,1,Mark-3,"Würzburg, Germany",Quectel_EC21,262,Germany,de,0,2G
12170,1,Mark-3,"Würzburg, Germany",Quectel_EC21,262,Germany,de,0,2G
12171,1,Mark-3,"Würzburg, Germany",Quectel_EC21,262,Germany,de,0,2G
12172,1,Mark-3,"Würzburg, Germany",Quectel_EC21,262,Germany,de,0,2G
12173,1,Mark-3,"Würzburg, Germany",Quectel_EC21,262,Germany,de,0,2G
12177,1,Mark-3,"Würzburg, Germany",Quectel_EC21,262,Germany,de,0,2G
12179,1,Mark-3,"Würzburg, Germany",Quectel_EC21,262,Germany,de,0,2G
12180,1,Mark-3,"Würzburg, Germany",Quectel_EC21,262,Germany,de,0,2G
12181,1,Mark-3,"Würzburg, Germany",Quectel_EC21,262,Germany,de,0,2G
12182,1,Mark-3,"Würzburg, Germany",Quectel_EC21,262,Germany,de,0,2G
12183,1,Mark-3,"Würzburg, Germany",Quectel_EC21,262,Germany,de,0,2G
12184,1,Mark-3,"Würzburg, Germany",Quectel_EC21,262,Germany,de,0,2G
12388,1,Mark-3,"Würzburg, Germany",Quectel_BG96,262,Germany,de,0,2G
12390,1,Mark-3,"Würzburg, Germany",Quectel_BG96,262,Germany,de,0,2G
12391,1,Mark-3,"Würzburg, Germany",Quectel_BG96,262,Germany,de,0,2G
12393,1,Mark-3,"Würzburg, Germany",Quectel_BG96,262,Germany,de,0,2G
12395,1,Mark-3,"Würzburg, Germany",Quectel_BG96,262,Germany,de,0,2G
12397,1,Mark-3,"Würzburg, Germany",Quectel_BG96,262,Germany,de,0,2G
12402,1,Mark-3,"Würzburg, Germany",Quectel_BG96,262,Germany,de,0,2G
12403,1,Mark-3,"Würzburg, Germany",Quectel_BG96,262,Germany,de,0,2G
12404,1,Mark-3,"Würzburg, Germany",Quectel_BG96,262,Germany,de,0,2G
12408,1,Mark-3,"Würzburg, Germany",Quectel_BG96,262,Germany,de,0,2G
12410,1,Mark-3,"Würzburg, Germany",Quectel_BG96,262,Germany,de,0,2G
12411,1,Mark-3,"Würzburg, Germany",Quectel_BG96,262,Germany,de,0,2G
12415,1,Mark-3,"Würzburg, Germany",Quectel_BG96,262,Germany,de,0,2G
12416,1,Mark-3,"Würzburg, Germany",Quectel_BG96,262,Germany,de,0,2G
12418,1,Mark-3,"Würzburg, Germany",Quectel_BG96,262,Germany,de,0,2G
12419,1,Mark-3,"Würzburg, Germany",Quectel_BG96,262,Germany,de,0,2G
12420,1,Mark-3,"Würzburg, Germany",Quectel_BG96,262,Germany,de,0,2G
12422,1,Mark-3,"Würzburg, Germany",Quectel_BG96,262,Germany,de,0,2G
12424,1,Mark-3,"Würzburg, Germany",Quectel_BG96,262,Germany,de,0,2G
12426,1,Mark-3,"Würzburg, Germany",Quectel_BG96,262,Germany,de,0,2G
12427,1,Mark-3,"Würzburg, Germany",Quectel_BG96,262,Germany,de,0,2G
12428,1,Mark-3,"Würzburg, Germany",Quectel_BG96,262,Germany,de,0,2G
12429,1,Mark-3,"Würzburg, Germany",Quectel_BG96,262,Germany,de,0,2G
12431,1,Mark-3,"Würzburg, Germany",Quectel_BG96,262,Germany,de,0,2G
12432,1,Mark-3,"Würzburg, Germany",Quectel_BG96,262,Germany,de,0,2G
12437,1,Mark-3,"Würzburg, Germany",Quectel_BG96,262,Germany,de,0,2G
12439,1,Mark-3,"Würzburg, Germany",Quectel_BG96,262,Germany,de,0,2G
12444,1,Mark-3,"Würzburg, Germany",Quectel_BG96,262,Germany,de,0,2G
12445,1,Mark-3,"Würzburg, Germany",Quectel_BG96,262,Germany,de,0,2G
12446,1,Mark-3,"Würzburg, Germany",Quectel_BG96,262,Germany,de,0,2G
12447,1,Mark-3,"Würzburg, Germany",Quectel_BG96,262,Germany,de,0,2G
12449,1,Mark-3,"Würzburg, Germany",Quectel_BG96,262,Germany,de,0,2G
12451,1,Mark-3,"Würzburg, Germany",Quectel_BG96,262,Germany,de,0,2G
12452,1,Mark-3,"Würzburg, Germany",Quectel_BG96,262,Germany,de,0,2G
12457,1,Mark-3,"Würzburg, Germany",Quectel_BG96,262,Germany,de,0,2G
12460,1,Mark-3,"Würzburg, Germany",Quectel_BG96,262,Germany,de,0,2G
12462,1,Mark-3,"Würzburg, Germany",Quectel_BG96,262,Germany,de,0,2G
12465,1,Mark-3,"Würzburg, Germany",Quectel_BG96,262,Germany,de,0,2G
12468,1,Mark-3,"Würzburg, Germany",Quectel_BG96,262,Germany,de,0,2G
12470,1,Mark-3,"Würzburg, Germany",Quectel_BG96,262,Germany,de,0,2G
12472,1,Mark-3,"Würzburg, Germany",Quectel_BG96,262,Germany,de,0,2G
12473,1,Mark-3,"Würzburg, Germany",Quectel_BG96,262,Germany,de,0,2G
12474,1,Mark-3,"Würzburg, Germany",Quectel_BG96,262,Germany,de,0,2G
12479,1,Mark-3,"Würzburg, Germany",Quectel_BG96,262,Germany,de,0,2G
12482,1,Mark-3,"Würzburg, Germany",Quectel_BG96,262,Germany,de,0,2G
12484,1,Mark-3,"Würzburg, Germany",Quectel_BG96,262,Germany,de,0,2G
12485,1,Mark-3,"Würzburg, Germany",Quectel_BG96,262,Germany,de,0,2G
13376,1,Mark-3,"Würzburg, Germany",Quectel_EC21,262,Germany,de,0,2G
13378,1,Mark-3,"Würzburg, Germany",Quectel_EC21,262,Germany,de,0,2G
16191,1,Mark-3,"Würzburg, Germany",Quectel_EC21,262,Germany,de,0,2G
16192,1,Mark-3,"Würzburg, Germany",Quectel_EC21,262,Germany,de,0,2G
16193,1,Mark-3,"Würzburg, Germany",Quectel_EC21,262,Germany,de,0,2G
16194,1,Mark-3,"Würzburg, Germany",Quectel_EC21,262,Germany,de,0,2G
16195,1,Mark-3,"Würzburg, Germany",Quectel_EC21,262,Germany,de,0,2G
16196,1,Mark-3,"Würzburg, Germany",Quectel_EC21,262,Germany,de,0,2G
16197,1,Mark-3,"Würzburg, Germany",Quectel_EC21,262,Germany,de,0,2G
16198,1,Mark-3,"Würzburg, Germany",Quectel_EC21,262,Germany,de,0,2G
16199,1,Mark-3,"Würzburg, Germany",Quectel_EC21,262,Germany,de,0,2G
16200,1,Mark-3,"Würzburg, Germany",Quectel_EC21,262,Germany,de,0,2G
16221,1,Mark-3,"Würzburg, Germany",Quectel_BG96,262,Germany,de,0,2G
16222,1,Mark-3,"Würzburg, Germany",Quectel_BG96,262,Germany,de,0,2G
16223,1,Mark-3,"Würzburg, Germany",Quectel_BG96,262,Germany,de,0,2G
16224,1,Mark-3,"Würzburg, Germany",Quectel_BG96,262,Germany,de,0,2G
16225,1,Mark-3,"Würzburg, Germany",Quectel_BG96,262,Germany,de,0,2G
16226,1,Mark-3,"Würzburg, Germany",Quectel_BG96,262,Germany,de,0,2G
16227,1,Mark-3,"Würzburg, Germany",Quectel_BG96,262,Germany,de,0,2G
16228,1,Mark-3,"Würzburg, Germany",Quectel_BG96,262,Germany,de,0,2G
16229,1,Mark-3,"Würzburg, Germany",Quectel_BG96,262,Germany,de,0,2G
16230,1,Mark-3,"Würzburg, Germany",Quectel_BG96,262,Germany,de,0,2G
24303,1,Mark-1,"Würzburg, Germany",Quectel_EC21,262,Germany,de,0,2G
24306,1,Mark-1,"Würzburg, Germany",Quectel_BG96,262,Germany,de,0,2G
24327,1,Mark-1,"Würzburg, Germany",Quectel_EC21,262,Germany,de,0,2G
24330,1,Mark-1,"Würzburg, Germany",Quectel_BG96,262,Germany,de,0,2G
24351,1,Mark-1,"Würzburg, Germany",Quectel_EC21,262,Germany,de,0,2G
24354,1,Mark-1,"Würzburg, Germany",Quectel_BG96,262,Germany,de,0,2G
24375,1,Mark-1,"Würzburg, Germany",Quectel_EC21,262,Germany,de,0,2G
24378,1,Mark-1,"Würzburg, Germany",Quectel_BG96,262,Germany,de,0,2G
24399,1,Mark-1,"Würzburg, Germany",Quectel_EC21,262,Germany,de,0,2G
24402,1,Mark-1,"Würzburg, Germany",Quectel_BG96,262,Germany,de,0,2G
24423,1,Mark-1,"Würzburg, Germany",Quectel_EC21,262,Germany,de,0,2G
24426,1,Mark-1,"Würzburg, Germany",Quectel_BG96,262,Germany,de,0,2G
24447,1,Mark-1,"Würzburg, Germany",Quectel_EC21,262,Germany,de,0,2G
24471,1,Mark-1,"Würzburg, Germany",Quectel_EC21,262,Germany,de,0,2G
24474,1,Mark-1,"Würzburg, Germany",Quectel_BG96,262,Germany,de,0,2G
24495,1,Mark-1,"Würzburg, Germany",Quectel_EC21,262,Germany,de,0,2G
24498,1,Mark-1,"Würzburg, Germany",Quectel_BG96,262,Germany,de,0,2G
24519,1,Mark-1,"Würzburg, Germany",Quectel_EC21,262,Germany,de,0,2G
24522,1,Mark-1,"Würzburg, Germany",Quectel_BG96,262,Germany,de,0,2G
12088,1,Mark-3,"Würzburg, Germany",Quectel_EC21,262,Germany,de,7,LTE CAT1
12089,1,Mark-3,"Würzburg, Germany",Quectel_EC21,262,Germany,de,7,LTE CAT1
12094,1,Mark-3,"Würzburg, Germany",Quectel_EC21,262,Germany,de,7,LTE CAT1
12095,1,Mark-3,"Würzburg, Germany",Quectel_EC21,262,Germany,de,7,LTE CAT1
12097,1,Mark-3,"Würzburg, Germany",Quectel_EC21,262,Germany,de,7,LTE CAT1
12100,1,Mark-3,"Würzburg, Germany",Quectel_EC21,262,Germany,de,7,LTE CAT1
12104,1,Mark-3,"Würzburg, Germany",Quectel_EC21,262,Germany,de,7,LTE CAT1
12105,1,Mark-3,"Würzburg, Germany",Quectel_EC21,262,Germany,de,7,LTE CAT1
12107,1,Mark-3,"Würzburg, Germany",Quectel_EC21,262,Germany,de,7,LTE CAT1
12110,1,Mark-3,"Würzburg, Germany",Quectel_EC21,262,Germany,de,7,LTE CAT1
12111,1,Mark-3,"Würzburg, Germany",Quectel_EC21,262,Germany,de,7,LTE CAT1
12115,1,Mark-3,"Würzburg, Germany",Quectel_EC21,262,Germany,de,7,LTE CAT1
12127,1,Mark-3,"Würzburg, Germany",Quectel_EC21,262,Germany,de,7,LTE CAT1
12129,1,Mark-3,"Würzburg, Germany",Quectel_EC21,262,Germany,de,7,LTE CAT1
12130,1,Mark-3,"Würzburg, Germany",Quectel_EC21,262,Germany,de,7,LTE CAT1
12131,1,Mark-3,"Würzburg, Germany",Quectel_EC21,262,Germany,de,7,LTE CAT1
12132,1,Mark-3,"Würzburg, Germany",Quectel_EC21,262,Germany,de,7,LTE CAT1
12133,1,Mark-3,"Würzburg, Germany",Quectel_EC21,262,Germany,de,7,LTE CAT1
12136,1,Mark-3,"Würzburg, Germany",Quectel_EC21,262,Germany,de,7,LTE CAT1
12137,1,Mark-3,"Würzburg, Germany",Quectel_EC21,262,Germany,de,7,LTE CAT1
12140,1,Mark-3,"Würzburg, Germany",Quectel_EC21,262,Germany,de,7,LTE CAT1
12141,1,Mark-3,"Würzburg, Germany",Quectel_EC21,262,Germany,de,7,LTE CAT1
12142,1,Mark-3,"Würzburg, Germany",Quectel_EC21,262,Germany,de,7,LTE CAT1
12144,1,Mark-3,"Würzburg, Germany",Quectel_EC21,262,Germany,de,7,LTE CAT1
12145,1,Mark-3,"Würzburg, Germany",Quectel_EC21,262,Germany,de,7,LTE CAT1
12146,1,Mark-3,"Würzburg, Germany",Quectel_EC21,262,Germany,de,7,LTE CAT1
12147,1,Mark-3,"Würzburg, Germany",Quectel_EC21,262,Germany,de,7,LTE CAT1
12148,1,Mark-3,"Würzburg, Germany",Quectel_EC21,262,Germany,de,7,LTE CAT1
12150,1,Mark-3,"Würzburg, Germany",Quectel_EC21,262,Germany,de,7,LTE CAT1
12151,1,Mark-3,"Würzburg, Germany",Quectel_EC21,262,Germany,de,7,LTE CAT1
12152,1,Mark-3,"Würzburg, Germany",Quectel_EC21,262,Germany,de,7,LTE CAT1
12156,1,Mark-3,"Würzburg, Germany",Quectel_EC21,262,Germany,de,7,LTE CAT1
12157,1,Mark-3,"Würzburg, Germany",Quectel_EC21,262,Germany,de,7,LTE CAT1
12161,1,Mark-3,"Würzburg, Germany",Quectel_EC21,262,Germany,de,7,LTE CAT1
12162,1,Mark-3,"Würzburg, Germany",Quectel_EC21,262,Germany,de,7,LTE CAT1
12165,1,Mark-3,"Würzburg, Germany",Quectel_EC21,262,Germany,de,7,LTE CAT1
12166,1,Mark-3,"Würzburg, Germany",Quectel_EC21,262,Germany,de,7,LTE CAT1
12167,1,Mark-3,"Würzburg, Germany",Quectel_EC21,262,Germany,de,7,LTE CAT1
12168,1,Mark-3,"Würzburg, Germany",Quectel_EC21,262,Germany,de,7,LTE CAT1
12169,1,Mark-3,"Würzburg, Germany",Quectel_EC21,262,Germany,de,7,LTE CAT1
12174,1,Mark-3,"Würzburg, Germany",Quectel_EC21,262,Germany,de,7,LTE CAT1
12175,1,Mark-3,"Würzburg, Germany",Quectel_EC21,262,Germany,de,7,LTE CAT1
12176,1,Mark-3,"Würzburg, Germany",Quectel_EC21,262,Germany,de,7,LTE CAT1
12178,1,Mark-3,"Würzburg, Germany",Quectel_EC21,262,Germany,de,7,LTE CAT1
12185,1,Mark-3,"Würzburg, Germany",Quectel_EC21,262,Germany,de,7,LTE CAT1
12186,1,Mark-3,"Würzburg, Germany",Quectel_EC21,262,Germany,de,7,LTE CAT1
12187,1,Mark-3,"Würzburg, Germany",Quectel_EC21,262,Germany,de,7,LTE CAT1
12188,1,Mark-3,"Würzburg, Germany",Quectel_EC21,262,Germany,de,7,LTE CAT1
12189,1,Mark-3,"Würzburg, Germany",Quectel_EC21,262,Germany,de,7,LTE CAT1
12190,1,Mark-3,"Würzburg, Germany",Quectel_EC21,262,Germany,de,7,LTE CAT1
12191,1,Mark-3,"Würzburg, Germany",Quectel_EC21,262,Germany,de,7,LTE CAT1
12192,1,Mark-3,"Würzburg, Germany",Quectel_EC21,262,Germany,de,7,LTE CAT1
12193,1,Mark-3,"Würzburg, Germany",Quectel_EC21,262,Germany,de,7,LTE CAT1
12194,1,Mark-3,"Würzburg, Germany",Quectel_EC21,262,Germany,de,7,LTE CAT1
12195,1,Mark-3,"Würzburg, Germany",Quectel_EC21,262,Germany,de,7,LTE CAT1
12196,1,Mark-3,"Würzburg, Germany",Quectel_EC21,262,Germany,de,7,LTE CAT1
12197,1,Mark-3,"Würzburg, Germany",Quectel_EC21,262,Germany,de,7,LTE CAT1
12198,1,Mark-3,"Würzburg, Germany",Quectel_EC21,262,Germany,de,7,LTE CAT1
12199,1,Mark-3,"Würzburg, Germany",Quectel_EC21,262,Germany,de,7,LTE CAT1
12200,1,Mark-3,"Würzburg, Germany",Quectel_EC21,262,Germany,de,7,LTE CAT1
12201,1,Mark-3,"Würzburg, Germany",Quectel_EC21,262,Germany,de,7,LTE CAT1
12202,1,Mark-3,"Würzburg, Germany",Quectel_EC21,262,Germany,de,7,LTE CAT1
12203,1,Mark-3,"Würzburg, Germany",Quectel_EC21,262,Germany,de,7,LTE CAT1
12204,1,Mark-3,"Würzburg, Germany",Quectel_EC21,262,Germany,de,7,LTE CAT1
12205,1,Mark-3,"Würzburg, Germany",Quectel_EC21,262,Germany,de,7,LTE CAT1
12206,1,Mark-3,"Würzburg, Germany",Quectel_EC21,262,Germany,de,7,LTE CAT1
12207,1,Mark-3,"Würzburg, Germany",Quectel_EC21,262,Germany,de,7,LTE CAT1
12208,1,Mark-3,"Würzburg, Germany",Quectel_EC21,262,Germany,de,7,LTE CAT1
12209,1,Mark-3,"Würzburg, Germany",Quectel_EC21,262,Germany,de,7,LTE CAT1
12210,1,Mark-3,"Würzburg, Germany",Quectel_EC21,262,Germany,de,7,LTE CAT1
12211,1,Mark-3,"Würzburg, Germany",Quectel_EC21,262,Germany,de,7,LTE CAT1
12212,1,Mark-3,"Würzburg, Germany",Quectel_EC21,262,Germany,de,7,LTE CAT1
12213,1,Mark-3,"Würzburg, Germany",Quectel_EC21,262,Germany,de,7,LTE CAT1
12214,1,Mark-3,"Würzburg, Germany",Quectel_EC21,262,Germany,de,7,LTE CAT1
12215,1,Mark-3,"Würzburg, Germany",Quectel_EC21,262,Germany,de,7,LTE CAT1
12216,1,Mark-3,"Würzburg, Germany",Quectel_EC21,262,Germany,de,7,LTE CAT1
12217,1,Mark-3,"Würzburg, Germany",Quectel_EC21,262,Germany,de,7,LTE CAT1
12218,1,Mark-3,"Würzburg, Germany",Quectel_EC21,262,Germany,de,7,LTE CAT1
12219,1,Mark-3,"Würzburg, Germany",Quectel_EC21,262,Germany,de,7,LTE CAT1
12220,1,Mark-3,"Würzburg, Germany",Quectel_EC21,262,Germany,de,7,LTE CAT1
12221,1,Mark-3,"Würzburg, Germany",Quectel_EC21,262,Germany,de,7,LTE CAT1
12222,1,Mark-3,"Würzburg, Germany",Quectel_EC21,262,Germany,de,7,LTE CAT1
12223,1,Mark-3,"Würzburg, Germany",Quectel_EC21,262,Germany,de,7,LTE CAT1
12224,1,Mark-3,"Würzburg, Germany",Quectel_EC21,262,Germany,de,7,LTE CAT1
12225,1,Mark-3,"Würzburg, Germany",Quectel_EC21,262,Germany,de,7,LTE CAT1
12226,1,Mark-3,"Würzburg, Germany",Quectel_EC21,262,Germany,de,7,LTE CAT1
12227,1,Mark-3,"Würzburg, Germany",Quectel_EC21,262,Germany,de,7,LTE CAT1
12228,1,Mark-3,"Würzburg, Germany",Quectel_EC21,262,Germany,de,7,LTE CAT1
12229,1,Mark-3,"Würzburg, Germany",Quectel_EC21,262,Germany,de,7,LTE CAT1
12230,1,Mark-3,"Würzburg, Germany",Quectel_EC21,262,Germany,de,7,LTE CAT1
12231,1,Mark-3,"Würzburg, Germany",Quectel_EC21,262,Germany,de,7,LTE CAT1
12232,1,Mark-3,"Würzburg, Germany",Quectel_EC21,262,Germany,de,7,LTE CAT1
12233,1,Mark-3,"Würzburg, Germany",Quectel_EC21,262,Germany,de,7,LTE CAT1
12234,1,Mark-3,"Würzburg, Germany",Quectel_EC21,262,Germany,de,7,LTE CAT1
12235,1,Mark-3,"Würzburg, Germany",Quectel_EC21,262,Germany,de,7,LTE CAT1
12236,1,Mark-3,"Würzburg, Germany",Quectel_EC21,262,Germany,de,7,LTE CAT1
12237,1,Mark-3,"Würzburg, Germany",Quectel_EC21,262,Germany,de,7,LTE CAT1
12238,1,Mark-3,"Würzburg, Germany",Quectel_EC21,262,Germany,de,7,LTE CAT1
12239,1,Mark-3,"Würzburg, Germany",Quectel_EC21,262,Germany,de,7,LTE CAT1
12240,1,Mark-3,"Würzburg, Germany",Quectel_EC21,262,Germany,de,7,LTE CAT1
12241,1,Mark-3,"Würzburg, Germany",Quectel_EC21,262,Germany,de,7,LTE CAT1
12242,1,Mark-3,"Würzburg, Germany",Quectel_EC21,262,Germany,de,7,LTE CAT1
12243,1,Mark-3,"Würzburg, Germany",Quectel_EC21,262,Germany,de,7,LTE CAT1
12244,1,Mark-3,"Würzburg, Germany",Quectel_EC21,262,Germany,de,7,LTE CAT1
12245,1,Mark-3,"Würzburg, Germany",Quectel_EC21,262,Germany,de,7,LTE CAT1
12246,1,Mark-3,"Würzburg, Germany",Quectel_EC21,262,Germany,de,7,LTE CAT1
12247,1,Mark-3,"Würzburg, Germany",Quectel_EC21,262,Germany,de,7,LTE CAT1
12248,1,Mark-3,"Würzburg, Germany",Quectel_EC21,262,Germany,de,7,LTE CAT1
12249,1,Mark-3,"Würzburg, Germany",Quectel_EC21,262,Germany,de,7,LTE CAT1
12250,1,Mark-3,"Würzburg, Germany",Quectel_EC21,262,Germany,de,7,LTE CAT1
12251,1,Mark-3,"Würzburg, Germany",Quectel_EC21,262,Germany,de,7,LTE CAT1
12252,1,Mark-3,"Würzburg, Germany",Quectel_EC21,262,Germany,de,7,LTE CAT1
12253,1,Mark-3,"Würzburg, Germany",Quectel_EC21,262,Germany,de,7,LTE CAT1
12254,1,Mark-3,"Würzburg, Germany",Quectel_EC21,262,Germany,de,7,LTE CAT1
12255,1,Mark-3,"Würzburg, Germany",Quectel_EC21,262,Germany,de,7,LTE CAT1
12256,1,Mark-3,"Würzburg, Germany",Quectel_EC21,262,Germany,de,7,LTE CAT1
12257,1,Mark-3,"Würzburg, Germany",Quectel_EC21,262,Germany,de,7,LTE CAT1
12258,1,Mark-3,"Würzburg, Germany",Quectel_EC21,262,Germany,de,7,LTE CAT1
12259,1,Mark-3,"Würzburg, Germany",Quectel_EC21,262,Germany,de,7,LTE CAT1
12261,1,Mark-3,"Würzburg, Germany",Quectel_EC21,262,Germany,de,7,LTE CAT1
12262,1,Mark-3,"Würzburg, Germany",Quectel_EC21,262,Germany,de,7,LTE CAT1
12263,1,Mark-3,"Würzburg, Germany",Quectel_EC21,262,Germany,de,7,LTE CAT1
12264,1,Mark-3,"Würzburg, Germany",Quectel_EC21,262,Germany,de,7,LTE CAT1
12265,1,Mark-3,"Würzburg, Germany",Quectel_EC21,262,Germany,de,7,LTE CAT1
12266,1,Mark-3,"Würzburg, Germany",Quectel_EC21,262,Germany,de,7,LTE CAT1
12267,1,Mark-3,"Würzburg, Germany",Quectel_EC21,262,Germany,de,7,LTE CAT1
12268,1,Mark-3,"Würzburg, Germany",Quectel_EC21,262,Germany,de,7,LTE CAT1
12269,1,Mark-3,"Würzburg, Germany",Quectel_EC21,262,Germany,de,7,LTE CAT1
12270,1,Mark-3,"Würzburg, Germany",Quectel_EC21,262,Germany,de,7,LTE CAT1
12271,1,Mark-3,"Würzburg, Germany",Quectel_EC21,262,Germany,de,7,LTE CAT1
12272,1,Mark-3,"Würzburg, Germany",Quectel_EC21,262,Germany,de,7,LTE CAT1
12273,1,Mark-3,"Würzburg, Germany",Quectel_EC21,262,Germany,de,7,LTE CAT1
12274,1,Mark-3,"Würzburg, Germany",Quectel_EC21,262,Germany,de,7,LTE CAT1
12275,1,Mark-3,"Würzburg, Germany",Quectel_EC21,262,Germany,de,7,LTE CAT1
12276,1,Mark-3,"Würzburg, Germany",Quectel_EC21,262,Germany,de,7,LTE CAT1
12277,1,Mark-3,"Würzburg, Germany",Quectel_EC21,262,Germany,de,7,LTE CAT1
12278,1,Mark-3,"Würzburg, Germany",Quectel_EC21,262,Germany,de,7,LTE CAT1
12279,1,Mark-3,"Würzburg, Germany",Quectel_EC21,262,Germany,de,7,LTE CAT1
12280,1,Mark-3,"Würzburg, Germany",Quectel_EC21,262,Germany,de,7,LTE CAT1
12281,1,Mark-3,"Würzburg, Germany",Quectel_EC21,262,Germany,de,7,LTE CAT1
12282,1,Mark-3,"Würzburg, Germany",Quectel_EC21,262,Germany,de,7,LTE CAT1
12283,1,Mark-3,"Würzburg, Germany",Quectel_EC21,262,Germany,de,7,LTE CAT1
12284,1,Mark-3,"Würzburg, Germany",Quectel_EC21,262,Germany,de,7,LTE CAT1
12285,1,Mark-3,"Würzburg, Germany",Quectel_EC21,262,Germany,de,7,LTE CAT1
12286,1,Mark-3,"Würzburg, Germany",Quectel_EC21,262,Germany,de,7,LTE CAT1
13375,1,Mark-3,"Würzburg, Germany",Quectel_EC21,262,Germany,de,7,LTE CAT1
13377,1,Mark-3,"Würzburg, Germany",Quectel_EC21,262,Germany,de,7,LTE CAT1
16179,1,Mark-3,"Würzburg, Germany",Quectel_EC21,262,Germany,de,7,LTE CAT1
16181,1,Mark-3,"Würzburg, Germany",Quectel_EC21,262,Germany,de,7,LTE CAT1
16182,1,Mark-3,"Würzburg, Germany",Quectel_EC21,262,Germany,de,7,LTE CAT1
16183,1,Mark-3,"Würzburg, Germany",Quectel_EC21,262,Germany,de,7,LTE CAT1
16184,1,Mark-3,"Würzburg, Germany",Quectel_EC21,262,Germany,de,7,LTE CAT1
16185,1,Mark-3,"Würzburg, Germany",Quectel_EC21,262,Germany,de,7,LTE CAT1
16186,1,Mark-3,"Würzburg, Germany",Quectel_EC21,262,Germany,de,7,LTE CAT1
16187,1,Mark-3,"Würzburg, Germany",Quectel_EC21,262,Germany,de,7,LTE CAT1
16188,1,Mark-3,"Würzburg, Germany",Quectel_EC21,262,Germany,de,7,LTE CAT1
16189,1,Mark-3,"Würzburg, Germany",Quectel_EC21,262,Germany,de,7,LTE CAT1
16190,1,Mark-3,"Würzburg, Germany",Quectel_EC21,262,Germany,de,7,LTE CAT1
17253,1,Mark-1,"Würzburg, Germany",Quectel_EC21,262,Germany,de,7,LTE CAT1
17255,1,Mark-1,"Würzburg, Germany",Quectel_EC21,262,Germany,de,7,LTE CAT1
17268,1,Mark-1,"Würzburg, Germany",Quectel_EC21,262,Germany,de,7,LTE CAT1
17269,1,Mark-1,"Würzburg, Germany",Quectel_EC21,262,Germany,de,7,LTE CAT1
17270,1,Mark-1,"Würzburg, Germany",Quectel_EC21,262,Germany,de,7,LTE CAT1
17271,1,Mark-1,"Würzburg, Germany",Quectel_EC21,262,Germany,de,7,LTE CAT1
17272,1,Mark-1,"Würzburg, Germany",Quectel_EC21,262,Germany,de,7,LTE CAT1
17273,1,Mark-1,"Würzburg, Germany",Quectel_EC21,262,Germany,de,7,LTE CAT1
17274,1,Mark-1,"Würzburg, Germany",Quectel_EC21,262,Germany,de,7,LTE CAT1
17275,1,Mark-1,"Würzburg, Germany",Quectel_EC21,262,Germany,de,7,LTE CAT1
17276,1,Mark-1,"Würzburg, Germany",Quectel_EC21,262,Germany,de,7,LTE CAT1
17277,1,Mark-1,"Würzburg, Germany",Quectel_EC21,262,Germany,de,7,LTE CAT1
17278,1,Mark-1,"Würzburg, Germany",Quectel_EC21,262,Germany,de,7,LTE CAT1
17279,1,Mark-2,"Würzburg, Germany",Quectel_EC21,262,Germany,de,7,LTE CAT1
17346,1,Mark-1,"Würzburg, Germany",Quectel_EC21,262,Germany,de,7,LTE CAT1
17347,1,Mark-1,"Würzburg, Germany",Quectel_EC21,262,Germany,de,7,LTE CAT1
17348,1,Mark-1,"Würzburg, Germany",Quectel_EC21,262,Germany,de,7,LTE CAT1
17349,1,Mark-1,"Würzburg, Germany",Quectel_EC21,262,Germany,de,7,LTE CAT1
17350,1,Mark-1,"Würzburg, Germany",Quectel_EC21,262,Germany,de,7,LTE CAT1
17351,1,Mark-1,"Würzburg, Germany",Quectel_EC21,262,Germany,de,7,LTE CAT1
17352,1,Mark-1,"Würzburg, Germany",Quectel_EC21,262,Germany,de,7,LTE CAT1
17353,1,Mark-1,"Würzburg, Germany",Quectel_EC21,262,Germany,de,7,LTE CAT1
17354,1,Mark-1,"Würzburg, Germany",Quectel_EC21,262,Germany,de,7,LTE CAT1
17355,1,Mark-1,"Würzburg, Germany",Quectel_EC21,262,Germany,de,7,LTE CAT1
17833,1,Mark-4,"Würzburg, Germany",Quectel_EC21,262,Germany,de,7,LTE CAT1
17834,1,Mark-4,"Würzburg, Germany",Quectel_EC21,262,Germany,de,7,LTE CAT1
17838,1,Mark-4,"Würzburg, Germany",Quectel_EC21,262,Germany,de,7,LTE CAT1
17842,1,Mark-4,"Würzburg, Germany",Quectel_EC21,262,Germany,de,7,LTE CAT1
17865,1,Mark-4,"Würzburg, Germany",Quectel_EC21,262,Germany,de,7,LTE CAT1
18696,1,Mark-1,"Würzburg, Germany",Quectel_EC21,262,Germany,de,7,LTE CAT1
24293,1,Mark-6,"Munich, Germany",Quectel_EC21,262,Germany,de,7,LTE CAT1
24297,1,Mark-1,"Würzburg, Germany",Quectel_EC21,262,Germany,de,7,LTE CAT1
24321,1,Mark-1,"Würzburg, Germany",Quectel_EC21,262,Germany,de,7,LTE CAT1
24345,1,Mark-1,"Würzburg, Germany",Quectel_EC21,262,Germany,de,7,LTE CAT1
24369,1,Mark-1,"Würzburg, Germany",Quectel_EC21,262,Germany,de,7,LTE CAT1
24393,1,Mark-1,"Würzburg, Germany",Quectel_EC21,262,Germany,de,7,LTE CAT1
24417,1,Mark-1,"Würzburg, Germany",Quectel_EC21,262,Germany,de,7,LTE CAT1
24441,1,Mark-1,"Würzburg, Germany",Quectel_EC21,262,Germany,de,7,LTE CAT1
24465,1,Mark-1,"Würzburg, Germany",Quectel_EC21,262,Germany,de,7,LTE CAT1
24489,1,Mark-1,"Würzburg, Germany",Quectel_EC21,262,Germany,de,7,LTE CAT1
24513,1,Mark-1,"Würzburg, Germany",Quectel_EC21,262,Germany,de,7,LTE CAT1
10247,1,Mark-7,"Trondheim, Norway",Quectel_BG96,262,Germany,de,8,LTE-M
10248,1,Mark-7,"Trondheim, Norway",Quectel_BG96,262,Germany,de,8,LTE-M
10249,1,Mark-7,"Trondheim, Norway",Quectel_BG96,262,Germany,de,8,LTE-M
10253,1,Mark-7,"Trondheim, Norway",Quectel_BG96,262,Germany,de,8,LTE-M
10254,1,Mark-7,"Trondheim, Norway",Quectel_BG96,262,Germany,de,8,LTE-M
10255,1,Mark-7,"Trondheim, Norway",Quectel_BG96,262,Germany,de,8,LTE-M
10256,1,Mark-7,"Trondheim, Norway",Quectel_BG96,262,Germany,de,8,LTE-M
10257,1,Mark-7,"Trondheim, Norway",Quectel_BG96,262,Germany,de,8,LTE-M
10262,1,Mark-7,"Trondheim, Norway",Quectel_BG96,262,Germany,de,8,LTE-M
10263,1,Mark-7,"Trondheim, Norway",Quectel_BG96,262,Germany,de,8,LTE-M
10264,1,Mark-7,"Trondheim, Norway",Quectel_BG96,262,Germany,de,8,LTE-M
10265,1,Mark-7,"Trondheim, Norway",Quectel_BG96,262,Germany,de,8,LTE-M
10266,1,Mark-7,"Trondheim, Norway",Quectel_BG96,262,Germany,de,8,LTE-M
10267,1,Mark-7,"Trondheim, Norway",Quectel_BG96,262,Germany,de,8,LTE-M
10268,1,Mark-7,"Trondheim, Norway",Quectel_BG96,262,Germany,de,8,LTE-M
10269,1,Mark-7,"Trondheim, Norway",Quectel_BG96,262,Germany,de,8,LTE-M
10270,1,Mark-7,"Trondheim, Norway",Quectel_BG96,262,Germany,de,8,LTE-M
10271,1,Mark-7,"Trondheim, Norway",Quectel_BG96,262,Germany,de,8,LTE-M
10272,1,Mark-7,"Trondheim, Norway",Quectel_BG96,262,Germany,de,8,LTE-M
10275,1,Mark-7,"Trondheim, Norway",Quectel_BG96,262,Germany,de,8,LTE-M
10276,1,Mark-7,"Trondheim, Norway",Quectel_BG96,262,Germany,de,8,LTE-M
10277,1,Mark-7,"Trondheim, Norway",Quectel_BG96,262,Germany,de,8,LTE-M
10281,1,Mark-7,"Trondheim, Norway",Quectel_BG96,262,Germany,de,8,LTE-M
10284,1,Mark-7,"Trondheim, Norway",Quectel_BG96,262,Germany,de,8,LTE-M
10285,1,Mark-7,"Trondheim, Norway",Quectel_BG96,262,Germany,de,8,LTE-M
10286,1,Mark-7,"Trondheim, Norway",Quectel_BG96,262,Germany,de,8,LTE-M
10287,1,Mark-7,"Trondheim, Norway",Quectel_BG96,262,Germany,de,8,LTE-M
10288,1,Mark-7,"Trondheim, Norway",Quectel_BG96,262,Germany,de,8,LTE-M
10289,1,Mark-7,"Trondheim, Norway",Quectel_BG96,262,Germany,de,8,LTE-M
10290,1,Mark-7,"Trondheim, Norway",Quectel_BG96,262,Germany,de,8,LTE-M
10291,1,Mark-7,"Trondheim, Norway",Quectel_BG96,262,Germany,de,8,LTE-M
10292,1,Mark-7,"Trondheim, Norway",Quectel_BG96,262,Germany,de,8,LTE-M
10293,1,Mark-7,"Trondheim, Norway",Quectel_BG96,262,Germany,de,8,LTE-M
10294,1,Mark-7,"Trondheim, Norway",Quectel_BG96,262,Germany,de,8,LTE-M
10297,1,Mark-7,"Trondheim, Norway",Quectel_BG96,262,Germany,de,8,LTE-M
10298,1,Mark-7,"Trondheim, Norway",Quectel_BG96,262,Germany,de,8,LTE-M
10299,1,Mark-7,"Trondheim, Norway",Quectel_BG96,262,Germany,de,8,LTE-M
10300,1,Mark-7,"Trondheim, Norway",Quectel_BG96,262,Germany,de,8,LTE-M
10301,1,Mark-7,"Trondheim, Norway",Quectel_BG96,262,Germany,de,8,LTE-M
10302,1,Mark-7,"Trondheim, Norway",Quectel_BG96,262,Germany,de,8,LTE-M
10303,1,Mark-7,"Trondheim, Norway",Quectel_BG96,262,Germany,de,8,LTE-M
10304,1,Mark-7,"Trondheim, Norway",Quectel_BG96,262,Germany,de,8,LTE-M
10305,1,Mark-7,"Trondheim, Norway",Quectel_BG96,262,Germany,de,8,LTE-M
10306,1,Mark-7,"Trondheim, Norway",Quectel_BG96,262,Germany,de,8,LTE-M
10307,1,Mark-7,"Trondheim, Norway",Quectel_BG96,262,Germany,de,8,LTE-M
10308,1,Mark-7,"Trondheim, Norway",Quectel_BG96,262,Germany,de,8,LTE-M
10309,1,Mark-7,"Trondheim, Norway",Quectel_BG96,262,Germany,de,8,LTE-M
10310,1,Mark-7,"Trondheim, Norway",Quectel_BG96,262,Germany,de,8,LTE-M
10311,1,Mark-7,"Trondheim, Norway",Quectel_BG96,262,Germany,de,8,LTE-M
10313,1,Mark-7,"Trondheim, Norway",Quectel_BG96,262,Germany,de,8,LTE-M
10314,1,Mark-7,"Trondheim, Norway",Quectel_BG96,262,Germany,de,8,LTE-M
10315,1,Mark-7,"Trondheim, Norway",Quectel_BG96,262,Germany,de,8,LTE-M
10316,1,Mark-7,"Trondheim, Norway",Quectel_BG96,262,Germany,de,8,LTE-M
10317,1,Mark-7,"Trondheim, Norway",Quectel_BG96,262,Germany,de,8,LTE-M
10319,1,Mark-7,"Trondheim, Norway",Quectel_BG96,262,Germany,de,8,LTE-M
10322,1,Mark-7,"Trondheim, Norway",Quectel_BG96,262,Germany,de,8,LTE-M
10323,1,Mark-7,"Trondheim, Norway",Quectel_BG96,262,Germany,de,8,LTE-M
10324,1,Mark-7,"Trondheim, Norway",Quectel_BG96,262,Germany,de,8,LTE-M
10325,1,Mark-7,"Trondheim, Norway",Quectel_BG96,262,Germany,de,8,LTE-M
10326,1,Mark-7,"Trondheim, Norway",Quectel_BG96,262,Germany,de,8,LTE-M
10327,1,Mark-7,"Trondheim, Norway",Quectel_BG96,262,Germany,de,8,LTE-M
10328,1,Mark-7,"Trondheim, Norway",Quectel_BG96,262,Germany,de,8,LTE-M
10329,1,Mark-7,"Trondheim, Norway",Quectel_BG96,262,Germany,de,8,LTE-M
10330,1,Mark-7,"Trondheim, Norway",Quectel_BG96,262,Germany,de,8,LTE-M
10331,1,Mark-7,"Trondheim, Norway",Quectel_BG96,262,Germany,de,8,LTE-M
10332,1,Mark-7,"Trondheim, Norway",Quectel_BG96,262,Germany,de,8,LTE-M
10333,1,Mark-7,"Trondheim, Norway",Quectel_BG96,262,Germany,de,8,LTE-M
10334,1,Mark-7,"Trondheim, Norway",Quectel_BG96,262,Germany,de,8,LTE-M
10336,1,Mark-7,"Trondheim, Norway",Quectel_BG96,262,Germany,de,8,LTE-M
10337,1,Mark-7,"Trondheim, Norway",Quectel_BG96,262,Germany,de,8,LTE-M
10338,1,Mark-7,"Trondheim, Norway",Quectel_BG96,262,Germany,de,8,LTE-M
10339,1,Mark-7,"Trondheim, Norway",Quectel_BG96,262,Germany,de,8,LTE-M
10341,1,Mark-7,"Trondheim, Norway",Quectel_BG96,262,Germany,de,8,LTE-M
10342,1,Mark-7,"Trondheim, Norway",Quectel_BG96,262,Germany,de,8,LTE-M
10343,1,Mark-7,"Trondheim, Norway",Quectel_BG96,262,Germany,de,8,LTE-M
10344,1,Mark-7,"Trondheim, Norway",Quectel_BG96,262,Germany,de,8,LTE-M
10345,1,Mark-7,"Trondheim, Norway",Quectel_BG96,262,Germany,de,8,LTE-M
10346,1,Mark-7,"Trondheim, Norway",Quectel_BG96,262,Germany,de,8,LTE-M
10347,1,Mark-7,"Trondheim, Norway",Quectel_BG96,262,Germany,de,8,LTE-M
10348,1,Mark-7,"Trondheim, Norway",Quectel_BG96,262,Germany,de,8,LTE-M
10352,1,Mark-7,"Trondheim, Norway",Quectel_BG96,262,Germany,de,8,LTE-M
10353,1,Mark-7,"Trondheim, Norway",Quectel_BG96,262,Germany,de,8,LTE-M
10354,1,Mark-7,"Trondheim, Norway",Quectel_BG96,262,Germany,de,8,LTE-M
10355,1,Mark-7,"Trondheim, Norway",Quectel_BG96,262,Germany,de,8,LTE-M
10356,1,Mark-7,"Trondheim, Norway",Quectel_BG96,262,Germany,de,8,LTE-M
10357,1,Mark-7,"Trondheim, Norway",Quectel_BG96,262,Germany,de,8,LTE-M
10361,1,Mark-7,"Trondheim, Norway",Quectel_BG96,262,Germany,de,8,LTE-M
10362,1,Mark-7,"Trondheim, Norway",Quectel_BG96,262,Germany,de,8,LTE-M
10363,1,Mark-7,"Trondheim, Norway",Quectel_BG96,262,Germany,de,8,LTE-M
10365,1,Mark-7,"Trondheim, Norway",Quectel_BG96,262,Germany,de,8,LTE-M
10366,1,Mark-7,"Trondheim, Norway",Quectel_BG96,262,Germany,de,8,LTE-M
10367,1,Mark-7,"Trondheim, Norway",Quectel_BG96,262,Germany,de,8,LTE-M
10368,1,Mark-7,"Trondheim, Norway",Quectel_BG96,262,Germany,de,8,LTE-M
10369,1,Mark-7,"Trondheim, Norway",Quectel_BG96,262,Germany,de,8,LTE-M
10370,1,Mark-7,"Trondheim, Norway",Quectel_BG96,262,Germany,de,8,LTE-M
10371,1,Mark-7,"Trondheim, Norway",Quectel_BG96,262,Germany,de,8,LTE-M
10372,1,Mark-7,"Trondheim, Norway",Quectel_BG96,262,Germany,de,8,LTE-M
10373,1,Mark-7,"Trondheim, Norway",Quectel_BG96,262,Germany,de,8,LTE-M
10374,1,Mark-7,"Trondheim, Norway",Quectel_BG96,262,Germany,de,8,LTE-M
10375,1,Mark-7,"Trondheim, Norway",Quectel_BG96,262,Germany,de,8,LTE-M
10376,1,Mark-7,"Trondheim, Norway",Quectel_BG96,262,Germany,de,8,LTE-M
10378,1,Mark-7,"Trondheim, Norway",Quectel_BG96,262,Germany,de,8,LTE-M
10379,1,Mark-7,"Trondheim, Norway",Quectel_BG96,262,Germany,de,8,LTE-M
10380,1,Mark-7,"Trondheim, Norway",Quectel_BG96,262,Germany,de,8,LTE-M
10381,1,Mark-7,"Trondheim, Norway",Quectel_BG96,262,Germany,de,8,LTE-M
10382,1,Mark-7,"Trondheim, Norway",Quectel_BG96,262,Germany,de,8,LTE-M
10383,1,Mark-7,"Trondheim, Norway",Quectel_BG96,262,Germany,de,8,LTE-M
10384,1,Mark-7,"Trondheim, Norway",Quectel_BG96,262,Germany,de,8,LTE-M
10385,1,Mark-7,"Trondheim, Norway",Quectel_BG96,262,Germany,de,8,LTE-M
10386,1,Mark-7,"Trondheim, Norway",Quectel_BG96,262,Germany,de,8,LTE-M
10387,1,Mark-7,"Trondheim, Norway",Quectel_BG96,262,Germany,de,8,LTE-M
10388,1,Mark-7,"Trondheim, Norway",Quectel_BG96,262,Germany,de,8,LTE-M
10389,1,Mark-7,"Trondheim, Norway",Quectel_BG96,262,Germany,de,8,LTE-M
10390,1,Mark-7,"Trondheim, Norway",Quectel_BG96,262,Germany,de,8,LTE-M
10391,1,Mark-7,"Trondheim, Norway",Quectel_BG96,262,Germany,de,8,LTE-M
10392,1,Mark-7,"Trondheim, Norway",Quectel_BG96,262,Germany,de,8,LTE-M
10393,1,Mark-7,"Trondheim, Norway",Quectel_BG96,262,Germany,de,8,LTE-M
10395,1,Mark-7,"Trondheim, Norway",Quectel_BG96,262,Germany,de,8,LTE-M
10396,1,Mark-7,"Trondheim, Norway",Quectel_BG96,262,Germany,de,8,LTE-M
10397,1,Mark-7,"Trondheim, Norway",Quectel_BG96,262,Germany,de,8,LTE-M
10402,1,Mark-7,"Trondheim, Norway",Quectel_BG96,262,Germany,de,8,LTE-M
10406,1,Mark-7,"Trondheim, Norway",Quectel_BG96,262,Germany,de,8,LTE-M
10407,1,Mark-7,"Trondheim, Norway",Quectel_BG96,262,Germany,de,8,LTE-M
10408,1,Mark-7,"Trondheim, Norway",Quectel_BG96,262,Germany,de,8,LTE-M
10409,1,Mark-7,"Trondheim, Norway",Quectel_BG96,262,Germany,de,8,LTE-M
10410,1,Mark-7,"Trondheim, Norway",Quectel_BG96,262,Germany,de,8,LTE-M
10411,1,Mark-7,"Trondheim, Norway",Quectel_BG96,262,Germany,de,8,LTE-M
10413,1,Mark-7,"Trondheim, Norway",Quectel_BG96,262,Germany,de,8,LTE-M
10414,1,Mark-7,"Trondheim, Norway",Quectel_BG96,262,Germany,de,8,LTE-M
10415,1,Mark-7,"Trondheim, Norway",Quectel_BG96,262,Germany,de,8,LTE-M
10416,1,Mark-7,"Trondheim, Norway",Quectel_BG96,262,Germany,de,8,LTE-M
10417,1,Mark-7,"Trondheim, Norway",Quectel_BG96,262,Germany,de,8,LTE-M
10419,1,Mark-7,"Trondheim, Norway",Quectel_BG96,262,Germany,de,8,LTE-M
10420,1,Mark-7,"Trondheim, Norway",Quectel_BG96,262,Germany,de,8,LTE-M
10421,1,Mark-7,"Trondheim, Norway",Quectel_BG96,262,Germany,de,8,LTE-M
10423,1,Mark-7,"Trondheim, Norway",Quectel_BG96,262,Germany,de,8,LTE-M
10424,1,Mark-7,"Trondheim, Norway",Quectel_BG96,262,Germany,de,8,LTE-M
10428,1,Mark-7,"Trondheim, Norway",Quectel_BG96,262,Germany,de,8,LTE-M
10429,1,Mark-7,"Trondheim, Norway",Quectel_BG96,262,Germany,de,8,LTE-M
10430,1,Mark-7,"Trondheim, Norway",Quectel_BG96,262,Germany,de,8,LTE-M
10432,1,Mark-7,"Trondheim, Norway",Quectel_BG96,262,Germany,de,8,LTE-M
10433,1,Mark-7,"Trondheim, Norway",Quectel_BG96,262,Germany,de,8,LTE-M
10434,1,Mark-7,"Trondheim, Norway",Quectel_BG96,262,Germany,de,8,LTE-M
10437,1,Mark-7,"Trondheim, Norway",Quectel_BG96,262,Germany,de,8,LTE-M
10438,1,Mark-7,"Trondheim, Norway",Quectel_BG96,262,Germany,de,8,LTE-M
10439,1,Mark-7,"Trondheim, Norway",Quectel_BG96,262,Germany,de,8,LTE-M
10440,1,Mark-7,"Trondheim, Norway",Quectel_BG96,262,Germany,de,8,LTE-M
10441,1,Mark-7,"Trondheim, Norway",Quectel_BG96,262,Germany,de,8,LTE-M
10442,1,Mark-7,"Trondheim, Norway",Quectel_BG96,262,Germany,de,8,LTE-M
10443,1,Mark-7,"Trondheim, Norway",Quectel_BG96,262,Germany,de,8,LTE-M
10444,1,Mark-7,"Trondheim, Norway",Quectel_BG96,262,Germany,de,8,LTE-M
12288,1,Mark-3,"Würzburg, Germany",Quectel_BG96,262,Germany,de,8,LTE-M
12289,1,Mark-3,"Würzburg, Germany",Quectel_BG96,262,Germany,de,8,LTE-M
12293,1,Mark-3,"Würzburg, Germany",Quectel_BG96,262,Germany,de,8,LTE-M
12294,1,Mark-3,"Würzburg, Germany",Quectel_BG96,262,Germany,de,8,LTE-M
12295,1,Mark-3,"Würzburg, Germany",Quectel_BG96,262,Germany,de,8,LTE-M
12296,1,Mark-3,"Würzburg, Germany",Quectel_BG96,262,Germany,de,8,LTE-M
12297,1,Mark-3,"Würzburg, Germany",Quectel_BG96,262,Germany,de,8,LTE-M
12298,1,Mark-3,"Würzburg, Germany",Quectel_BG96,262,Germany,de,8,LTE-M
12302,1,Mark-3,"Würzburg, Germany",Quectel_BG96,262,Germany,de,8,LTE-M
12303,1,Mark-3,"Würzburg, Germany",Quectel_BG96,262,Germany,de,8,LTE-M
12306,1,Mark-3,"Würzburg, Germany",Quectel_BG96,262,Germany,de,8,LTE-M
12307,1,Mark-3,"Würzburg, Germany",Quectel_BG96,262,Germany,de,8,LTE-M
12308,1,Mark-3,"Würzburg, Germany",Quectel_BG96,262,Germany,de,8,LTE-M
12309,1,Mark-3,"Würzburg, Germany",Quectel_BG96,262,Germany,de,8,LTE-M
12313,1,Mark-3,"Würzburg, Germany",Quectel_BG96,262,Germany,de,8,LTE-M
12314,1,Mark-3,"Würzburg, Germany",Quectel_BG96,262,Germany,de,8,LTE-M
12317,1,Mark-3,"Würzburg, Germany",Quectel_BG96,262,Germany,de,8,LTE-M
12318,1,Mark-3,"Würzburg, Germany",Quectel_BG96,262,Germany,de,8,LTE-M
12319,1,Mark-3,"Würzburg, Germany",Quectel_BG96,262,Germany,de,8,LTE-M
12320,1,Mark-3,"Würzburg, Germany",Quectel_BG96,262,Germany,de,8,LTE-M
12323,1,Mark-3,"Würzburg, Germany",Quectel_BG96,262,Germany,de,8,LTE-M
12324,1,Mark-3,"Würzburg, Germany",Quectel_BG96,262,Germany,de,8,LTE-M
12325,1,Mark-3,"Würzburg, Germany",Quectel_BG96,262,Germany,de,8,LTE-M
12326,1,Mark-3,"Würzburg, Germany",Quectel_BG96,262,Germany,de,8,LTE-M
12327,1,Mark-3,"Würzburg, Germany",Quectel_BG96,262,Germany,de,8,LTE-M
12328,1,Mark-3,"Würzburg, Germany",Quectel_BG96,262,Germany,de,8,LTE-M
12329,1,Mark-3,"Würzburg, Germany",Quectel_BG96,262,Germany,de,8,LTE-M
12330,1,Mark-3,"Würzburg, Germany",Quectel_BG96,262,Germany,de,8,LTE-M
12331,1,Mark-3,"Würzburg, Germany",Quectel_BG96,262,Germany,de,8,LTE-M
12332,1,Mark-3,"Würzburg, Germany",Quectel_BG96,262,Germany,de,8,LTE-M
12334,1,Mark-3,"Würzburg, Germany",Quectel_BG96,262,Germany,de,8,LTE-M
12335,1,Mark-3,"Würzburg, Germany",Quectel_BG96,262,Germany,de,8,LTE-M
12340,1,Mark-3,"Würzburg, Germany",Quectel_BG96,262,Germany,de,8,LTE-M
12341,1,Mark-3,"Würzburg, Germany",Quectel_BG96,262,Germany,de,8,LTE-M
12342,1,Mark-3,"Würzburg, Germany",Quectel_BG96,262,Germany,de,8,LTE-M
12343,1,Mark-3,"Würzburg, Germany",Quectel_BG96,262,Germany,de,8,LTE-M
12348,1,Mark-3,"Würzburg, Germany",Quectel_BG96,262,Germany,de,8,LTE-M
12349,1,Mark-3,"Würzburg, Germany",Quectel_BG96,262,Germany,de,8,LTE-M
12351,1,Mark-3,"Würzburg, Germany",Quectel_BG96,262,Germany,de,8,LTE-M
12352,1,Mark-3,"Würzburg, Germany",Quectel_BG96,262,Germany,de,8,LTE-M
12354,1,Mark-3,"Würzburg, Germany",Quectel_BG96,262,Germany,de,8,LTE-M
12355,1,Mark-3,"Würzburg, Germany",Quectel_BG96,262,Germany,de,8,LTE-M
12356,1,Mark-3,"Würzburg, Germany",Quectel_BG96,262,Germany,de,8,LTE-M
12357,1,Mark-3,"Würzburg, Germany",Quectel_BG96,262,Germany,de,8,LTE-M
12358,1,Mark-3,"Würzburg, Germany",Quectel_BG96,262,Germany,de,8,LTE-M
12359,1,Mark-3,"Würzburg, Germany",Quectel_BG96,262,Germany,de,8,LTE-M
12361,1,Mark-3,"Würzburg, Germany",Quectel_BG96,262,Germany,de,8,LTE-M
12362,1,Mark-3,"Würzburg, Germany",Quectel_BG96,262,Germany,de,8,LTE-M
12364,1,Mark-3,"Würzburg, Germany",Quectel_BG96,262,Germany,de,8,LTE-M
12365,1,Mark-3,"Würzburg, Germany",Quectel_BG96,262,Germany,de,8,LTE-M
12366,1,Mark-3,"Würzburg, Germany",Quectel_BG96,262,Germany,de,8,LTE-M
12367,1,Mark-3,"Würzburg, Germany",Quectel_BG96,262,Germany,de,8,LTE-M
12369,1,Mark-3,"Würzburg, Germany",Quectel_BG96,262,Germany,de,8,LTE-M
12370,1,Mark-3,"Würzburg, Germany",Quectel_BG96,262,Germany,de,8,LTE-M
12374,1,Mark-3,"Würzburg, Germany",Quectel_BG96,262,Germany,de,8,LTE-M
12375,1,Mark-3,"Würzburg, Germany",Quectel_BG96,262,Germany,de,8,LTE-M
12376,1,Mark-3,"Würzburg, Germany",Quectel_BG96,262,Germany,de,8,LTE-M
12377,1,Mark-3,"Würzburg, Germany",Quectel_BG96,262,Germany,de,8,LTE-M
12380,1,Mark-3,"Würzburg, Germany",Quectel_BG96,262,Germany,de,8,LTE-M
12381,1,Mark-3,"Würzburg, Germany",Quectel_BG96,262,Germany,de,8,LTE-M
12382,1,Mark-3,"Würzburg, Germany",Quectel_BG96,262,Germany,de,8,LTE-M
12383,1,Mark-3,"Würzburg, Germany",Quectel_BG96,262,Germany,de,8,LTE-M
12384,1,Mark-3,"Würzburg, Germany",Quectel_BG96,262,Germany,de,8,LTE-M
12385,1,Mark-3,"Würzburg, Germany",Quectel_BG96,262,Germany,de,8,LTE-M
12387,1,Mark-3,"Würzburg, Germany",Quectel_BG96,262,Germany,de,8,LTE-M
12389,1,Mark-3,"Würzburg, Germany",Quectel_BG96,262,Germany,de,8,LTE-M
12392,1,Mark-3,"Würzburg, Germany",Quectel_BG96,262,Germany,de,8,LTE-M
12394,1,Mark-3,"Würzburg, Germany",Quectel_BG96,262,Germany,de,8,LTE-M
12396,1,Mark-3,"Würzburg, Germany",Quectel_BG96,262,Germany,de,8,LTE-M
12398,1,Mark-3,"Würzburg, Germany",Quectel_BG96,262,Germany,de,8,LTE-M
12399,1,Mark-3,"Würzburg, Germany",Quectel_BG96,262,Germany,de,8,LTE-M
12400,1,Mark-3,"Würzburg, Germany",Quectel_BG96,262,Germany,de,8,LTE-M
12401,1,Mark-3,"Würzburg, Germany",Quectel_BG96,262,Germany,de,8,LTE-M
12405,1,Mark-3,"Würzburg, Germany",Quectel_BG96,262,Germany,de,8,LTE-M
12406,1,Mark-3,"Würzburg, Germany",Quectel_BG96,262,Germany,de,8,LTE-M
12407,1,Mark-3,"Würzburg, Germany",Quectel_BG96,262,Germany,de,8,LTE-M
12409,1,Mark-3,"Würzburg, Germany",Quectel_BG96,262,Germany,de,8,LTE-M
12412,1,Mark-3,"Würzburg, Germany",Quectel_BG96,262,Germany,de,8,LTE-M
12413,1,Mark-3,"Würzburg, Germany",Quectel_BG96,262,Germany,de,8,LTE-M
12414,1,Mark-3,"Würzburg, Germany",Quectel_BG96,262,Germany,de,8,LTE-M
12417,1,Mark-3,"Würzburg, Germany",Quectel_BG96,262,Germany,de,8,LTE-M
12421,1,Mark-3,"Würzburg, Germany",Quectel_BG96,262,Germany,de,8,LTE-M
12423,1,Mark-3,"Würzburg, Germany",Quectel_BG96,262,Germany,de,8,LTE-M
12425,1,Mark-3,"Würzburg, Germany",Quectel_BG96,262,Germany,de,8,LTE-M
12430,1,Mark-3,"Würzburg, Germany",Quectel_BG96,262,Germany,de,8,LTE-M
12433,1,Mark-3,"Würzburg, Germany",Quectel_BG96,262,Germany,de,8,LTE-M
12434,1,Mark-3,"Würzburg, Germany",Quectel_BG96,262,Germany,de,8,LTE-M
12435,1,Mark-3,"Würzburg, Germany",Quectel_BG96,262,Germany,de,8,LTE-M
12436,1,Mark-3,"Würzburg, Germany",Quectel_BG96,262,Germany,de,8,LTE-M
12438,1,Mark-3,"Würzburg, Germany",Quectel_BG96,262,Germany,de,8,LTE-M
12440,1,Mark-3,"Würzburg, Germany",Quectel_BG96,262,Germany,de,8,LTE-M
12441,1,Mark-3,"Würzburg, Germany",Quectel_BG96,262,Germany,de,8,LTE-M
12442,1,Mark-3,"Würzburg, Germany",Quectel_BG96,262,Germany,de,8,LTE-M
12443,1,Mark-3,"Würzburg, Germany",Quectel_BG96,262,Germany,de,8,LTE-M
12448,1,Mark-3,"Würzburg, Germany",Quectel_BG96,262,Germany,de,8,LTE-M
12450,1,Mark-3,"Würzburg, Germany",Quectel_BG96,262,Germany,de,8,LTE-M
12453,1,Mark-3,"Würzburg, Germany",Quectel_BG96,262,Germany,de,8,LTE-M
12454,1,Mark-3,"Würzburg, Germany",Quectel_BG96,262,Germany,de,8,LTE-M
12455,1,Mark-3,"Würzburg, Germany",Quectel_BG96,262,Germany,de,8,LTE-M
12456,1,Mark-3,"Würzburg, Germany",Quectel_BG96,262,Germany,de,8,LTE-M
12458,1,Mark-3,"Würzburg, Germany",Quectel_BG96,262,Germany,de,8,LTE-M
12459,1,Mark-3,"Würzburg, Germany",Quectel_BG96,262,Germany,de,8,LTE-M
12461,1,Mark-3,"Würzburg, Germany",Quectel_BG96,262,Germany,de,8,LTE-M
12463,1,Mark-3,"Würzburg, Germany",Quectel_BG96,262,Germany,de,8,LTE-M
12464,1,Mark-3,"Würzburg, Germany",Quectel_BG96,262,Germany,de,8,LTE-M
12466,1,Mark-3,"Würzburg, Germany",Quectel_BG96,262,Germany,de,8,LTE-M
12467,1,Mark-3,"Würzburg, Germany",Quectel_BG96,262,Germany,de,8,LTE-M
12469,1,Mark-3,"Würzburg, Germany",Quectel_BG96,262,Germany,de,8,LTE-M
12471,1,Mark-3,"Würzburg, Germany",Quectel_BG96,262,Germany,de,8,LTE-M
12475,1,Mark-3,"Würzburg, Germany",Quectel_BG96,262,Germany,de,8,LTE-M
12476,1,Mark-3,"Würzburg, Germany",Quectel_BG96,262,Germany,de,8,LTE-M
12477,1,Mark-3,"Würzburg, Germany",Quectel_BG96,262,Germany,de,8,LTE-M
12478,1,Mark-3,"Würzburg, Germany",Quectel_BG96,262,Germany,de,8,LTE-M
12480,1,Mark-3,"Würzburg, Germany",Quectel_BG96,262,Germany,de,8,LTE-M
12481,1,Mark-3,"Würzburg, Germany",Quectel_BG96,262,Germany,de,8,LTE-M
12483,1,Mark-3,"Würzburg, Germany",Quectel_BG96,262,Germany,de,8,LTE-M
12486,1,Mark-3,"Würzburg, Germany",Quectel_BG96,262,Germany,de,8,LTE-M
13231,1,Mark-5,"Würzburg, Germany",Quectel_BG96,262,Germany,de,8,LTE-M
13232,1,Mark-5,"Würzburg, Germany",Quectel_BG96,262,Germany,de,8,LTE-M
13235,1,Mark-5,"Würzburg, Germany",Quectel_BG96,262,Germany,de,8,LTE-M
13236,1,Mark-5,"Würzburg, Germany",Quectel_BG96,262,Germany,de,8,LTE-M
13237,1,Mark-5,"Würzburg, Germany",Quectel_BG96,262,Germany,de,8,LTE-M
13238,1,Mark-5,"Würzburg, Germany",Quectel_BG96,262,Germany,de,8,LTE-M
13239,1,Mark-5,"Würzburg, Germany",Quectel_BG96,262,Germany,de,8,LTE-M
13240,1,Mark-5,"Würzburg, Germany",Quectel_BG96,262,Germany,de,8,LTE-M
13241,1,Mark-5,"Würzburg, Germany",Quectel_BG96,262,Germany,de,8,LTE-M
13242,1,Mark-5,"Würzburg, Germany",Quectel_BG96,262,Germany,de,8,LTE-M
13245,1,Mark-5,"Würzburg, Germany",Quectel_BG96,262,Germany,de,8,LTE-M
13247,1,Mark-5,"Würzburg, Germany",Quectel_BG96,262,Germany,de,8,LTE-M
13249,1,Mark-5,"Würzburg, Germany",Quectel_BG96,262,Germany,de,8,LTE-M
13250,1,Mark-5,"Würzburg, Germany",Quectel_BG96,262,Germany,de,8,LTE-M
13251,1,Mark-5,"Würzburg, Germany",Quectel_BG96,262,Germany,de,8,LTE-M
13255,1,Mark-5,"Würzburg, Germany",Quectel_BG96,262,Germany,de,8,LTE-M
13256,1,Mark-5,"Würzburg, Germany",Quectel_BG96,262,Germany,de,8,LTE-M
13257,1,Mark-5,"Würzburg, Germany",Quectel_BG96,262,Germany,de,8,LTE-M
13258,1,Mark-5,"Würzburg, Germany",Quectel_BG96,262,Germany,de,8,LTE-M
13259,1,Mark-5,"Würzburg, Germany",Quectel_BG96,262,Germany,de,8,LTE-M
13260,1,Mark-5,"Würzburg, Germany",Quectel_BG96,262,Germany,de,8,LTE-M
13261,1,Mark-5,"Würzburg, Germany",Quectel_BG96,262,Germany,de,8,LTE-M
13262,1,Mark-5,"Würzburg, Germany",Quectel_BG96,262,Germany,de,8,LTE-M
13263,1,Mark-5,"Würzburg, Germany",Quectel_BG96,262,Germany,de,8,LTE-M
13264,1,Mark-5,"Würzburg, Germany",Quectel_BG96,262,Germany,de,8,LTE-M
13265,1,Mark-5,"Würzburg, Germany",Quectel_BG96,262,Germany,de,8,LTE-M
13266,1,Mark-5,"Würzburg, Germany",Quectel_BG96,262,Germany,de,8,LTE-M
13267,1,Mark-5,"Würzburg, Germany",Quectel_BG96,262,Germany,de,8,LTE-M
13268,1,Mark-5,"Würzburg, Germany",Quectel_BG96,262,Germany,de,8,LTE-M
13269,1,Mark-5,"Würzburg, Germany",Quectel_BG96,262,Germany,de,8,LTE-M
13270,1,Mark-5,"Würzburg, Germany",Quectel_BG96,262,Germany,de,8,LTE-M
13271,1,Mark-5,"Würzburg, Germany",Quectel_BG96,262,Germany,de,8,LTE-M
13272,1,Mark-5,"Würzburg, Germany",Quectel_BG96,262,Germany,de,8,LTE-M
13273,1,Mark-5,"Würzburg, Germany",Quectel_BG96,262,Germany,de,8,LTE-M
13274,1,Mark-5,"Würzburg, Germany",Quectel_BG96,262,Germany,de,8,LTE-M
13275,1,Mark-5,"Würzburg, Germany",Quectel_BG96,262,Germany,de,8,LTE-M
13276,1,Mark-5,"Würzburg, Germany",Quectel_BG96,262,Germany,de,8,LTE-M
13277,1,Mark-5,"Würzburg, Germany",Quectel_BG96,262,Germany,de,8,LTE-M
13278,1,Mark-5,"Würzburg, Germany",Quectel_BG96,262,Germany,de,8,LTE-M
13279,1,Mark-5,"Würzburg, Germany",Quectel_BG96,262,Germany,de,8,LTE-M
13281,1,Mark-5,"Würzburg, Germany",Quectel_BG96,262,Germany,de,8,LTE-M
13282,1,Mark-5,"Würzburg, Germany",Quectel_BG96,262,Germany,de,8,LTE-M
13283,1,Mark-5,"Würzburg, Germany",Quectel_BG96,262,Germany,de,8,LTE-M
13284,1,Mark-5,"Würzburg, Germany",Quectel_BG96,262,Germany,de,8,LTE-M
13285,1,Mark-5,"Würzburg, Germany",Quectel_BG96,262,Germany,de,8,LTE-M
13286,1,Mark-5,"Würzburg, Germany",Quectel_BG96,262,Germany,de,8,LTE-M
13287,1,Mark-5,"Würzburg, Germany",Quectel_BG96,262,Germany,de,8,LTE-M
13290,1,Mark-5,"Würzburg, Germany",Quectel_BG96,262,Germany,de,8,LTE-M
13291,1,Mark-5,"Würzburg, Germany",Quectel_BG96,262,Germany,de,8,LTE-M
13292,1,Mark-5,"Würzburg, Germany",Quectel_BG96,262,Germany,de,8,LTE-M
13293,1,Mark-5,"Würzburg, Germany",Quectel_BG96,262,Germany,de,8,LTE-M
13294,1,Mark-5,"Würzburg, Germany",Quectel_BG96,262,Germany,de,8,LTE-M
13295,1,Mark-5,"Würzburg, Germany",Quectel_BG96,262,Germany,de,8,LTE-M
13296,1,Mark-5,"Würzburg, Germany",Quectel_BG96,262,Germany,de,8,LTE-M
13297,1,Mark-5,"Würzburg, Germany",Quectel_BG96,262,Germany,de,8,LTE-M
13298,1,Mark-5,"Würzburg, Germany",Quectel_BG96,262,Germany,de,8,LTE-M
13299,1,Mark-5,"Würzburg, Germany",Quectel_BG96,262,Germany,de,8,LTE-M
13300,1,Mark-5,"Würzburg, Germany",Quectel_BG96,262,Germany,de,8,LTE-M
13301,1,Mark-5,"Würzburg, Germany",Quectel_BG96,262,Germany,de,8,LTE-M
13302,1,Mark-5,"Würzburg, Germany",Quectel_BG96,262,Germany,de,8,LTE-M
13304,1,Mark-5,"Würzburg, Germany",Quectel_BG96,262,Germany,de,8,LTE-M
13305,1,Mark-5,"Würzburg, Germany",Quectel_BG96,262,Germany,de,8,LTE-M
13306,1,Mark-5,"Würzburg, Germany",Quectel_BG96,262,Germany,de,8,LTE-M
13307,1,Mark-5,"Würzburg, Germany",Quectel_BG96,262,Germany,de,8,LTE-M
13308,1,Mark-5,"Würzburg, Germany",Quectel_BG96,262,Germany,de,8,LTE-M
13309,1,Mark-5,"Würzburg, Germany",Quectel_BG96,262,Germany,de,8,LTE-M
13310,1,Mark-5,"Würzburg, Germany",Quectel_BG96,262,Germany,de,8,LTE-M
13311,1,Mark-5,"Würzburg, Germany",Quectel_BG96,262,Germany,de,8,LTE-M
13312,1,Mark-5,"Würzburg, Germany",Quectel_BG96,262,Germany,de,8,LTE-M
13313,1,Mark-5,"Würzburg, Germany",Quectel_BG96,262,Germany,de,8,LTE-M
13314,1,Mark-5,"Würzburg, Germany",Quectel_BG96,262,Germany,de,8,LTE-M
13315,1,Mark-5,"Würzburg, Germany",Quectel_BG96,262,Germany,de,8,LTE-M
13320,1,Mark-5,"Würzburg, Germany",Quectel_BG96,262,Germany,de,8,LTE-M
13323,1,Mark-5,"Würzburg, Germany",Quectel_BG96,262,Germany,de,8,LTE-M
13324,1,Mark-5,"Würzburg, Germany",Quectel_BG96,262,Germany,de,8,LTE-M
13325,1,Mark-5,"Würzburg, Germany",Quectel_BG96,262,Germany,de,8,LTE-M
13326,1,Mark-5,"Würzburg, Germany",Quectel_BG96,262,Germany,de,8,LTE-M
13327,1,Mark-5,"Würzburg, Germany",Quectel_BG96,262,Germany,de,8,LTE-M
13328,1,Mark-5,"Würzburg, Germany",Quectel_BG96,262,Germany,de,8,LTE-M
13329,1,Mark-5,"Würzburg, Germany",Quectel_BG96,262,Germany,de,8,LTE-M
13330,1,Mark-5,"Würzburg, Germany",Quectel_BG96,262,Germany,de,8,LTE-M
13331,1,Mark-5,"Würzburg, Germany",Quectel_BG96,262,Germany,de,8,LTE-M
13332,1,Mark-5,"Würzburg, Germany",Quectel_BG96,262,Germany,de,8,LTE-M
13333,1,Mark-5,"Würzburg, Germany",Quectel_BG96,262,Germany,de,8,LTE-M
13334,1,Mark-5,"Würzburg, Germany",Quectel_BG96,262,Germany,de,8,LTE-M
13335,1,Mark-5,"Würzburg, Germany",Quectel_BG96,262,Germany,de,8,LTE-M
13336,1,Mark-5,"Würzburg, Germany",Quectel_BG96,262,Germany,de,8,LTE-M
13339,1,Mark-5,"Würzburg, Germany",Quectel_BG96,262,Germany,de,8,LTE-M
13340,1,Mark-5,"Würzburg, Germany",Quectel_BG96,262,Germany,de,8,LTE-M
13341,1,Mark-5,"Würzburg, Germany",Quectel_BG96,262,Germany,de,8,LTE-M
13342,1,Mark-5,"Würzburg, Germany",Quectel_BG96,262,Germany,de,8,LTE-M
13343,1,Mark-5,"Würzburg, Germany",Quectel_BG96,262,Germany,de,8,LTE-M
13344,1,Mark-5,"Würzburg, Germany",Quectel_BG96,262,Germany,de,8,LTE-M
13345,1,Mark-5,"Würzburg, Germany",Quectel_BG96,262,Germany,de,8,LTE-M
13349,1,Mark-5,"Würzburg, Germany",Quectel_BG96,262,Germany,de,8,LTE-M
13350,1,Mark-5,"Würzburg, Germany",Quectel_BG96,262,Germany,de,8,LTE-M
13351,1,Mark-5,"Würzburg, Germany",Quectel_BG96,262,Germany,de,8,LTE-M
13352,1,Mark-5,"Würzburg, Germany",Quectel_BG96,262,Germany,de,8,LTE-M
13353,1,Mark-5,"Würzburg, Germany",Quectel_BG96,262,Germany,de,8,LTE-M
13354,1,Mark-5,"Würzburg, Germany",Quectel_BG96,262,Germany,de,8,LTE-M
13358,1,Mark-5,"Würzburg, Germany",Quectel_BG96,262,Germany,de,8,LTE-M
13359,1,Mark-5,"Würzburg, Germany",Quectel_BG96,262,Germany,de,8,LTE-M
13360,1,Mark-5,"Würzburg, Germany",Quectel_BG96,262,Germany,de,8,LTE-M
13361,1,Mark-5,"Würzburg, Germany",Quectel_BG96,262,Germany,de,8,LTE-M
13362,1,Mark-5,"Würzburg, Germany",Quectel_BG96,262,Germany,de,8,LTE-M
13402,1,Mark-7,"Trondheim, Norway",Quectel_BG96,262,Germany,de,8,LTE-M
14027,1,Mark-3,"Würzburg, Germany",Quectel_BG96,262,Germany,de,8,LTE-M
15438,1,Mark-3,"Würzburg, Germany",Quectel_BG96,262,Germany,de,8,LTE-M
15438,2,Mark-3,"Würzburg, Germany",Quectel_BG96,262,Germany,de,8,LTE-M
15438,3,Mark-3,"Würzburg, Germany",Quectel_BG96,262,Germany,de,8,LTE-M
15438,4,Mark-3,"Würzburg, Germany",Quectel_BG96,262,Germany,de,8,LTE-M
15438,5,Mark-3,"Würzburg, Germany",Quectel_BG96,262,Germany,de,8,LTE-M
15439,1,Mark-3,"Würzburg, Germany",Quectel_BG96,262,Germany,de,8,LTE-M
15439,2,Mark-3,"Würzburg, Germany",Quectel_BG96,262,Germany,de,8,LTE-M
15439,3,Mark-3,"Würzburg, Germany",Quectel_BG96,262,Germany,de,8,LTE-M
15439,4,Mark-3,"Würzburg, Germany",Quectel_BG96,262,Germany,de,8,LTE-M
15439,5,Mark-3,"Würzburg, Germany",Quectel_BG96,262,Germany,de,8,LTE-M
15440,1,Mark-3,"Würzburg, Germany",Quectel_BG96,262,Germany,de,8,LTE-M
15440,2,Mark-3,"Würzburg, Germany",Quectel_BG96,262,Germany,de,8,LTE-M
15440,3,Mark-3,"Würzburg, Germany",Quectel_BG96,262,Germany,de,8,LTE-M
15440,4,Mark-3,"Würzburg, Germany",Quectel_BG96,262,Germany,de,8,LTE-M
15440,5,Mark-3,"Würzburg, Germany",Quectel_BG96,262,Germany,de,8,LTE-M
15441,1,Mark-3,"Würzburg, Germany",Quectel_BG96,262,Germany,de,8,LTE-M
15441,2,Mark-3,"Würzburg, Germany",Quectel_BG96,262,Germany,de,8,LTE-M
15441,3,Mark-3,"Würzburg, Germany",Quectel_BG96,262,Germany,de,8,LTE-M
15441,4,Mark-3,"Würzburg, Germany",Quectel_BG96,262,Germany,de,8,LTE-M
15441,5,Mark-3,"Würzburg, Germany",Quectel_BG96,262,Germany,de,8,LTE-M
15442,1,Mark-3,"Würzburg, Germany",Quectel_BG96,262,Germany,de,8,LTE-M
15442,2,Mark-3,"Würzburg, Germany",Quectel_BG96,262,Germany,de,8,LTE-M
15442,3,Mark-3,"Würzburg, Germany",Quectel_BG96,262,Germany,de,8,LTE-M
15442,4,Mark-3,"Würzburg, Germany",Quectel_BG96,262,Germany,de,8,LTE-M
15442,5,Mark-3,"Würzburg, Germany",Quectel_BG96,262,Germany,de,8,LTE-M
15443,1,Mark-3,"Würzburg, Germany",Quectel_BG96,262,Germany,de,8,LTE-M
15443,2,Mark-3,"Würzburg, Germany",Quectel_BG96,262,Germany,de,8,LTE-M
15443,3,Mark-3,"Würzburg, Germany",Quectel_BG96,262,Germany,de,8,LTE-M
15443,4,Mark-3,"Würzburg, Germany",Quectel_BG96,262,Germany,de,8,LTE-M
15443,5,Mark-3,"Würzburg, Germany",Quectel_BG96,262,Germany,de,8,LTE-M
15444,1,Mark-3,"Würzburg, Germany",Quectel_BG96,262,Germany,de,8,LTE-M
15444,2,Mark-3,"Würzburg, Germany",Quectel_BG96,262,Germany,de,8,LTE-M
15444,3,Mark-3,"Würzburg, Germany",Quectel_BG96,262,Germany,de,8,LTE-M
15444,4,Mark-3,"Würzburg, Germany",Quectel_BG96,262,Germany,de,8,LTE-M
15444,5,Mark-3,"Würzburg, Germany",Quectel_BG96,262,Germany,de,8,LTE-M
15445,1,Mark-3,"Würzburg, Germany",Quectel_BG96,262,Germany,de,8,LTE-M
15445,2,Mark-3,"Würzburg, Germany",Quectel_BG96,262,Germany,de,8,LTE-M
15445,3,Mark-3,"Würzburg, Germany",Quectel_BG96,262,Germany,de,8,LTE-M
15445,4,Mark-3,"Würzburg, Germany",Quectel_BG96,262,Germany,de,8,LTE-M
15445,5,Mark-3,"Würzburg, Germany",Quectel_BG96,262,Germany,de,8,LTE-M
15446,1,Mark-3,"Würzburg, Germany",Quectel_BG96,262,Germany,de,8,LTE-M
15446,2,Mark-3,"Würzburg, Germany",Quectel_BG96,262,Germany,de,8,LTE-M
15446,3,Mark-3,"Würzburg, Germany",Quectel_BG96,262,Germany,de,8,LTE-M
15446,4,Mark-3,"Würzburg, Germany",Quectel_BG96,262,Germany,de,8,LTE-M
15446,5,Mark-3,"Würzburg, Germany",Quectel_BG96,262,Germany,de,8,LTE-M
15447,1,Mark-3,"Würzburg, Germany",Quectel_BG96,262,Germany,de,8,LTE-M
15447,2,Mark-3,"Würzburg, Germany",Quectel_BG96,262,Germany,de,8,LTE-M
15447,3,Mark-3,"Würzburg, Germany",Quectel_BG96,262,Germany,de,8,LTE-M
15447,4,Mark-3,"Würzburg, Germany",Quectel_BG96,262,Germany,de,8,LTE-M
15447,5,Mark-3,"Würzburg, Germany",Quectel_BG96,262,Germany,de,8,LTE-M
15448,1,Mark-3,"Würzburg, Germany",Quectel_BG96,262,Germany,de,8,LTE-M
15448,2,Mark-3,"Würzburg, Germany",Quectel_BG96,262,Germany,de,8,LTE-M
15448,3,Mark-3,"Würzburg, Germany",Quectel_BG96,262,Germany,de,8,LTE-M
15448,4,Mark-3,"Würzburg, Germany",Quectel_BG96,262,Germany,de,8,LTE-M
15448,5,Mark-3,"Würzburg, Germany",Quectel_BG96,262,Germany,de,8,LTE-M
15449,1,Mark-3,"Würzburg, Germany",Quectel_BG96,262,Germany,de,8,LTE-M
15449,2,Mark-3,"Würzburg, Germany",Quectel_BG96,262,Germany,de,8,LTE-M
15449,3,Mark-3,"Würzburg, Germany",Quectel_BG96,262,Germany,de,8,LTE-M
15449,4,Mark-3,"Würzburg, Germany",Quectel_BG96,262,Germany,de,8,LTE-M
15449,5,Mark-3,"Würzburg, Germany",Quectel_BG96,262,Germany,de,8,LTE-M
15450,1,Mark-3,"Würzburg, Germany",Quectel_BG96,262,Germany,de,8,LTE-M
15450,2,Mark-3,"Würzburg, Germany",Quectel_BG96,262,Germany,de,8,LTE-M
15450,3,Mark-3,"Würzburg, Germany",Quectel_BG96,262,Germany,de,8,LTE-M
15451,1,Mark-3,"Würzburg, Germany",Quectel_BG96,262,Germany,de,8,LTE-M
15451,2,Mark-3,"Würzburg, Germany",Quectel_BG96,262,Germany,de,8,LTE-M
15451,3,Mark-3,"Würzburg, Germany",Quectel_BG96,262,Germany,de,8,LTE-M
15451,4,Mark-3,"Würzburg, Germany",Quectel_BG96,262,Germany,de,8,LTE-M
15451,5,Mark-3,"Würzburg, Germany",Quectel_BG96,262,Germany,de,8,LTE-M
15452,1,Mark-3,"Würzburg, Germany",Quectel_BG96,262,Germany,de,8,LTE-M
15452,2,Mark-3,"Würzburg, Germany",Quectel_BG96,262,Germany,de,8,LTE-M
15452,3,Mark-3,"Würzburg, Germany",Quectel_BG96,262,Germany,de,8,LTE-M
15452,4,Mark-3,"Würzburg, Germany",Quectel_BG96,262,Germany,de,8,LTE-M
15452,5,Mark-3,"Würzburg, Germany",Quectel_BG96,262,Germany,de,8,LTE-M
15453,1,Mark-3,"Würzburg, Germany",Quectel_BG96,262,Germany,de,8,LTE-M
15453,2,Mark-3,"Würzburg, Germany",Quectel_BG96,262,Germany,de,8,LTE-M
15453,3,Mark-3,"Würzburg, Germany",Quectel_BG96,262,Germany,de,8,LTE-M
15453,4,Mark-3,"Würzburg, Germany",Quectel_BG96,262,Germany,de,8,LTE-M
15453,5,Mark-3,"Würzburg, Germany",Quectel_BG96,262,Germany,de,8,LTE-M
15454,1,Mark-3,"Würzburg, Germany",Quectel_BG96,262,Germany,de,8,LTE-M
15454,2,Mark-3,"Würzburg, Germany",Quectel_BG96,262,Germany,de,8,LTE-M
15454,3,Mark-3,"Würzburg, Germany",Quectel_BG96,262,Germany,de,8,LTE-M
15454,4,Mark-3,"Würzburg, Germany",Quectel_BG96,262,Germany,de,8,LTE-M
15454,5,Mark-3,"Würzburg, Germany",Quectel_BG96,262,Germany,de,8,LTE-M
15455,1,Mark-3,"Würzburg, Germany",Quectel_BG96,262,Germany,de,8,LTE-M
15455,2,Mark-3,"Würzburg, Germany",Quectel_BG96,262,Germany,de,8,LTE-M
15455,3,Mark-3,"Würzburg, Germany",Quectel_BG96,262,Germany,de,8,LTE-M
15455,4,Mark-3,"Würzburg, Germany",Quectel_BG96,262,Germany,de,8,LTE-M
15455,5,Mark-3,"Würzburg, Germany",Quectel_BG96,262,Germany,de,8,LTE-M
15456,1,Mark-3,"Würzburg, Germany",Quectel_BG96,262,Germany,de,8,LTE-M
15456,2,Mark-3,"Würzburg, Germany",Quectel_BG96,262,Germany,de,8,LTE-M
15456,3,Mark-3,"Würzburg, Germany",Quectel_BG96,262,Germany,de,8,LTE-M
15456,4,Mark-3,"Würzburg, Germany",Quectel_BG96,262,Germany,de,8,LTE-M
15456,5,Mark-3,"Würzburg, Germany",Quectel_BG96,262,Germany,de,8,LTE-M
15457,1,Mark-3,"Würzburg, Germany",Quectel_BG96,262,Germany,de,8,LTE-M
15457,2,Mark-3,"Würzburg, Germany",Quectel_BG96,262,Germany,de,8,LTE-M
15457,3,Mark-3,"Würzburg, Germany",Quectel_BG96,262,Germany,de,8,LTE-M
15457,4,Mark-3,"Würzburg, Germany",Quectel_BG96,262,Germany,de,8,LTE-M
15457,5,Mark-3,"Würzburg, Germany",Quectel_BG96,262,Germany,de,8,LTE-M
15483,1,Mark-3,"Würzburg, Germany",Quectel_BG96,262,Germany,de,8,LTE-M
15483,2,Mark-3,"Würzburg, Germany",Quectel_BG96,262,Germany,de,8,LTE-M
15483,3,Mark-3,"Würzburg, Germany",Quectel_BG96,262,Germany,de,8,LTE-M
15483,4,Mark-3,"Würzburg, Germany",Quectel_BG96,262,Germany,de,8,LTE-M
15483,5,Mark-3,"Würzburg, Germany",Quectel_BG96,262,Germany,de,8,LTE-M
16201,1,Mark-3,"Würzburg, Germany",Quectel_BG96,262,Germany,de,8,LTE-M
16202,1,Mark-3,"Würzburg, Germany",Quectel_BG96,262,Germany,de,8,LTE-M
16203,1,Mark-3,"Würzburg, Germany",Quectel_BG96,262,Germany,de,8,LTE-M
16204,1,Mark-3,"Würzburg, Germany",Quectel_BG96,262,Germany,de,8,LTE-M
16205,1,Mark-3,"Würzburg, Germany",Quectel_BG96,262,Germany,de,8,LTE-M
16206,1,Mark-3,"Würzburg, Germany",Quectel_BG96,262,Germany,de,8,LTE-M
16207,1,Mark-3,"Würzburg, Germany",Quectel_BG96,262,Germany,de,8,LTE-M
16208,1,Mark-3,"Würzburg, Germany",Quectel_BG96,262,Germany,de,8,LTE-M
16209,1,Mark-3,"Würzburg, Germany",Quectel_BG96,262,Germany,de,8,LTE-M
16210,1,Mark-3,"Würzburg, Germany",Quectel_BG96,262,Germany,de,8,LTE-M
24289,1,Mark-1,"Würzburg, Germany",Quectel_BG96,262,Germany,de,8,LTE-M
24313,1,Mark-1,"Würzburg, Germany",Quectel_BG96,262,Germany,de,8,LTE-M
24331,1,Mark-6,"Munich, Germany",Quectel_BG96,262,Germany,de,8,LTE-M
24337,1,Mark-1,"Würzburg, Germany",Quectel_BG96,262,Germany,de,8,LTE-M
24355,1,Mark-6,"Munich, Germany",Quectel_BG96,262,Germany,de,8,LTE-M
24361,1,Mark-1,"Würzburg, Germany",Quectel_BG96,262,Germany,de,8,LTE-M
24379,1,Mark-6,"Munich, Germany",Quectel_BG96,262,Germany,de,8,LTE-M
24385,1,Mark-1,"Würzburg, Germany",Quectel_BG96,262,Germany,de,8,LTE-M
24403,1,Mark-6,"Munich, Germany",Quectel_BG96,262,Germany,de,8,LTE-M
24409,1,Mark-1,"Würzburg, Germany",Quectel_BG96,262,Germany,de,8,LTE-M
24427,1,Mark-6,"Munich, Germany",Quectel_BG96,262,Germany,de,8,LTE-M
24433,1,Mark-1,"Würzburg, Germany",Quectel_BG96,262,Germany,de,8,LTE-M
24451,1,Mark-6,"Munich, Germany",Quectel_BG96,262,Germany,de,8,LTE-M
24475,1,Mark-6,"Munich, Germany",Quectel_BG96,262,Germany,de,8,LTE-M
24481,1,Mark-1,"Würzburg, Germany",Quectel_BG96,262,Germany,de,8,LTE-M
24499,1,Mark-6,"Munich, Germany",Quectel_BG96,262,Germany,de,8,LTE-M
24505,1,Mark-1,"Würzburg, Germany",Quectel_BG96,262,Germany,de,8,LTE-M
24523,1,Mark-6,"Munich, Germany",Quectel_BG96,262,Germany,de,8,LTE-M
10053,1,Mark-7,"Trondheim, Norway",Quectel_EC21,262,Germany,de,0,2G
10062,1,Mark-7,"Trondheim, Norway",Quectel_EC21,262,Germany,de,0,2G
10064,1,Mark-7,"Trondheim, Norway",Quectel_EC21,262,Germany,de,0,2G
10075,1,Mark-7,"Trondheim, Norway",Quectel_EC21,262,Germany,de,0,2G
10083,1,Mark-7,"Trondheim, Norway",Quectel_EC21,262,Germany,de,0,2G
10089,1,Mark-7,"Trondheim, Norway",Quectel_EC21,262,Germany,de,0,2G
10090,1,Mark-7,"Trondheim, Norway",Quectel_EC21,262,Germany,de,0,2G
10096,1,Mark-7,"Trondheim, Norway",Quectel_EC21,262,Germany,de,0,2G
10105,1,Mark-7,"Trondheim, Norway",Quectel_EC21,262,Germany,de,0,2G
10113,1,Mark-7,"Trondheim, Norway",Quectel_EC21,262,Germany,de,0,2G
10119,1,Mark-7,"Trondheim, Norway",Quectel_EC21,262,Germany,de,0,2G
10120,1,Mark-7,"Trondheim, Norway",Quectel_EC21,262,Germany,de,0,2G
10122,1,Mark-7,"Trondheim, Norway",Quectel_EC21,262,Germany,de,0,2G
10134,1,Mark-7,"Trondheim, Norway",Quectel_EC21,262,Germany,de,0,2G
10139,1,Mark-7,"Trondheim, Norway",Quectel_EC21,262,Germany,de,0,2G
10144,1,Mark-7,"Trondheim, Norway",Quectel_EC21,262,Germany,de,0,2G
10145,1,Mark-7,"Trondheim, Norway",Quectel_EC21,262,Germany,de,0,2G
10146,1,Mark-7,"Trondheim, Norway",Quectel_EC21,262,Germany,de,0,2G
10147,1,Mark-7,"Trondheim, Norway",Quectel_EC21,262,Germany,de,0,2G
10148,1,Mark-7,"Trondheim, Norway",Quectel_EC21,262,Germany,de,0,2G
10149,1,Mark-7,"Trondheim, Norway",Quectel_EC21,262,Germany,de,0,2G
10150,1,Mark-7,"Trondheim, Norway",Quectel_EC21,262,Germany,de,0,2G
10151,1,Mark-7,"Trondheim, Norway",Quectel_EC21,262,Germany,de,0,2G
10152,1,Mark-7,"Trondheim, Norway",Quectel_EC21,262,Germany,de,0,2G
10153,1,Mark-7,"Trondheim, Norway",Quectel_EC21,262,Germany,de,0,2G
10154,1,Mark-7,"Trondheim, Norway",Quectel_EC21,262,Germany,de,0,2G
10155,1,Mark-7,"Trondheim, Norway",Quectel_EC21,262,Germany,de,0,2G
10156,1,Mark-7,"Trondheim, Norway",Quectel_EC21,262,Germany,de,0,2G
10157,1,Mark-7,"Trondheim, Norway",Quectel_EC21,262,Germany,de,0,2G
10158,1,Mark-7,"Trondheim, Norway",Quectel_EC21,262,Germany,de,0,2G
10159,1,Mark-7,"Trondheim, Norway",Quectel_EC21,262,Germany,de,0,2G
10160,1,Mark-7,"Trondheim, Norway",Quectel_EC21,262,Germany,de,0,2G
10161,1,Mark-7,"Trondheim, Norway",Quectel_EC21,262,Germany,de,0,2G
10162,1,Mark-7,"Trondheim, Norway",Quectel_EC21,262,Germany,de,0,2G
10163,1,Mark-7,"Trondheim, Norway",Quectel_EC21,262,Germany,de,0,2G
10164,1,Mark-7,"Trondheim, Norway",Quectel_EC21,262,Germany,de,0,2G
10165,1,Mark-7,"Trondheim, Norway",Quectel_EC21,262,Germany,de,0,2G
10166,1,Mark-7,"Trondheim, Norway",Quectel_EC21,262,Germany,de,0,2G
10167,1,Mark-7,"Trondheim, Norway",Quectel_EC21,262,Germany,de,0,2G
10168,1,Mark-7,"Trondheim, Norway",Quectel_EC21,262,Germany,de,0,2G
10169,1,Mark-7,"Trondheim, Norway",Quectel_EC21,262,Germany,de,0,2G
10170,1,Mark-7,"Trondheim, Norway",Quectel_EC21,262,Germany,de,0,2G
10171,1,Mark-7,"Trondheim, Norway",Quectel_EC21,262,Germany,de,0,2G
10172,1,Mark-7,"Trondheim, Norway",Quectel_EC21,262,Germany,de,0,2G
10173,1,Mark-7,"Trondheim, Norway",Quectel_EC21,262,Germany,de,0,2G
10174,1,Mark-7,"Trondheim, Norway",Quectel_EC21,262,Germany,de,0,2G
10175,1,Mark-7,"Trondheim, Norway",Quectel_EC21,262,Germany,de,0,2G
10176,1,Mark-7,"Trondheim, Norway",Quectel_EC21,262,Germany,de,0,2G
10177,1,Mark-7,"Trondheim, Norway",Quectel_EC21,262,Germany,de,0,2G
10178,1,Mark-7,"Trondheim, Norway",Quectel_EC21,262,Germany,de,0,2G
10179,1,Mark-7,"Trondheim, Norway",Quectel_EC21,262,Germany,de,0,2G
10180,1,Mark-7,"Trondheim, Norway",Quectel_EC21,262,Germany,de,0,2G
10181,1,Mark-7,"Trondheim, Norway",Quectel_EC21,262,Germany,de,0,2G
10182,1,Mark-7,"Trondheim, Norway",Quectel_EC21,262,Germany,de,0,2G
10183,1,Mark-7,"Trondheim, Norway",Quectel_EC21,262,Germany,de,0,2G
10184,1,Mark-7,"Trondheim, Norway",Quectel_EC21,262,Germany,de,0,2G
10185,1,Mark-7,"Trondheim, Norway",Quectel_EC21,262,Germany,de,0,2G
10186,1,Mark-7,"Trondheim, Norway",Quectel_EC21,262,Germany,de,0,2G
10187,1,Mark-7,"Trondheim, Norway",Quectel_EC21,262,Germany,de,0,2G
10188,1,Mark-7,"Trondheim, Norway",Quectel_EC21,262,Germany,de,0,2G
10189,1,Mark-7,"Trondheim, Norway",Quectel_EC21,262,Germany,de,0,2G
10190,1,Mark-7,"Trondheim, Norway",Quectel_EC21,262,Germany,de,0,2G
10191,1,Mark-7,"Trondheim, Norway",Quectel_EC21,262,Germany,de,0,2G
10192,1,Mark-7,"Trondheim, Norway",Quectel_EC21,262,Germany,de,0,2G
10193,1,Mark-7,"Trondheim, Norway",Quectel_EC21,262,Germany,de,0,2G
10194,1,Mark-7,"Trondheim, Norway",Quectel_EC21,262,Germany,de,0,2G
10195,1,Mark-7,"Trondheim, Norway",Quectel_EC21,262,Germany,de,0,2G
10196,1,Mark-7,"Trondheim, Norway",Quectel_EC21,262,Germany,de,0,2G
10197,1,Mark-7,"Trondheim, Norway",Quectel_EC21,262,Germany,de,0,2G
10198,1,Mark-7,"Trondheim, Norway",Quectel_EC21,262,Germany,de,0,2G
10199,1,Mark-7,"Trondheim, Norway",Quectel_EC21,262,Germany,de,0,2G
10200,1,Mark-7,"Trondheim, Norway",Quectel_EC21,262,Germany,de,0,2G
10201,1,Mark-7,"Trondheim, Norway",Quectel_EC21,262,Germany,de,0,2G
10202,1,Mark-7,"Trondheim, Norway",Quectel_EC21,262,Germany,de,0,2G
10203,1,Mark-7,"Trondheim, Norway",Quectel_EC21,262,Germany,de,0,2G
10204,1,Mark-7,"Trondheim, Norway",Quectel_EC21,262,Germany,de,0,2G
10205,1,Mark-7,"Trondheim, Norway",Quectel_EC21,262,Germany,de,0,2G
10206,1,Mark-7,"Trondheim, Norway",Quectel_EC21,262,Germany,de,0,2G
10207,1,Mark-7,"Trondheim, Norway",Quectel_EC21,262,Germany,de,0,2G
10208,1,Mark-7,"Trondheim, Norway",Quectel_EC21,262,Germany,de,0,2G
10209,1,Mark-7,"Trondheim, Norway",Quectel_EC21,262,Germany,de,0,2G
10210,1,Mark-7,"Trondheim, Norway",Quectel_EC21,262,Germany,de,0,2G
10211,1,Mark-7,"Trondheim, Norway",Quectel_EC21,262,Germany,de,0,2G
10212,1,Mark-7,"Trondheim, Norway",Quectel_EC21,262,Germany,de,0,2G
10213,1,Mark-7,"Trondheim, Norway",Quectel_EC21,262,Germany,de,0,2G
10214,1,Mark-7,"Trondheim, Norway",Quectel_EC21,262,Germany,de,0,2G
10215,1,Mark-7,"Trondheim, Norway",Quectel_EC21,262,Germany,de,0,2G
10216,1,Mark-7,"Trondheim, Norway",Quectel_EC21,262,Germany,de,0,2G
10217,1,Mark-7,"Trondheim, Norway",Quectel_EC21,262,Germany,de,0,2G
10218,1,Mark-7,"Trondheim, Norway",Quectel_EC21,262,Germany,de,0,2G
10219,1,Mark-7,"Trondheim, Norway",Quectel_EC21,262,Germany,de,0,2G
10220,1,Mark-7,"Trondheim, Norway",Quectel_EC21,262,Germany,de,0,2G
10221,1,Mark-7,"Trondheim, Norway",Quectel_EC21,262,Germany,de,0,2G
10222,1,Mark-7,"Trondheim, Norway",Quectel_EC21,262,Germany,de,0,2G
10223,1,Mark-7,"Trondheim, Norway",Quectel_EC21,262,Germany,de,0,2G
10224,1,Mark-7,"Trondheim, Norway",Quectel_EC21,262,Germany,de,0,2G
10225,1,Mark-7,"Trondheim, Norway",Quectel_EC21,262,Germany,de,0,2G
10226,1,Mark-7,"Trondheim, Norway",Quectel_EC21,262,Germany,de,0,2G
10227,1,Mark-7,"Trondheim, Norway",Quectel_EC21,262,Germany,de,0,2G
10228,1,Mark-7,"Trondheim, Norway",Quectel_EC21,262,Germany,de,0,2G
10229,1,Mark-7,"Trondheim, Norway",Quectel_EC21,262,Germany,de,0,2G
10230,1,Mark-7,"Trondheim, Norway",Quectel_EC21,262,Germany,de,0,2G
10231,1,Mark-7,"Trondheim, Norway",Quectel_EC21,262,Germany,de,0,2G
10232,1,Mark-7,"Trondheim, Norway",Quectel_EC21,262,Germany,de,0,2G
10233,1,Mark-7,"Trondheim, Norway",Quectel_EC21,262,Germany,de,0,2G
10234,1,Mark-7,"Trondheim, Norway",Quectel_EC21,262,Germany,de,0,2G
10235,1,Mark-7,"Trondheim, Norway",Quectel_EC21,262,Germany,de,0,2G
10236,1,Mark-7,"Trondheim, Norway",Quectel_EC21,262,Germany,de,0,2G
10237,1,Mark-7,"Trondheim, Norway",Quectel_EC21,262,Germany,de,0,2G
10238,1,Mark-7,"Trondheim, Norway",Quectel_EC21,262,Germany,de,0,2G
10239,1,Mark-7,"Trondheim, Norway",Quectel_EC21,262,Germany,de,0,2G
10240,1,Mark-7,"Trondheim, Norway",Quectel_EC21,262,Germany,de,0,2G
10241,1,Mark-7,"Trondheim, Norway",Quectel_EC21,262,Germany,de,0,2G
10242,1,Mark-7,"Trondheim, Norway",Quectel_EC21,262,Germany,de,0,2G
10243,1,Mark-7,"Trondheim, Norway",Quectel_EC21,262,Germany,de,0,2G
10244,1,Mark-7,"Trondheim, Norway",Quectel_EC21,262,Germany,de,0,2G
10245,1,Mark-7,"Trondheim, Norway",Quectel_EC21,262,Germany,de,0,2G
10448,1,Mark-5,"Würzburg, Germany",Quectel_EC21,262,Germany,de,0,2G
10453,1,Mark-5,"Würzburg, Germany",Quectel_EC21,262,Germany,de,0,2G
10461,1,Mark-5,"Würzburg, Germany",Quectel_EC21,262,Germany,de,0,2G
10472,1,Mark-5,"Würzburg, Germany",Quectel_EC21,262,Germany,de,0,2G
10477,1,Mark-5,"Würzburg, Germany",Quectel_EC21,262,Germany,de,0,2G
10479,1,Mark-5,"Würzburg, Germany",Quectel_EC21,262,Germany,de,0,2G
10480,1,Mark-5,"Würzburg, Germany",Quectel_EC21,262,Germany,de,0,2G
10493,1,Mark-5,"Würzburg, Germany",Quectel_EC21,262,Germany,de,0,2G
10494,1,Mark-5,"Würzburg, Germany",Quectel_EC21,262,Germany,de,0,2G
10496,1,Mark-5,"Würzburg, Germany",Quectel_EC21,262,Germany,de,0,2G
10506,1,Mark-5,"Würzburg, Germany",Quectel_EC21,262,Germany,de,0,2G
10507,1,Mark-5,"Würzburg, Germany",Quectel_EC21,262,Germany,de,0,2G
10509,1,Mark-5,"Würzburg, Germany",Quectel_EC21,262,Germany,de,0,2G
10510,1,Mark-5,"Würzburg, Germany",Quectel_EC21,262,Germany,de,0,2G
10511,1,Mark-5,"Würzburg, Germany",Quectel_EC21,262,Germany,de,0,2G
10512,1,Mark-5,"Würzburg, Germany",Quectel_EC21,262,Germany,de,0,2G
10517,1,Mark-5,"Würzburg, Germany",Quectel_EC21,262,Germany,de,0,2G
10541,1,Mark-5,"Würzburg, Germany",Quectel_EC21,262,Germany,de,0,2G
10649,1,Mark-5,"Würzburg, Germany",Quectel_BG96,262,Germany,de,0,2G
10670,1,Mark-5,"Würzburg, Germany",Quectel_BG96,262,Germany,de,0,2G
10848,1,Mark-2,"Würzburg, Germany",Quectel_EC21,262,Germany,de,0,2G
10849,1,Mark-2,"Würzburg, Germany",Quectel_EC21,262,Germany,de,0,2G
10861,1,Mark-2,"Würzburg, Germany",Quectel_EC21,262,Germany,de,0,2G
10867,1,Mark-2,"Würzburg, Germany",Quectel_EC21,262,Germany,de,0,2G
10869,1,Mark-2,"Würzburg, Germany",Quectel_EC21,262,Germany,de,0,2G
10872,1,Mark-2,"Würzburg, Germany",Quectel_EC21,262,Germany,de,0,2G
10874,1,Mark-2,"Würzburg, Germany",Quectel_EC21,262,Germany,de,0,2G
10875,1,Mark-2,"Würzburg, Germany",Quectel_EC21,262,Germany,de,0,2G
10876,1,Mark-2,"Würzburg, Germany",Quectel_EC21,262,Germany,de,0,2G
10878,1,Mark-2,"Würzburg, Germany",Quectel_EC21,262,Germany,de,0,2G
10879,1,Mark-2,"Würzburg, Germany",Quectel_EC21,262,Germany,de,0,2G
10885,1,Mark-2,"Würzburg, Germany",Quectel_EC21,262,Germany,de,0,2G
10888,1,Mark-2,"Würzburg, Germany",Quectel_EC21,262,Germany,de,0,2G
10901,1,Mark-2,"Würzburg, Germany",Quectel_EC21,262,Germany,de,0,2G
10902,1,Mark-2,"Würzburg, Germany",Quectel_EC21,262,Germany,de,0,2G
10913,1,Mark-2,"Würzburg, Germany",Quectel_EC21,262,Germany,de,0,2G
10914,1,Mark-2,"Würzburg, Germany",Quectel_EC21,262,Germany,de,0,2G
10918,1,Mark-2,"Würzburg, Germany",Quectel_EC21,262,Germany,de,0,2G
10932,1,Mark-2,"Würzburg, Germany",Quectel_EC21,262,Germany,de,0,2G
10940,1,Mark-2,"Würzburg, Germany",Quectel_EC21,262,Germany,de,0,2G
10944,1,Mark-2,"Würzburg, Germany",Quectel_EC21,262,Germany,de,0,2G
11177,1,Mark-2,"Würzburg, Germany",Quectel_BG96,262,Germany,de,0,2G
11184,1,Mark-2,"Würzburg, Germany",Quectel_BG96,262,Germany,de,0,2G
11198,1,Mark-2,"Würzburg, Germany",Quectel_BG96,262,Germany,de,0,2G
13200,1,Mark-7,"Trondheim, Norway",Quectel_EC21,262,Germany,de,0,2G
13201,1,Mark-7,"Trondheim, Norway",Quectel_EC21,262,Germany,de,0,2G
13205,1,Mark-7,"Trondheim, Norway",Quectel_EC21,262,Germany,de,0,2G
13211,1,Mark-5,"Würzburg, Germany",Quectel_BG96,262,Germany,de,0,2G
13381,1,Mark-7,"Trondheim, Norway",Quectel_EC21,262,Germany,de,0,2G
13710,1,Mark-4,"Würzburg, Germany",Quectel_EC21,262,Germany,de,0,2G
13716,1,Mark-4,"Würzburg, Germany",Quectel_EC21,262,Germany,de,0,2G
13727,1,Mark-4,"Würzburg, Germany",Quectel_EC21,262,Germany,de,0,2G
13737,1,Mark-4,"Würzburg, Germany",Quectel_EC21,262,Germany,de,0,2G
13739,1,Mark-4,"Würzburg, Germany",Quectel_EC21,262,Germany,de,0,2G
13743,1,Mark-4,"Würzburg, Germany",Quectel_EC21,262,Germany,de,0,2G
13747,1,Mark-4,"Würzburg, Germany",Quectel_EC21,262,Germany,de,0,2G
13748,1,Mark-4,"Würzburg, Germany",Quectel_EC21,262,Germany,de,0,2G
13749,1,Mark-4,"Würzburg, Germany",Quectel_EC21,262,Germany,de,0,2G
13750,1,Mark-4,"Würzburg, Germany",Quectel_EC21,262,Germany,de,0,2G
13762,1,Mark-4,"Würzburg, Germany",Quectel_EC21,262,Germany,de,0,2G
13769,1,Mark-4,"Würzburg, Germany",Quectel_EC21,262,Germany,de,0,2G
13770,1,Mark-4,"Würzburg, Germany",Quectel_EC21,262,Germany,de,0,2G
13778,1,Mark-4,"Würzburg, Germany",Quectel_EC21,262,Germany,de,0,2G
13779,1,Mark-4,"Würzburg, Germany",Quectel_EC21,262,Germany,de,0,2G
13791,1,Mark-4,"Würzburg, Germany",Quectel_EC21,262,Germany,de,0,2G
13796,1,Mark-4,"Würzburg, Germany",Quectel_EC21,262,Germany,de,0,2G
13797,1,Mark-4,"Würzburg, Germany",Quectel_EC21,262,Germany,de,0,2G
13813,1,Mark-2,"Würzburg, Germany",Quectel_BG96,262,Germany,de,0,2G
13813,2,Mark-2,"Würzburg, Germany",Quectel_BG96,262,Germany,de,0,2G
14212,1,Mark-4,"Würzburg, Germany",Quectel_BG96,262,Germany,de,0,2G
14217,1,Mark-4,"Würzburg, Germany",Quectel_BG96,262,Germany,de,0,2G
14221,1,Mark-4,"Würzburg, Germany",Quectel_BG96,262,Germany,de,0,2G
14222,1,Mark-4,"Würzburg, Germany",Quectel_BG96,262,Germany,de,0,2G
14223,1,Mark-4,"Würzburg, Germany",Quectel_BG96,262,Germany,de,0,2G
14226,1,Mark-4,"Würzburg, Germany",Quectel_BG96,262,Germany,de,0,2G
14231,1,Mark-4,"Würzburg, Germany",Quectel_BG96,262,Germany,de,0,2G
14233,1,Mark-4,"Würzburg, Germany",Quectel_BG96,262,Germany,de,0,2G
14240,1,Mark-4,"Würzburg, Germany",Quectel_BG96,262,Germany,de,0,2G
14242,1,Mark-4,"Würzburg, Germany",Quectel_BG96,262,Germany,de,0,2G
14246,1,Mark-4,"Würzburg, Germany",Quectel_BG96,262,Germany,de,0,2G
14248,1,Mark-4,"Würzburg, Germany",Quectel_BG96,262,Germany,de,0,2G
14249,1,Mark-4,"Würzburg, Germany",Quectel_BG96,262,Germany,de,0,2G
14269,1,Mark-4,"Würzburg, Germany",Quectel_BG96,262,Germany,de,0,2G
14272,1,Mark-4,"Würzburg, Germany",Quectel_BG96,262,Germany,de,0,2G
14277,1,Mark-4,"Würzburg, Germany",Quectel_BG96,262,Germany,de,0,2G
14279,1,Mark-4,"Würzburg, Germany",Quectel_BG96,262,Germany,de,0,2G
14285,1,Mark-4,"Würzburg, Germany",Quectel_BG96,262,Germany,de,0,2G
14288,1,Mark-4,"Würzburg, Germany",Quectel_BG96,262,Germany,de,0,2G
14289,1,Mark-4,"Würzburg, Germany",Quectel_BG96,262,Germany,de,0,2G
14404,1,Mark-2,"Würzburg, Germany",Quectel_BG96,262,Germany,de,0,2G
14405,1,Mark-2,"Würzburg, Germany",Quectel_BG96,262,Germany,de,0,2G
14407,1,Mark-2,"Würzburg, Germany",Quectel_BG96,262,Germany,de,0,2G
14410,1,Mark-2,"Würzburg, Germany",Quectel_BG96,262,Germany,de,0,2G
14414,1,Mark-2,"Würzburg, Germany",Quectel_BG96,262,Germany,de,0,2G
14415,1,Mark-2,"Würzburg, Germany",Quectel_BG96,262,Germany,de,0,2G
14416,1,Mark-2,"Würzburg, Germany",Quectel_BG96,262,Germany,de,0,2G
14417,1,Mark-2,"Würzburg, Germany",Quectel_BG96,262,Germany,de,0,2G
14419,1,Mark-2,"Würzburg, Germany",Quectel_BG96,262,Germany,de,0,2G
14420,1,Mark-2,"Würzburg, Germany",Quectel_BG96,262,Germany,de,0,2G
14422,1,Mark-2,"Würzburg, Germany",Quectel_BG96,262,Germany,de,0,2G
14424,1,Mark-2,"Würzburg, Germany",Quectel_BG96,262,Germany,de,0,2G
14425,1,Mark-2,"Würzburg, Germany",Quectel_BG96,262,Germany,de,0,2G
14430,1,Mark-2,"Würzburg, Germany",Quectel_BG96,262,Germany,de,0,2G
14431,1,Mark-2,"Würzburg, Germany",Quectel_BG96,262,Germany,de,0,2G
14434,1,Mark-2,"Würzburg, Germany",Quectel_BG96,262,Germany,de,0,2G
14438,1,Mark-2,"Würzburg, Germany",Quectel_BG96,262,Germany,de,0,2G
14444,1,Mark-2,"Würzburg, Germany",Quectel_BG96,262,Germany,de,0,2G
14449,1,Mark-2,"Würzburg, Germany",Quectel_BG96,262,Germany,de,0,2G
14450,1,Mark-2,"Würzburg, Germany",Quectel_BG96,262,Germany,de,0,2G
14458,1,Mark-2,"Würzburg, Germany",Quectel_BG96,262,Germany,de,0,2G
14468,1,Mark-2,"Würzburg, Germany",Quectel_BG96,262,Germany,de,0,2G
14479,1,Mark-2,"Würzburg, Germany",Quectel_BG96,262,Germany,de,0,2G
14483,1,Mark-2,"Würzburg, Germany",Quectel_BG96,262,Germany,de,0,2G
14486,1,Mark-2,"Würzburg, Germany",Quectel_BG96,262,Germany,de,0,2G
14492,1,Mark-2,"Würzburg, Germany",Quectel_BG96,262,Germany,de,0,2G
14495,1,Mark-2,"Würzburg, Germany",Quectel_BG96,262,Germany,de,0,2G
14497,1,Mark-2,"Würzburg, Germany",Quectel_BG96,262,Germany,de,0,2G
14498,1,Mark-2,"Würzburg, Germany",Quectel_BG96,262,Germany,de,0,2G
14503,1,Mark-2,"Würzburg, Germany",Quectel_BG96,262,Germany,de,0,2G
14944,1,Mark-4,"Würzburg, Germany",Quectel_EC21,262,Germany,de,0,2G
15942,1,Mark-2,"Würzburg, Germany",Quectel_BG96,262,Germany,de,0,2G
15943,1,Mark-2,"Würzburg, Germany",Quectel_BG96,262,Germany,de,0,2G
15944,1,Mark-2,"Würzburg, Germany",Quectel_BG96,262,Germany,de,0,2G
16018,1,Mark-1,"Würzburg, Germany",Quectel_EC21,262,Germany,de,0,2G
16019,1,Mark-1,"Würzburg, Germany",Quectel_EC21,262,Germany,de,0,2G
16020,1,Mark-1,"Würzburg, Germany",Quectel_EC21,262,Germany,de,0,2G
16021,1,Mark-1,"Würzburg, Germany",Quectel_EC21,262,Germany,de,0,2G
16022,1,Mark-1,"Würzburg, Germany",Quectel_EC21,262,Germany,de,0,2G
16023,1,Mark-1,"Würzburg, Germany",Quectel_EC21,262,Germany,de,0,2G
16024,1,Mark-1,"Würzburg, Germany",Quectel_EC21,262,Germany,de,0,2G
16025,1,Mark-1,"Würzburg, Germany",Quectel_EC21,262,Germany,de,0,2G
16040,1,Mark-1,"Würzburg, Germany",Quectel_EC21,262,Germany,de,0,2G
16246,1,Mark-4,"Würzburg, Germany",Quectel_BG96,262,Germany,de,0,2G
16401,1,Mark-9,"Würzburg, Germany",Quectel_EC21,262,Germany,de,0,2G
16469,1,Mark-1,"Würzburg, Germany",Quectel_EC21,262,Germany,de,0,2G
16497,1,Mark-5,"Würzburg, Germany",Quectel_BG96,262,Germany,de,0,2G
16616,1,Mark-4,"Würzburg, Germany",Quectel_EC21,262,Germany,de,0,2G
16617,1,Mark-4,"Würzburg, Germany",Quectel_EC21,262,Germany,de,0,2G
16618,1,Mark-4,"Würzburg, Germany",Quectel_EC21,262,Germany,de,0,2G
16619,1,Mark-4,"Würzburg, Germany",Quectel_EC21,262,Germany,de,0,2G
16620,1,Mark-4,"Würzburg, Germany",Quectel_EC21,262,Germany,de,0,2G
16621,1,Mark-4,"Würzburg, Germany",Quectel_EC21,262,Germany,de,0,2G
16622,1,Mark-4,"Würzburg, Germany",Quectel_EC21,262,Germany,de,0,2G
16623,1,Mark-4,"Würzburg, Germany",Quectel_EC21,262,Germany,de,0,2G
16624,1,Mark-4,"Würzburg, Germany",Quectel_EC21,262,Germany,de,0,2G
16625,1,Mark-4,"Würzburg, Germany",Quectel_EC21,262,Germany,de,0,2G
16626,1,Mark-4,"Würzburg, Germany",Quectel_EC21,262,Germany,de,0,2G
16627,1,Mark-4,"Würzburg, Germany",Quectel_EC21,262,Germany,de,0,2G
16664,1,Mark-1,"Würzburg, Germany",Quectel_BG96,262,Germany,de,0,2G
16665,1,Mark-1,"Würzburg, Germany",Quectel_BG96,262,Germany,de,0,2G
16666,1,Mark-1,"Würzburg, Germany",Quectel_BG96,262,Germany,de,0,2G
16667,1,Mark-1,"Würzburg, Germany",Quectel_BG96,262,Germany,de,0,2G
16668,1,Mark-1,"Würzburg, Germany",Quectel_BG96,262,Germany,de,0,2G
16669,1,Mark-1,"Würzburg, Germany",Quectel_BG96,262,Germany,de,0,2G
16670,1,Mark-1,"Würzburg, Germany",Quectel_BG96,262,Germany,de,0,2G
16671,1,Mark-1,"Würzburg, Germany",Quectel_BG96,262,Germany,de,0,2G
16672,1,Mark-1,"Würzburg, Germany",Quectel_BG96,262,Germany,de,0,2G
16673,1,Mark-1,"Würzburg, Germany",Quectel_BG96,262,Germany,de,0,2G
16674,1,Mark-1,"Würzburg, Germany",Quectel_BG96,262,Germany,de,0,2G
16675,1,Mark-1,"Würzburg, Germany",Quectel_BG96,262,Germany,de,0,2G
16739,1,Mark-3,"Würzburg, Germany",Quectel_EC21,262,Germany,de,0,2G
16777,1,Mark-3,"Würzburg, Germany",Quectel_EC21,262,Germany,de,0,2G
17038,1,Mark-2,"Würzburg, Germany",Quectel_EC21,262,Germany,de,0,2G
17257,1,Mark-3,"Würzburg, Germany",Quectel_EC21,262,Germany,de,0,2G
17448,1,Mark-2,"Würzburg, Germany",Quectel_EC21,262,Germany,de,0,2G
18938,1,Mark-1,"Würzburg, Germany",Quectel_EC21,262,Germany,de,0,2G
18943,1,Mark-2,"Würzburg, Germany",Quectel_BG96,262,Germany,de,0,2G
19267,1,Mark-4,"Würzburg, Germany",Quectel_EC21,262,Germany,de,0,2G
19605,1,Mark-4,"Würzburg, Germany",Quectel_EC21,262,Germany,de,0,2G
19612,1,Mark-4,"Würzburg, Germany",Quectel_EC21,262,Germany,de,0,2G
19620,1,Mark-1,"Würzburg, Germany",Quectel_EC21,262,Germany,de,0,2G
19621,1,Mark-2,"Würzburg, Germany",Quectel_EC21,262,Germany,de,0,2G
19642,1,Mark-1,"Würzburg, Germany",Quectel_EC21,262,Germany,de,0,2G
19651,1,Mark-1,"Würzburg, Germany",Quectel_EC21,262,Germany,de,0,2G
19652,1,Mark-2,"Würzburg, Germany",Quectel_EC21,262,Germany,de,0,2G
19653,1,Mark-3,"Würzburg, Germany",Quectel_EC21,262,Germany,de,0,2G
19661,1,Mark-4,"Würzburg, Germany",Quectel_EC21,262,Germany,de,0,2G
19665,1,Mark-4,"Würzburg, Germany",Quectel_EC21,262,Germany,de,0,2G
19691,1,Mark-4,"Würzburg, Germany",Quectel_EC21,262,Germany,de,0,2G
19726,1,Mark-1,"Würzburg, Germany",Quectel_BG96,262,Germany,de,0,2G
19776,1,Mark-1,"Würzburg, Germany",Quectel_EC21,262,Germany,de,0,2G
19779,1,Mark-1,"Würzburg, Germany",Quectel_BG96,262,Germany,de,0,2G
19791,1,Mark-4,"Würzburg, Germany",Quectel_EC21,262,Germany,de,0,2G
19819,1,Mark-2,"Würzburg, Germany",Quectel_BG96,262,Germany,de,0,2G
19827,1,Mark-3,"Würzburg, Germany",Quectel_EC21,262,Germany,de,0,2G
19830,1,Mark-3,"Würzburg, Germany",Quectel_BG96,262,Germany,de,0,2G
19965,1,Mark-1,"Würzburg, Germany",Quectel_EC21,262,Germany,de,0,2G
20119,1,Mark-1,"Würzburg, Germany",Quectel_EC21,262,Germany,de,0,2G
20121,1,Mark-6,"Munich, Germany",Quectel_EC21,262,Germany,de,0,2G
20155,1,Mark-1,"Würzburg, Germany",Quectel_EC21,262,Germany,de,0,2G
20157,1,Mark-6,"Munich, Germany",Quectel_EC21,262,Germany,de,0,2G
20191,1,Mark-1,"Würzburg, Germany",Quectel_EC21,262,Germany,de,0,2G
20227,1,Mark-1,"Würzburg, Germany",Quectel_EC21,262,Germany,de,0,2G
20229,1,Mark-6,"Munich, Germany",Quectel_EC21,262,Germany,de,0,2G
20263,1,Mark-1,"Würzburg, Germany",Quectel_EC21,262,Germany,de,0,2G
20265,1,Mark-6,"Munich, Germany",Quectel_EC21,262,Germany,de,0,2G
20299,1,Mark-1,"Würzburg, Germany",Quectel_EC21,262,Germany,de,0,2G
20301,1,Mark-6,"Munich, Germany",Quectel_EC21,262,Germany,de,0,2G
20335,1,Mark-1,"Würzburg, Germany",Quectel_EC21,262,Germany,de,0,2G
20371,1,Mark-1,"Würzburg, Germany",Quectel_EC21,262,Germany,de,0,2G
20373,1,Mark-6,"Munich, Germany",Quectel_EC21,262,Germany,de,0,2G
20407,1,Mark-1,"Würzburg, Germany",Quectel_EC21,262,Germany,de,0,2G
20409,1,Mark-6,"Munich, Germany",Quectel_EC21,262,Germany,de,0,2G
20443,1,Mark-1,"Würzburg, Germany",Quectel_EC21,262,Germany,de,0,2G
20472,1,Mark-4,"Würzburg, Germany",Quectel_BG96,262,Germany,de,0,2G
20475,1,Mark-4,"Würzburg, Germany",Quectel_BG96,262,Germany,de,0,2G
20489,1,Mark-1,"Würzburg, Germany",Quectel_BG96,262,Germany,de,0,2G
20558,1,Mark-1,"Würzburg, Germany",Quectel_BG96,262,Germany,de,0,2G
20738,1,Mark-1,"Würzburg, Germany",Quectel_BG96,262,Germany,de,0,2G
20765,1,Mark-1,"Würzburg, Germany",Quectel_BG96,262,Germany,de,0,2G
20792,1,Mark-1,"Würzburg, Germany",Quectel_BG96,262,Germany,de,0,2G
20819,1,Mark-1,"Würzburg, Germany",Quectel_BG96,262,Germany,de,0,2G
20846,1,Mark-1,"Würzburg, Germany",Quectel_BG96,262,Germany,de,0,2G
20873,1,Mark-1,"Würzburg, Germany",Quectel_BG96,262,Germany,de,0,2G
20900,1,Mark-1,"Würzburg, Germany",Quectel_BG96,262,Germany,de,0,2G
20927,1,Mark-1,"Würzburg, Germany",Quectel_BG96,262,Germany,de,0,2G
20954,1,Mark-1,"Würzburg, Germany",Quectel_BG96,262,Germany,de,0,2G
20981,1,Mark-1,"Würzburg, Germany",Quectel_BG96,262,Germany,de,0,2G
22790,1,Mark-6,"Munich, Germany",Quectel_BG96,262,Germany,de,0,2G
22980,1,Mark-1,"Würzburg, Germany",Quectel_BG96,262,Germany,de,0,2G
22995,1,Mark-1,"Würzburg, Germany",Quectel_EC21,262,Germany,de,0,2G
23177,1,Mark-1,"Würzburg, Germany",Quectel_BG96,262,Germany,de,0,2G
23192,1,Mark-1,"Würzburg, Germany",Quectel_EC21,262,Germany,de,0,2G
23207,1,Mark-6,"Munich, Germany",Quectel_BG96,262,Germany,de,0,2G
23236,1,Mark-1,"Würzburg, Germany",Quectel_BG96,262,Germany,de,0,2G
23251,1,Mark-1,"Würzburg, Germany",Quectel_EC21,262,Germany,de,0,2G
23266,1,Mark-6,"Munich, Germany",Quectel_BG96,262,Germany,de,0,2G
23558,1,Mark-1,"Würzburg, Germany",Quectel_BG96,262,Germany,de,0,2G
23573,1,Mark-1,"Würzburg, Germany",Quectel_EC21,262,Germany,de,0,2G
10047,1,Mark-7,"Trondheim, Norway",Quectel_EC21,262,Germany,de,7,LTE CAT1
10050,1,Mark-7,"Trondheim, Norway",Quectel_EC21,262,Germany,de,7,LTE CAT1
10052,1,Mark-7,"Trondheim, Norway",Quectel_EC21,262,Germany,de,7,LTE CAT1
10056,1,Mark-7,"Trondheim, Norway",Quectel_EC21,262,Germany,de,7,LTE CAT1
10065,1,Mark-7,"Trondheim, Norway",Quectel_EC21,262,Germany,de,7,LTE CAT1
10067,1,Mark-7,"Trondheim, Norway",Quectel_EC21,262,Germany,de,7,LTE CAT1
10069,1,Mark-7,"Trondheim, Norway",Quectel_EC21,262,Germany,de,7,LTE CAT1
10070,1,Mark-7,"Trondheim, Norway",Quectel_EC21,262,Germany,de,7,LTE CAT1
10074,1,Mark-7,"Trondheim, Norway",Quectel_EC21,262,Germany,de,7,LTE CAT1
10081,1,Mark-7,"Trondheim, Norway",Quectel_EC21,262,Germany,de,7,LTE CAT1
10084,1,Mark-7,"Trondheim, Norway",Quectel_EC21,262,Germany,de,7,LTE CAT1
10088,1,Mark-7,"Trondheim, Norway",Quectel_EC21,262,Germany,de,7,LTE CAT1
10094,1,Mark-7,"Trondheim, Norway",Quectel_EC21,262,Germany,de,7,LTE CAT1
10099,1,Mark-7,"Trondheim, Norway",Quectel_EC21,262,Germany,de,7,LTE CAT1
10101,1,Mark-7,"Trondheim, Norway",Quectel_EC21,262,Germany,de,7,LTE CAT1
10109,1,Mark-7,"Trondheim, Norway",Quectel_EC21,262,Germany,de,7,LTE CAT1
10111,1,Mark-7,"Trondheim, Norway",Quectel_EC21,262,Germany,de,7,LTE CAT1
10118,1,Mark-7,"Trondheim, Norway",Quectel_EC21,262,Germany,de,7,LTE CAT1
10123,1,Mark-7,"Trondheim, Norway",Quectel_EC21,262,Germany,de,7,LTE CAT1
10124,1,Mark-7,"Trondheim, Norway",Quectel_EC21,262,Germany,de,7,LTE CAT1
10128,1,Mark-7,"Trondheim, Norway",Quectel_EC21,262,Germany,de,7,LTE CAT1
10132,1,Mark-7,"Trondheim, Norway",Quectel_EC21,262,Germany,de,7,LTE CAT1
10133,1,Mark-7,"Trondheim, Norway",Quectel_EC21,262,Germany,de,7,LTE CAT1
10135,1,Mark-7,"Trondheim, Norway",Quectel_EC21,262,Germany,de,7,LTE CAT1
10138,1,Mark-7,"Trondheim, Norway",Quectel_EC21,262,Germany,de,7,LTE CAT1
10449,1,Mark-5,"Würzburg, Germany",Quectel_EC21,262,Germany,de,7,LTE CAT1
10450,1,Mark-5,"Würzburg, Germany",Quectel_EC21,262,Germany,de,7,LTE CAT1
10451,1,Mark-5,"Würzburg, Germany",Quectel_EC21,262,Germany,de,7,LTE CAT1
10454,1,Mark-5,"Würzburg, Germany",Quectel_EC21,262,Germany,de,7,LTE CAT1
10455,1,Mark-5,"Würzburg, Germany",Quectel_EC21,262,Germany,de,7,LTE CAT1
10456,1,Mark-5,"Würzburg, Germany",Quectel_EC21,262,Germany,de,7,LTE CAT1
10460,1,Mark-5,"Würzburg, Germany",Quectel_EC21,262,Germany,de,7,LTE CAT1
10464,1,Mark-5,"Würzburg, Germany",Quectel_EC21,262,Germany,de,7,LTE CAT1
10469,1,Mark-5,"Würzburg, Germany",Quectel_EC21,262,Germany,de,7,LTE CAT1
10471,1,Mark-5,"Würzburg, Germany",Quectel_EC21,262,Germany,de,7,LTE CAT1
10473,1,Mark-5,"Würzburg, Germany",Quectel_EC21,262,Germany,de,7,LTE CAT1
10475,1,Mark-5,"Würzburg, Germany",Quectel_EC21,262,Germany,de,7,LTE CAT1
10478,1,Mark-5,"Würzburg, Germany",Quectel_EC21,262,Germany,de,7,LTE CAT1
10483,1,Mark-5,"Würzburg, Germany",Quectel_EC21,262,Germany,de,7,LTE CAT1
10484,1,Mark-5,"Würzburg, Germany",Quectel_EC21,262,Germany,de,7,LTE CAT1
10485,1,Mark-5,"Würzburg, Germany",Quectel_EC21,262,Germany,de,7,LTE CAT1
10505,1,Mark-5,"Würzburg, Germany",Quectel_EC21,262,Germany,de,7,LTE CAT1
10514,1,Mark-5,"Würzburg, Germany",Quectel_EC21,262,Germany,de,7,LTE CAT1
10515,1,Mark-5,"Würzburg, Germany",Quectel_EC21,262,Germany,de,7,LTE CAT1
10516,1,Mark-5,"Würzburg, Germany",Quectel_EC21,262,Germany,de,7,LTE CAT1
10519,1,Mark-5,"Würzburg, Germany",Quectel_EC21,262,Germany,de,7,LTE CAT1
10520,1,Mark-5,"Würzburg, Germany",Quectel_EC21,262,Germany,de,7,LTE CAT1
10524,1,Mark-5,"Würzburg, Germany",Quectel_EC21,262,Germany,de,7,LTE CAT1
10525,1,Mark-5,"Würzburg, Germany",Quectel_EC21,262,Germany,de,7,LTE CAT1
10527,1,Mark-5,"Würzburg, Germany",Quectel_EC21,262,Germany,de,7,LTE CAT1
10532,1,Mark-5,"Würzburg, Germany",Quectel_EC21,262,Germany,de,7,LTE CAT1
10534,1,Mark-5,"Würzburg, Germany",Quectel_EC21,262,Germany,de,7,LTE CAT1
10536,1,Mark-5,"Würzburg, Germany",Quectel_EC21,262,Germany,de,7,LTE CAT1
10537,1,Mark-5,"Würzburg, Germany",Quectel_EC21,262,Germany,de,7,LTE CAT1
10538,1,Mark-5,"Würzburg, Germany",Quectel_EC21,262,Germany,de,7,LTE CAT1
10543,1,Mark-5,"Würzburg, Germany",Quectel_EC21,262,Germany,de,7,LTE CAT1
10544,1,Mark-5,"Würzburg, Germany",Quectel_EC21,262,Germany,de,7,LTE CAT1
10545,1,Mark-5,"Würzburg, Germany",Quectel_EC21,262,Germany,de,7,LTE CAT1
10546,1,Mark-5,"Würzburg, Germany",Quectel_EC21,262,Germany,de,7,LTE CAT1
10547,1,Mark-5,"Würzburg, Germany",Quectel_EC21,262,Germany,de,7,LTE CAT1
10548,1,Mark-5,"Würzburg, Germany",Quectel_EC21,262,Germany,de,7,LTE CAT1
10549,1,Mark-5,"Würzburg, Germany",Quectel_EC21,262,Germany,de,7,LTE CAT1
10550,1,Mark-5,"Würzburg, Germany",Quectel_EC21,262,Germany,de,7,LTE CAT1
10551,1,Mark-5,"Würzburg, Germany",Quectel_EC21,262,Germany,de,7,LTE CAT1
10552,1,Mark-5,"Würzburg, Germany",Quectel_EC21,262,Germany,de,7,LTE CAT1
10553,1,Mark-5,"Würzburg, Germany",Quectel_EC21,262,Germany,de,7,LTE CAT1
10554,1,Mark-5,"Würzburg, Germany",Quectel_EC21,262,Germany,de,7,LTE CAT1
10555,1,Mark-5,"Würzburg, Germany",Quectel_EC21,262,Germany,de,7,LTE CAT1
10556,1,Mark-5,"Würzburg, Germany",Quectel_EC21,262,Germany,de,7,LTE CAT1
10557,1,Mark-5,"Würzburg, Germany",Quectel_EC21,262,Germany,de,7,LTE CAT1
10846,1,Mark-2,"Würzburg, Germany",Quectel_EC21,262,Germany,de,7,LTE CAT1
10847,1,Mark-2,"Würzburg, Germany",Quectel_EC21,262,Germany,de,7,LTE CAT1
10855,1,Mark-2,"Würzburg, Germany",Quectel_EC21,262,Germany,de,7,LTE CAT1
10862,1,Mark-2,"Würzburg, Germany",Quectel_EC21,262,Germany,de,7,LTE CAT1
10863,1,Mark-2,"Würzburg, Germany",Quectel_EC21,262,Germany,de,7,LTE CAT1
10866,1,Mark-2,"Würzburg, Germany",Quectel_EC21,262,Germany,de,7,LTE CAT1
10880,1,Mark-2,"Würzburg, Germany",Quectel_EC21,262,Germany,de,7,LTE CAT1
10881,1,Mark-2,"Würzburg, Germany",Quectel_EC21,262,Germany,de,7,LTE CAT1
10882,1,Mark-2,"Würzburg, Germany",Quectel_EC21,262,Germany,de,7,LTE CAT1
10883,1,Mark-2,"Würzburg, Germany",Quectel_EC21,262,Germany,de,7,LTE CAT1
10886,1,Mark-2,"Würzburg, Germany",Quectel_EC21,262,Germany,de,7,LTE CAT1
10887,1,Mark-2,"Würzburg, Germany",Quectel_EC21,262,Germany,de,7,LTE CAT1
10889,1,Mark-2,"Würzburg, Germany",Quectel_EC21,262,Germany,de,7,LTE CAT1
10893,1,Mark-2,"Würzburg, Germany",Quectel_EC21,262,Germany,de,7,LTE CAT1
10894,1,Mark-2,"Würzburg, Germany",Quectel_EC21,262,Germany,de,7,LTE CAT1
10896,1,Mark-2,"Würzburg, Germany",Quectel_EC21,262,Germany,de,7,LTE CAT1
10904,1,Mark-2,"Würzburg, Germany",Quectel_EC21,262,Germany,de,7,LTE CAT1
10905,1,Mark-2,"Würzburg, Germany",Quectel_EC21,262,Germany,de,7,LTE CAT1
10909,1,Mark-2,"Würzburg, Germany",Quectel_EC21,262,Germany,de,7,LTE CAT1
10916,1,Mark-2,"Würzburg, Germany",Quectel_EC21,262,Germany,de,7,LTE CAT1
10922,1,Mark-2,"Würzburg, Germany",Quectel_EC21,262,Germany,de,7,LTE CAT1
10925,1,Mark-2,"Würzburg, Germany",Quectel_EC21,262,Germany,de,7,LTE CAT1
10931,1,Mark-2,"Würzburg, Germany",Quectel_EC21,262,Germany,de,7,LTE CAT1
10933,1,Mark-2,"Würzburg, Germany",Quectel_EC21,262,Germany,de,7,LTE CAT1
10935,1,Mark-2,"Würzburg, Germany",Quectel_EC21,262,Germany,de,7,LTE CAT1
10938,1,Mark-2,"Würzburg, Germany",Quectel_EC21,262,Germany,de,7,LTE CAT1
10939,1,Mark-2,"Würzburg, Germany",Quectel_EC21,262,Germany,de,7,LTE CAT1
10941,1,Mark-2,"Würzburg, Germany",Quectel_EC21,262,Germany,de,7,LTE CAT1
10942,1,Mark-2,"Würzburg, Germany",Quectel_EC21,262,Germany,de,7,LTE CAT1
10943,1,Mark-2,"Würzburg, Germany",Quectel_EC21,262,Germany,de,7,LTE CAT1
13191,1,Mark-7,"Trondheim, Norway",Quectel_EC21,262,Germany,de,7,LTE CAT1
13193,1,Mark-7,"Trondheim, Norway",Quectel_EC21,262,Germany,de,7,LTE CAT1
13194,1,Mark-7,"Trondheim, Norway",Quectel_EC21,262,Germany,de,7,LTE CAT1
13195,1,Mark-7,"Trondheim, Norway",Quectel_EC21,262,Germany,de,7,LTE CAT1
13196,1,Mark-7,"Trondheim, Norway",Quectel_EC21,262,Germany,de,7,LTE CAT1
13202,1,Mark-7,"Trondheim, Norway",Quectel_EC21,262,Germany,de,7,LTE CAT1
13370,1,Mark-2,"Würzburg, Germany",Quectel_EC21,262,Germany,de,7,LTE CAT1
13370,2,Mark-2,"Würzburg, Germany",Quectel_EC21,262,Germany,de,7,LTE CAT1
13373,1,Mark-2,"Würzburg, Germany",Quectel_EC21,262,Germany,de,7,LTE CAT1
13379,1,Mark-7,"Trondheim, Norway",Quectel_EC21,262,Germany,de,7,LTE CAT1
13606,1,Mark-4,"Würzburg, Germany",Quectel_EC21,262,Germany,de,7,LTE CAT1
13607,1,Mark-4,"Würzburg, Germany",Quectel_EC21,262,Germany,de,7,LTE CAT1
13608,1,Mark-4,"Würzburg, Germany",Quectel_EC21,262,Germany,de,7,LTE CAT1
13609,1,Mark-4,"Würzburg, Germany",Quectel_EC21,262,Germany,de,7,LTE CAT1
13610,1,Mark-4,"Würzburg, Germany",Quectel_EC21,262,Germany,de,7,LTE CAT1
13611,1,Mark-4,"Würzburg, Germany",Quectel_EC21,262,Germany,de,7,LTE CAT1
13612,1,Mark-4,"Würzburg, Germany",Quectel_EC21,262,Germany,de,7,LTE CAT1
13613,1,Mark-4,"Würzburg, Germany",Quectel_EC21,262,Germany,de,7,LTE CAT1
13614,1,Mark-4,"Würzburg, Germany",Quectel_EC21,262,Germany,de,7,LTE CAT1
13615,1,Mark-4,"Würzburg, Germany",Quectel_EC21,262,Germany,de,7,LTE CAT1
13616,1,Mark-4,"Würzburg, Germany",Quectel_EC21,262,Germany,de,7,LTE CAT1
13617,1,Mark-4,"Würzburg, Germany",Quectel_EC21,262,Germany,de,7,LTE CAT1
13618,1,Mark-4,"Würzburg, Germany",Quectel_EC21,262,Germany,de,7,LTE CAT1
13619,1,Mark-4,"Würzburg, Germany",Quectel_EC21,262,Germany,de,7,LTE CAT1
13620,1,Mark-4,"Würzburg, Germany",Quectel_EC21,262,Germany,de,7,LTE CAT1
13621,1,Mark-4,"Würzburg, Germany",Quectel_EC21,262,Germany,de,7,LTE CAT1
13622,1,Mark-4,"Würzburg, Germany",Quectel_EC21,262,Germany,de,7,LTE CAT1
13623,1,Mark-4,"Würzburg, Germany",Quectel_EC21,262,Germany,de,7,LTE CAT1
13624,1,Mark-4,"Würzburg, Germany",Quectel_EC21,262,Germany,de,7,LTE CAT1
13625,1,Mark-4,"Würzburg, Germany",Quectel_EC21,262,Germany,de,7,LTE CAT1
13626,1,Mark-4,"Würzburg, Germany",Quectel_EC21,262,Germany,de,7,LTE CAT1
13627,1,Mark-4,"Würzburg, Germany",Quectel_EC21,262,Germany,de,7,LTE CAT1
13628,1,Mark-4,"Würzburg, Germany",Quectel_EC21,262,Germany,de,7,LTE CAT1
13629,1,Mark-4,"Würzburg, Germany",Quectel_EC21,262,Germany,de,7,LTE CAT1
13630,1,Mark-4,"Würzburg, Germany",Quectel_EC21,262,Germany,de,7,LTE CAT1
13631,1,Mark-4,"Würzburg, Germany",Quectel_EC21,262,Germany,de,7,LTE CAT1
13632,1,Mark-4,"Würzburg, Germany",Quectel_EC21,262,Germany,de,7,LTE CAT1
13633,1,Mark-4,"Würzburg, Germany",Quectel_EC21,262,Germany,de,7,LTE CAT1
13634,1,Mark-4,"Würzburg, Germany",Quectel_EC21,262,Germany,de,7,LTE CAT1
13635,1,Mark-4,"Würzburg, Germany",Quectel_EC21,262,Germany,de,7,LTE CAT1
13636,1,Mark-4,"Würzburg, Germany",Quectel_EC21,262,Germany,de,7,LTE CAT1
13637,1,Mark-4,"Würzburg, Germany",Quectel_EC21,262,Germany,de,7,LTE CAT1
13638,1,Mark-4,"Würzburg, Germany",Quectel_EC21,262,Germany,de,7,LTE CAT1
13639,1,Mark-4,"Würzburg, Germany",Quectel_EC21,262,Germany,de,7,LTE CAT1
13640,1,Mark-4,"Würzburg, Germany",Quectel_EC21,262,Germany,de,7,LTE CAT1
13641,1,Mark-4,"Würzburg, Germany",Quectel_EC21,262,Germany,de,7,LTE CAT1
13642,1,Mark-4,"Würzburg, Germany",Quectel_EC21,262,Germany,de,7,LTE CAT1
13643,1,Mark-4,"Würzburg, Germany",Quectel_EC21,262,Germany,de,7,LTE CAT1
13644,1,Mark-4,"Würzburg, Germany",Quectel_EC21,262,Germany,de,7,LTE CAT1
13645,1,Mark-4,"Würzburg, Germany",Quectel_EC21,262,Germany,de,7,LTE CAT1
13646,1,Mark-4,"Würzburg, Germany",Quectel_EC21,262,Germany,de,7,LTE CAT1
13647,1,Mark-4,"Würzburg, Germany",Quectel_EC21,262,Germany,de,7,LTE CAT1
13648,1,Mark-4,"Würzburg, Germany",Quectel_EC21,262,Germany,de,7,LTE CAT1
13649,1,Mark-4,"Würzburg, Germany",Quectel_EC21,262,Germany,de,7,LTE CAT1
13650,1,Mark-4,"Würzburg, Germany",Quectel_EC21,262,Germany,de,7,LTE CAT1
13651,1,Mark-4,"Würzburg, Germany",Quectel_EC21,262,Germany,de,7,LTE CAT1
13652,1,Mark-4,"Würzburg, Germany",Quectel_EC21,262,Germany,de,7,LTE CAT1
13653,1,Mark-4,"Würzburg, Germany",Quectel_EC21,262,Germany,de,7,LTE CAT1
13654,1,Mark-4,"Würzburg, Germany",Quectel_EC21,262,Germany,de,7,LTE CAT1
13655,1,Mark-4,"Würzburg, Germany",Quectel_EC21,262,Germany,de,7,LTE CAT1
13656,1,Mark-4,"Würzburg, Germany",Quectel_EC21,262,Germany,de,7,LTE CAT1
13657,1,Mark-4,"Würzburg, Germany",Quectel_EC21,262,Germany,de,7,LTE CAT1
13658,1,Mark-4,"Würzburg, Germany",Quectel_EC21,262,Germany,de,7,LTE CAT1
13659,1,Mark-4,"Würzburg, Germany",Quectel_EC21,262,Germany,de,7,LTE CAT1
13660,1,Mark-4,"Würzburg, Germany",Quectel_EC21,262,Germany,de,7,LTE CAT1
13661,1,Mark-4,"Würzburg, Germany",Quectel_EC21,262,Germany,de,7,LTE CAT1
13662,1,Mark-4,"Würzburg, Germany",Quectel_EC21,262,Germany,de,7,LTE CAT1
13663,1,Mark-4,"Würzburg, Germany",Quectel_EC21,262,Germany,de,7,LTE CAT1
13664,1,Mark-4,"Würzburg, Germany",Quectel_EC21,262,Germany,de,7,LTE CAT1
13665,1,Mark-4,"Würzburg, Germany",Quectel_EC21,262,Germany,de,7,LTE CAT1
13666,1,Mark-4,"Würzburg, Germany",Quectel_EC21,262,Germany,de,7,LTE CAT1
13667,1,Mark-4,"Würzburg, Germany",Quectel_EC21,262,Germany,de,7,LTE CAT1
13668,1,Mark-4,"Würzburg, Germany",Quectel_EC21,262,Germany,de,7,LTE CAT1
13669,1,Mark-4,"Würzburg, Germany",Quectel_EC21,262,Germany,de,7,LTE CAT1
13670,1,Mark-4,"Würzburg, Germany",Quectel_EC21,262,Germany,de,7,LTE CAT1
13671,1,Mark-4,"Würzburg, Germany",Quectel_EC21,262,Germany,de,7,LTE CAT1
13672,1,Mark-4,"Würzburg, Germany",Quectel_EC21,262,Germany,de,7,LTE CAT1
13673,1,Mark-4,"Würzburg, Germany",Quectel_EC21,262,Germany,de,7,LTE CAT1
13674,1,Mark-4,"Würzburg, Germany",Quectel_EC21,262,Germany,de,7,LTE CAT1
13675,1,Mark-4,"Würzburg, Germany",Quectel_EC21,262,Germany,de,7,LTE CAT1
13676,1,Mark-4,"Würzburg, Germany",Quectel_EC21,262,Germany,de,7,LTE CAT1
13677,1,Mark-4,"Würzburg, Germany",Quectel_EC21,262,Germany,de,7,LTE CAT1
13678,1,Mark-4,"Würzburg, Germany",Quectel_EC21,262,Germany,de,7,LTE CAT1
13679,1,Mark-4,"Würzburg, Germany",Quectel_EC21,262,Germany,de,7,LTE CAT1
13680,1,Mark-4,"Würzburg, Germany",Quectel_EC21,262,Germany,de,7,LTE CAT1
13681,1,Mark-4,"Würzburg, Germany",Quectel_EC21,262,Germany,de,7,LTE CAT1
13682,1,Mark-4,"Würzburg, Germany",Quectel_EC21,262,Germany,de,7,LTE CAT1
13683,1,Mark-4,"Würzburg, Germany",Quectel_EC21,262,Germany,de,7,LTE CAT1
13684,1,Mark-4,"Würzburg, Germany",Quectel_EC21,262,Germany,de,7,LTE CAT1
13685,1,Mark-4,"Würzburg, Germany",Quectel_EC21,262,Germany,de,7,LTE CAT1
13686,1,Mark-4,"Würzburg, Germany",Quectel_EC21,262,Germany,de,7,LTE CAT1
13687,1,Mark-4,"Würzburg, Germany",Quectel_EC21,262,Germany,de,7,LTE CAT1
13688,1,Mark-4,"Würzburg, Germany",Quectel_EC21,262,Germany,de,7,LTE CAT1
13689,1,Mark-4,"Würzburg, Germany",Quectel_EC21,262,Germany,de,7,LTE CAT1
13690,1,Mark-4,"Würzburg, Germany",Quectel_EC21,262,Germany,de,7,LTE CAT1
13691,1,Mark-4,"Würzburg, Germany",Quectel_EC21,262,Germany,de,7,LTE CAT1
13692,1,Mark-4,"Würzburg, Germany",Quectel_EC21,262,Germany,de,7,LTE CAT1
13693,1,Mark-4,"Würzburg, Germany",Quectel_EC21,262,Germany,de,7,LTE CAT1
13694,1,Mark-4,"Würzburg, Germany",Quectel_EC21,262,Germany,de,7,LTE CAT1
13695,1,Mark-4,"Würzburg, Germany",Quectel_EC21,262,Germany,de,7,LTE CAT1
13696,1,Mark-4,"Würzburg, Germany",Quectel_EC21,262,Germany,de,7,LTE CAT1
13697,1,Mark-4,"Würzburg, Germany",Quectel_EC21,262,Germany,de,7,LTE CAT1
13698,1,Mark-4,"Würzburg, Germany",Quectel_EC21,262,Germany,de,7,LTE CAT1
13699,1,Mark-4,"Würzburg, Germany",Quectel_EC21,262,Germany,de,7,LTE CAT1
13700,1,Mark-4,"Würzburg, Germany",Quectel_EC21,262,Germany,de,7,LTE CAT1
13701,1,Mark-4,"Würzburg, Germany",Quectel_EC21,262,Germany,de,7,LTE CAT1
13702,1,Mark-4,"Würzburg, Germany",Quectel_EC21,262,Germany,de,7,LTE CAT1
13703,1,Mark-4,"Würzburg, Germany",Quectel_EC21,262,Germany,de,7,LTE CAT1
13704,1,Mark-4,"Würzburg, Germany",Quectel_EC21,262,Germany,de,7,LTE CAT1
13705,1,Mark-4,"Würzburg, Germany",Quectel_EC21,262,Germany,de,7,LTE CAT1
13713,1,Mark-4,"Würzburg, Germany",Quectel_EC21,262,Germany,de,7,LTE CAT1
13714,1,Mark-4,"Würzburg, Germany",Quectel_EC21,262,Germany,de,7,LTE CAT1
13724,1,Mark-4,"Würzburg, Germany",Quectel_EC21,262,Germany,de,7,LTE CAT1
13725,1,Mark-4,"Würzburg, Germany",Quectel_EC21,262,Germany,de,7,LTE CAT1
13729,1,Mark-4,"Würzburg, Germany",Quectel_EC21,262,Germany,de,7,LTE CAT1
13731,1,Mark-4,"Würzburg, Germany",Quectel_EC21,262,Germany,de,7,LTE CAT1
13733,1,Mark-4,"Würzburg, Germany",Quectel_EC21,262,Germany,de,7,LTE CAT1
13734,1,Mark-4,"Würzburg, Germany",Quectel_EC21,262,Germany,de,7,LTE CAT1
13738,1,Mark-4,"Würzburg, Germany",Quectel_EC21,262,Germany,de,7,LTE CAT1
13740,1,Mark-4,"Würzburg, Germany",Quectel_EC21,262,Germany,de,7,LTE CAT1
13742,1,Mark-4,"Würzburg, Germany",Quectel_EC21,262,Germany,de,7,LTE CAT1
13746,1,Mark-4,"Würzburg, Germany",Quectel_EC21,262,Germany,de,7,LTE CAT1
13756,1,Mark-4,"Würzburg, Germany",Quectel_EC21,262,Germany,de,7,LTE CAT1
13757,1,Mark-4,"Würzburg, Germany",Quectel_EC21,262,Germany,de,7,LTE CAT1
13758,1,Mark-4,"Würzburg, Germany",Quectel_EC21,262,Germany,de,7,LTE CAT1
13759,1,Mark-4,"Würzburg, Germany",Quectel_EC21,262,Germany,de,7,LTE CAT1
13761,1,Mark-4,"Würzburg, Germany",Quectel_EC21,262,Germany,de,7,LTE CAT1
13768,1,Mark-4,"Würzburg, Germany",Quectel_EC21,262,Germany,de,7,LTE CAT1
13771,1,Mark-4,"Würzburg, Germany",Quectel_EC21,262,Germany,de,7,LTE CAT1
13772,1,Mark-4,"Würzburg, Germany",Quectel_EC21,262,Germany,de,7,LTE CAT1
13781,1,Mark-4,"Würzburg, Germany",Quectel_EC21,262,Germany,de,7,LTE CAT1
13782,1,Mark-4,"Würzburg, Germany",Quectel_EC21,262,Germany,de,7,LTE CAT1
13783,1,Mark-4,"Würzburg, Germany",Quectel_EC21,262,Germany,de,7,LTE CAT1
13786,1,Mark-4,"Würzburg, Germany",Quectel_EC21,262,Germany,de,7,LTE CAT1
13790,1,Mark-4,"Würzburg, Germany",Quectel_EC21,262,Germany,de,7,LTE CAT1
13793,1,Mark-4,"Würzburg, Germany",Quectel_EC21,262,Germany,de,7,LTE CAT1
13795,1,Mark-4,"Würzburg, Germany",Quectel_EC21,262,Germany,de,7,LTE CAT1
13798,1,Mark-4,"Würzburg, Germany",Quectel_EC21,262,Germany,de,7,LTE CAT1
13804,1,Mark-4,"Würzburg, Germany",Quectel_EC21,262,Germany,de,7,LTE CAT1
13805,1,Mark-4,"Würzburg, Germany",Quectel_EC21,262,Germany,de,7,LTE CAT1
13811,1,Mark-7,"Trondheim, Norway",Quectel_EC21,262,Germany,de,7,LTE CAT1
13811,2,Mark-7,"Trondheim, Norway",Quectel_EC21,262,Germany,de,7,LTE CAT1
13812,1,Mark-2,"Würzburg, Germany",Quectel_EC21,262,Germany,de,7,LTE CAT1
13812,2,Mark-2,"Würzburg, Germany",Quectel_EC21,262,Germany,de,7,LTE CAT1
13814,1,Mark-7,"Trondheim, Norway",Quectel_EC21,262,Germany,de,7,LTE CAT1
13814,2,Mark-7,"Trondheim, Norway",Quectel_EC21,262,Germany,de,7,LTE CAT1
13816,1,Mark-2,"Würzburg, Germany",Quectel_EC21,262,Germany,de,7,LTE CAT1
13816,2,Mark-2,"Würzburg, Germany",Quectel_EC21,262,Germany,de,7,LTE CAT1
13817,1,Mark-2,"Würzburg, Germany",Quectel_EC21,262,Germany,de,7,LTE CAT1
13817,2,Mark-2,"Würzburg, Germany",Quectel_EC21,262,Germany,de,7,LTE CAT1
13817,3,Mark-2,"Würzburg, Germany",Quectel_EC21,262,Germany,de,7,LTE CAT1
13817,4,Mark-2,"Würzburg, Germany",Quectel_EC21,262,Germany,de,7,LTE CAT1
13817,5,Mark-2,"Würzburg, Germany",Quectel_EC21,262,Germany,de,7,LTE CAT1
13818,1,Mark-7,"Trondheim, Norway",Quectel_EC21,262,Germany,de,7,LTE CAT1
13818,2,Mark-7,"Trondheim, Norway",Quectel_EC21,262,Germany,de,7,LTE CAT1
13818,3,Mark-7,"Trondheim, Norway",Quectel_EC21,262,Germany,de,7,LTE CAT1
13818,4,Mark-7,"Trondheim, Norway",Quectel_EC21,262,Germany,de,7,LTE CAT1
13818,5,Mark-7,"Trondheim, Norway",Quectel_EC21,262,Germany,de,7,LTE CAT1
14064,1,Mark-7,"Trondheim, Norway",Quectel_EC21,262,Germany,de,7,LTE CAT1
14064,2,Mark-7,"Trondheim, Norway",Quectel_EC21,262,Germany,de,7,LTE CAT1
14064,3,Mark-7,"Trondheim, Norway",Quectel_EC21,262,Germany,de,7,LTE CAT1
14064,4,Mark-7,"Trondheim, Norway",Quectel_EC21,262,Germany,de,7,LTE CAT1
14064,5,Mark-7,"Trondheim, Norway",Quectel_EC21,262,Germany,de,7,LTE CAT1
14065,2,Mark-2,"Würzburg, Germany",Quectel_EC21,262,Germany,de,7,LTE CAT1
14065,5,Mark-2,"Würzburg, Germany",Quectel_EC21,262,Germany,de,7,LTE CAT1
14086,1,Mark-7,"Trondheim, Norway",Quectel_EC21,262,Germany,de,7,LTE CAT1
14087,1,Mark-7,"Trondheim, Norway",Quectel_EC21,262,Germany,de,7,LTE CAT1
14087,2,Mark-7,"Trondheim, Norway",Quectel_EC21,262,Germany,de,7,LTE CAT1
14087,3,Mark-7,"Trondheim, Norway",Quectel_EC21,262,Germany,de,7,LTE CAT1
14087,4,Mark-7,"Trondheim, Norway",Quectel_EC21,262,Germany,de,7,LTE CAT1
14087,5,Mark-7,"Trondheim, Norway",Quectel_EC21,262,Germany,de,7,LTE CAT1
14298,1,Mark-2,"Würzburg, Germany",Quectel_EC21,262,Germany,de,7,LTE CAT1
14524,1,Mark-2,"Würzburg, Germany",Quectel_EC21,262,Germany,de,7,LTE CAT1
14525,1,Mark-2,"Würzburg, Germany",Quectel_EC21,262,Germany,de,7,LTE CAT1
14942,1,Mark-2,"Würzburg, Germany",Quectel_EC21,262,Germany,de,7,LTE CAT1
14943,1,Mark-4,"Würzburg, Germany",Quectel_EC21,262,Germany,de,7,LTE CAT1
15479,1,Mark-2,"Würzburg, Germany",Quectel_EC21,262,Germany,de,7,LTE CAT1
15479,2,Mark-2,"Würzburg, Germany",Quectel_EC21,262,Germany,de,7,LTE CAT1
15479,3,Mark-2,"Würzburg, Germany",Quectel_EC21,262,Germany,de,7,LTE CAT1
15479,4,Mark-2,"Würzburg, Germany",Quectel_EC21,262,Germany,de,7,LTE CAT1
15479,5,Mark-2,"Würzburg, Germany",Quectel_EC21,262,Germany,de,7,LTE CAT1
15480,1,Mark-7,"Trondheim, Norway",Quectel_EC21,262,Germany,de,7,LTE CAT1
15480,2,Mark-7,"Trondheim, Norway",Quectel_EC21,262,Germany,de,7,LTE CAT1
15480,3,Mark-7,"Trondheim, Norway",Quectel_EC21,262,Germany,de,7,LTE CAT1
15480,4,Mark-7,"Trondheim, Norway",Quectel_EC21,262,Germany,de,7,LTE CAT1
15480,5,Mark-7,"Trondheim, Norway",Quectel_EC21,262,Germany,de,7,LTE CAT1
15481,1,Mark-2,"Würzburg, Germany",Quectel_EC21,262,Germany,de,7,LTE CAT1
15492,1,Mark-4,"Würzburg, Germany",Quectel_EC21,262,Germany,de,7,LTE CAT1
15493,1,Mark-4,"Würzburg, Germany",Quectel_EC21,262,Germany,de,7,LTE CAT1
15494,1,Mark-4,"Würzburg, Germany",Quectel_EC21,262,Germany,de,7,LTE CAT1
15495,1,Mark-2,"Würzburg, Germany",Quectel_EC21,262,Germany,de,7,LTE CAT1
15511,1,Mark-4,"Würzburg, Germany",Quectel_EC21,262,Germany,de,7,LTE CAT1
15513,1,Mark-4,"Würzburg, Germany",Quectel_EC21,262,Germany,de,7,LTE CAT1
15514,1,Mark-4,"Würzburg, Germany",Quectel_EC21,262,Germany,de,7,LTE CAT1
15516,1,Mark-4,"Würzburg, Germany",Quectel_EC21,262,Germany,de,7,LTE CAT1
15517,1,Mark-4,"Würzburg, Germany",Quectel_EC21,262,Germany,de,7,LTE CAT1
15518,1,Mark-4,"Würzburg, Germany",Quectel_EC21,262,Germany,de,7,LTE CAT1
16027,1,Mark-2,"Würzburg, Germany",Quectel_EC21,262,Germany,de,7,LTE CAT1
16245,1,Mark-4,"Würzburg, Germany",Quectel_EC21,262,Germany,de,7,LTE CAT1
16372,1,Mark-9,"Würzburg, Germany",Quectel_EC21,262,Germany,de,7,LTE CAT1
16399,1,Mark-9,"Würzburg, Germany",Quectel_EC21,262,Germany,de,7,LTE CAT1
16604,1,Mark-4,"Würzburg, Germany",Quectel_EC21,262,Germany,de,7,LTE CAT1
16605,1,Mark-4,"Würzburg, Germany",Quectel_EC21,262,Germany,de,7,LTE CAT1
16606,1,Mark-4,"Würzburg, Germany",Quectel_EC21,262,Germany,de,7,LTE CAT1
16607,1,Mark-4,"Würzburg, Germany",Quectel_EC21,262,Germany,de,7,LTE CAT1
16608,1,Mark-4,"Würzburg, Germany",Quectel_EC21,262,Germany,de,7,LTE CAT1
16609,1,Mark-4,"Würzburg, Germany",Quectel_EC21,262,Germany,de,7,LTE CAT1
16610,1,Mark-4,"Würzburg, Germany",Quectel_EC21,262,Germany,de,7,LTE CAT1
16611,1,Mark-4,"Würzburg, Germany",Quectel_EC21,262,Germany,de,7,LTE CAT1
16612,1,Mark-4,"Würzburg, Germany",Quectel_EC21,262,Germany,de,7,LTE CAT1
16613,1,Mark-4,"Würzburg, Germany",Quectel_EC21,262,Germany,de,7,LTE CAT1
16614,1,Mark-4,"Würzburg, Germany",Quectel_EC21,262,Germany,de,7,LTE CAT1
16615,1,Mark-4,"Würzburg, Germany",Quectel_EC21,262,Germany,de,7,LTE CAT1
16697,1,Mark-9,"Würzburg, Germany",Quectel_EC21,262,Germany,de,7,LTE CAT1
16699,1,Mark-9,"Würzburg, Germany",Quectel_EC21,262,Germany,de,7,LTE CAT1
16700,1,Mark-9,"Würzburg, Germany",Quectel_EC21,262,Germany,de,7,LTE CAT1
16738,1,Mark-2,"Würzburg, Germany",Quectel_EC21,262,Germany,de,7,LTE CAT1
16742,1,Mark-6,"Munich, Germany",Quectel_EC21,262,Germany,de,7,LTE CAT1
16756,1,Mark-6,"Munich, Germany",Quectel_EC21,262,Germany,de,7,LTE CAT1
16780,1,Mark-6,"Munich, Germany",Quectel_EC21,262,Germany,de,7,LTE CAT1
17071,1,Mark-4,"Würzburg, Germany",Quectel_EC21,262,Germany,de,7,LTE CAT1
17179,1,Mark-2,"Würzburg, Germany",Quectel_EC21,262,Germany,de,7,LTE CAT1
17181,1,Mark-1,"Würzburg, Germany",Quectel_EC21,262,Germany,de,7,LTE CAT1
17183,1,Mark-2,"Würzburg, Germany",Quectel_EC21,262,Germany,de,7,LTE CAT1
17184,1,Mark-3,"Würzburg, Germany",Quectel_EC21,262,Germany,de,7,LTE CAT1
17185,1,Mark-3,"Würzburg, Germany",Quectel_EC21,262,Germany,de,7,LTE CAT1
17186,1,Mark-1,"Würzburg, Germany",Quectel_EC21,262,Germany,de,7,LTE CAT1
17187,1,Mark-2,"Würzburg, Germany",Quectel_EC21,262,Germany,de,7,LTE CAT1
17209,1,Mark-12,"Würzburg, Germany",Quectel_EC21,262,Germany,de,7,LTE CAT1
17336,1,Mark-2,"Würzburg, Germany",Quectel_EC21,262,Germany,de,7,LTE CAT1
17356,1,Mark-1,"Würzburg, Germany",Quectel_EC21,262,Germany,de,7,LTE CAT1
17464,1,Mark-4,"Würzburg, Germany",Quectel_EC21,262,Germany,de,7,LTE CAT1
17574,1,Mark-1,"Würzburg, Germany",Quectel_EC21,262,Germany,de,7,LTE CAT1
17575,1,Mark-4,"Würzburg, Germany",Quectel_EC21,262,Germany,de,7,LTE CAT1
17576,1,Mark-4,"Würzburg, Germany",Quectel_EC21,262,Germany,de,7,LTE CAT1
17577,1,Mark-4,"Würzburg, Germany",Quectel_EC21,262,Germany,de,7,LTE CAT1
17579,1,Mark-4,"Würzburg, Germany",Quectel_EC21,262,Germany,de,7,LTE CAT1
17679,1,Mark-4,"Würzburg, Germany",Quectel_EC21,262,Germany,de,7,LTE CAT1
17680,1,Mark-1,"Würzburg, Germany",Quectel_EC21,262,Germany,de,7,LTE CAT1
17681,1,Mark-2,"Würzburg, Germany",Quectel_EC21,262,Germany,de,7,LTE CAT1
17682,1,Mark-3,"Würzburg, Germany",Quectel_EC21,262,Germany,de,7,LTE CAT1
18811,1,Mark-4,"Würzburg, Germany",Quectel_EC21,262,Germany,de,7,LTE CAT1
18814,1,Mark-1,"Würzburg, Germany",Quectel_EC21,262,Germany,de,7,LTE CAT1
18940,1,Mark-1,"Würzburg, Germany",Quectel_EC21,262,Germany,de,7,LTE CAT1
19026,1,Mark-4,"Würzburg, Germany",Quectel_EC21,262,Germany,de,7,LTE CAT1
19030,1,Mark-4,"Würzburg, Germany",Quectel_EC21,262,Germany,de,7,LTE CAT1
19091,1,Mark-6,"Munich, Germany",Quectel_EC21,262,Germany,de,7,LTE CAT1
19229,1,Mark-4,"Würzburg, Germany",Quectel_EC21,262,Germany,de,7,LTE CAT1
19265,1,Mark-4,"Würzburg, Germany",Quectel_EC21,262,Germany,de,7,LTE CAT1
19266,1,Mark-4,"Würzburg, Germany",Quectel_EC21,262,Germany,de,7,LTE CAT1
19274,1,Mark-4,"Würzburg, Germany",Quectel_EC21,262,Germany,de,7,LTE CAT1
19631,1,Mark-1,"Würzburg, Germany",Quectel_EC21,262,Germany,de,7,LTE CAT1
19633,1,Mark-1,"Würzburg, Germany",Quectel_EC21,262,Germany,de,7,LTE CAT1
19645,1,Mark-4,"Würzburg, Germany",Quectel_EC21,262,Germany,de,7,LTE CAT1
19647,1,Mark-6,"Munich, Germany",Quectel_EC21,262,Germany,de,7,LTE CAT1
19664,1,Mark-4,"Würzburg, Germany",Quectel_EC21,262,Germany,de,7,LTE CAT1
19697,1,Mark-4,"Würzburg, Germany",Quectel_EC21,262,Germany,de,7,LTE CAT1
19698,1,Mark-4,"Würzburg, Germany",Quectel_EC21,262,Germany,de,7,LTE CAT1
19775,1,Mark-1,"Würzburg, Germany",Quectel_EC21,262,Germany,de,7,LTE CAT1
19790,1,Mark-4,"Würzburg, Germany",Quectel_EC21,262,Germany,de,7,LTE CAT1
19806,1,Mark-6,"Munich, Germany",Quectel_EC21,262,Germany,de,7,LTE CAT1
19816,1,Mark-2,"Würzburg, Germany",Quectel_EC21,262,Germany,de,7,LTE CAT1
19826,1,Mark-3,"Würzburg, Germany",Quectel_EC21,262,Germany,de,7,LTE CAT1
20097,1,Mark-1,"Würzburg, Germany",Quectel_EC21,262,Germany,de,7,LTE CAT1
20116,1,Mark-1,"Würzburg, Germany",Quectel_EC21,262,Germany,de,7,LTE CAT1
20127,1,Mark-6,"Munich, Germany",Quectel_EC21,262,Germany,de,7,LTE CAT1
20152,1,Mark-1,"Würzburg, Germany",Quectel_EC21,262,Germany,de,7,LTE CAT1
20163,1,Mark-6,"Munich, Germany",Quectel_EC21,262,Germany,de,7,LTE CAT1
20199,1,Mark-6,"Munich, Germany",Quectel_EC21,262,Germany,de,7,LTE CAT1
20224,1,Mark-1,"Würzburg, Germany",Quectel_EC21,262,Germany,de,7,LTE CAT1
20235,1,Mark-6,"Munich, Germany",Quectel_EC21,262,Germany,de,7,LTE CAT1
20260,1,Mark-1,"Würzburg, Germany",Quectel_EC21,262,Germany,de,7,LTE CAT1
20296,1,Mark-1,"Würzburg, Germany",Quectel_EC21,262,Germany,de,7,LTE CAT1
20332,1,Mark-1,"Würzburg, Germany",Quectel_EC21,262,Germany,de,7,LTE CAT1
20368,1,Mark-1,"Würzburg, Germany",Quectel_EC21,262,Germany,de,7,LTE CAT1
20379,1,Mark-6,"Munich, Germany",Quectel_EC21,262,Germany,de,7,LTE CAT1
20404,1,Mark-1,"Würzburg, Germany",Quectel_EC21,262,Germany,de,7,LTE CAT1
20415,1,Mark-6,"Munich, Germany",Quectel_EC21,262,Germany,de,7,LTE CAT1
20451,1,Mark-6,"Munich, Germany",Quectel_EC21,262,Germany,de,7,LTE CAT1
22809,1,Mark-6,"Munich, Germany",Quectel_EC21,262,Germany,de,7,LTE CAT1
22811,1,Mark-6,"Munich, Germany",Quectel_EC21,262,Germany,de,7,LTE CAT1
22991,1,Mark-1,"Würzburg, Germany",Quectel_EC21,262,Germany,de,7,LTE CAT1
23006,1,Mark-6,"Munich, Germany",Quectel_EC21,262,Germany,de,7,LTE CAT1
23158,1,Mark-4,"Würzburg, Germany",Quectel_EC21,262,Germany,de,7,LTE CAT1
23188,1,Mark-1,"Würzburg, Germany",Quectel_EC21,262,Germany,de,7,LTE CAT1
23203,1,Mark-6,"Munich, Germany",Quectel_EC21,262,Germany,de,7,LTE CAT1
23247,1,Mark-1,"Würzburg, Germany",Quectel_EC21,262,Germany,de,7,LTE CAT1
23262,1,Mark-6,"Munich, Germany",Quectel_EC21,262,Germany,de,7,LTE CAT1
23569,1,Mark-1,"Würzburg, Germany",Quectel_EC21,262,Germany,de,7,LTE CAT1
23584,1,Mark-6,"Munich, Germany",Quectel_EC21,262,Germany,de,7,LTE CAT1
24063,3,Mark-4,"Würzburg, Germany",Quectel_EC21,262,Germany,de,7,LTE CAT1
10000,1,Mark-1,"Würzburg, Germany",Quectel_BG96,262,Germany,de,8,LTE-M
10003,1,Mark-1,"Würzburg, Germany",Quectel_BG96,262,Germany,de,8,LTE-M
10004,1,Mark-1,"Würzburg, Germany",Quectel_BG96,262,Germany,de,8,LTE-M
10005,1,Mark-1,"Würzburg, Germany",Quectel_BG96,262,Germany,de,8,LTE-M
10008,1,Mark-1,"Würzburg, Germany",Quectel_BG96,262,Germany,de,8,LTE-M
10017,1,Mark-1,"Würzburg, Germany",Quectel_BG96,262,Germany,de,8,LTE-M
10018,1,Mark-1,"Würzburg, Germany",Quectel_BG96,262,Germany,de,8,LTE-M
10025,1,Mark-1,"Würzburg, Germany",Quectel_BG96,262,Germany,de,8,LTE-M
10033,1,Mark-1,"Würzburg, Germany",Quectel_BG96,262,Germany,de,8,LTE-M
10037,1,Mark-1,"Würzburg, Germany",Quectel_BG96,262,Germany,de,8,LTE-M
10038,1,Mark-1,"Würzburg, Germany",Quectel_BG96,262,Germany,de,8,LTE-M
10648,1,Mark-5,"Würzburg, Germany",Quectel_BG96,262,Germany,de,8,LTE-M
10658,1,Mark-5,"Würzburg, Germany",Quectel_BG96,262,Germany,de,8,LTE-M
10660,1,Mark-5,"Würzburg, Germany",Quectel_BG96,262,Germany,de,8,LTE-M
10662,1,Mark-5,"Würzburg, Germany",Quectel_BG96,262,Germany,de,8,LTE-M
10663,1,Mark-5,"Würzburg, Germany",Quectel_BG96,262,Germany,de,8,LTE-M
10666,1,Mark-5,"Würzburg, Germany",Quectel_BG96,262,Germany,de,8,LTE-M
10669,1,Mark-5,"Würzburg, Germany",Quectel_BG96,262,Germany,de,8,LTE-M
10671,1,Mark-5,"Würzburg, Germany",Quectel_BG96,262,Germany,de,8,LTE-M
10672,1,Mark-5,"Würzburg, Germany",Quectel_BG96,262,Germany,de,8,LTE-M
10677,1,Mark-5,"Würzburg, Germany",Quectel_BG96,262,Germany,de,8,LTE-M
10679,1,Mark-5,"Würzburg, Germany",Quectel_BG96,262,Germany,de,8,LTE-M
11052,1,Mark-2,"Würzburg, Germany",Quectel_BG96,262,Germany,de,8,LTE-M
11053,1,Mark-2,"Würzburg, Germany",Quectel_BG96,262,Germany,de,8,LTE-M
11063,1,Mark-2,"Würzburg, Germany",Quectel_BG96,262,Germany,de,8,LTE-M
11064,1,Mark-2,"Würzburg, Germany",Quectel_BG96,262,Germany,de,8,LTE-M
11065,1,Mark-2,"Würzburg, Germany",Quectel_BG96,262,Germany,de,8,LTE-M
11066,1,Mark-2,"Würzburg, Germany",Quectel_BG96,262,Germany,de,8,LTE-M
11067,1,Mark-2,"Würzburg, Germany",Quectel_BG96,262,Germany,de,8,LTE-M
11068,1,Mark-2,"Würzburg, Germany",Quectel_BG96,262,Germany,de,8,LTE-M
11069,1,Mark-2,"Würzburg, Germany",Quectel_BG96,262,Germany,de,8,LTE-M
11071,1,Mark-2,"Würzburg, Germany",Quectel_BG96,262,Germany,de,8,LTE-M
11078,1,Mark-2,"Würzburg, Germany",Quectel_BG96,262,Germany,de,8,LTE-M
11085,1,Mark-2,"Würzburg, Germany",Quectel_BG96,262,Germany,de,8,LTE-M
11089,1,Mark-2,"Würzburg, Germany",Quectel_BG96,262,Germany,de,8,LTE-M
11090,1,Mark-2,"Würzburg, Germany",Quectel_BG96,262,Germany,de,8,LTE-M
11094,1,Mark-2,"Würzburg, Germany",Quectel_BG96,262,Germany,de,8,LTE-M
11095,1,Mark-2,"Würzburg, Germany",Quectel_BG96,262,Germany,de,8,LTE-M
11096,1,Mark-2,"Würzburg, Germany",Quectel_BG96,262,Germany,de,8,LTE-M
11097,1,Mark-2,"Würzburg, Germany",Quectel_BG96,262,Germany,de,8,LTE-M
11098,1,Mark-2,"Würzburg, Germany",Quectel_BG96,262,Germany,de,8,LTE-M
11110,1,Mark-2,"Würzburg, Germany",Quectel_BG96,262,Germany,de,8,LTE-M
11111,1,Mark-2,"Würzburg, Germany",Quectel_BG96,262,Germany,de,8,LTE-M
11112,1,Mark-2,"Würzburg, Germany",Quectel_BG96,262,Germany,de,8,LTE-M
11113,1,Mark-2,"Würzburg, Germany",Quectel_BG96,262,Germany,de,8,LTE-M
11125,1,Mark-2,"Würzburg, Germany",Quectel_BG96,262,Germany,de,8,LTE-M
11132,1,Mark-2,"Würzburg, Germany",Quectel_BG96,262,Germany,de,8,LTE-M
11136,1,Mark-2,"Würzburg, Germany",Quectel_BG96,262,Germany,de,8,LTE-M
11137,1,Mark-2,"Würzburg, Germany",Quectel_BG96,262,Germany,de,8,LTE-M
11138,1,Mark-2,"Würzburg, Germany",Quectel_BG96,262,Germany,de,8,LTE-M
11139,1,Mark-2,"Würzburg, Germany",Quectel_BG96,262,Germany,de,8,LTE-M
11140,1,Mark-2,"Würzburg, Germany",Quectel_BG96,262,Germany,de,8,LTE-M
11144,1,Mark-2,"Würzburg, Germany",Quectel_BG96,262,Germany,de,8,LTE-M
11146,1,Mark-2,"Würzburg, Germany",Quectel_BG96,262,Germany,de,8,LTE-M
11149,1,Mark-2,"Würzburg, Germany",Quectel_BG96,262,Germany,de,8,LTE-M
11152,1,Mark-2,"Würzburg, Germany",Quectel_BG96,262,Germany,de,8,LTE-M
11153,1,Mark-2,"Würzburg, Germany",Quectel_BG96,262,Germany,de,8,LTE-M
11154,1,Mark-2,"Würzburg, Germany",Quectel_BG96,262,Germany,de,8,LTE-M
11155,1,Mark-2,"Würzburg, Germany",Quectel_BG96,262,Germany,de,8,LTE-M
11160,1,Mark-2,"Würzburg, Germany",Quectel_BG96,262,Germany,de,8,LTE-M
11161,1,Mark-2,"Würzburg, Germany",Quectel_BG96,262,Germany,de,8,LTE-M
11164,1,Mark-2,"Würzburg, Germany",Quectel_BG96,262,Germany,de,8,LTE-M
11167,1,Mark-2,"Würzburg, Germany",Quectel_BG96,262,Germany,de,8,LTE-M
11169,1,Mark-2,"Würzburg, Germany",Quectel_BG96,262,Germany,de,8,LTE-M
11171,1,Mark-2,"Würzburg, Germany",Quectel_BG96,262,Germany,de,8,LTE-M
11174,1,Mark-2,"Würzburg, Germany",Quectel_BG96,262,Germany,de,8,LTE-M
11175,1,Mark-2,"Würzburg, Germany",Quectel_BG96,262,Germany,de,8,LTE-M
11178,1,Mark-2,"Würzburg, Germany",Quectel_BG96,262,Germany,de,8,LTE-M
11179,1,Mark-2,"Würzburg, Germany",Quectel_BG96,262,Germany,de,8,LTE-M
11180,1,Mark-2,"Würzburg, Germany",Quectel_BG96,262,Germany,de,8,LTE-M
11181,1,Mark-2,"Würzburg, Germany",Quectel_BG96,262,Germany,de,8,LTE-M
11186,1,Mark-2,"Würzburg, Germany",Quectel_BG96,262,Germany,de,8,LTE-M
11190,1,Mark-2,"Würzburg, Germany",Quectel_BG96,262,Germany,de,8,LTE-M
11193,1,Mark-2,"Würzburg, Germany",Quectel_BG96,262,Germany,de,8,LTE-M
11195,1,Mark-2,"Würzburg, Germany",Quectel_BG96,262,Germany,de,8,LTE-M
11197,1,Mark-2,"Würzburg, Germany",Quectel_BG96,262,Germany,de,8,LTE-M
11200,1,Mark-2,"Würzburg, Germany",Quectel_BG96,262,Germany,de,8,LTE-M
11203,1,Mark-2,"Würzburg, Germany",Quectel_BG96,262,Germany,de,8,LTE-M
11209,1,Mark-2,"Würzburg, Germany",Quectel_BG96,262,Germany,de,8,LTE-M
11211,1,Mark-2,"Würzburg, Germany",Quectel_BG96,262,Germany,de,8,LTE-M
11212,1,Mark-2,"Würzburg, Germany",Quectel_BG96,262,Germany,de,8,LTE-M
11213,1,Mark-2,"Würzburg, Germany",Quectel_BG96,262,Germany,de,8,LTE-M
11220,1,Mark-2,"Würzburg, Germany",Quectel_BG96,262,Germany,de,8,LTE-M
11222,1,Mark-2,"Würzburg, Germany",Quectel_BG96,262,Germany,de,8,LTE-M
11223,1,Mark-2,"Würzburg, Germany",Quectel_BG96,262,Germany,de,8,LTE-M
11227,1,Mark-2,"Würzburg, Germany",Quectel_BG96,262,Germany,de,8,LTE-M
11229,1,Mark-2,"Würzburg, Germany",Quectel_BG96,262,Germany,de,8,LTE-M
11236,1,Mark-2,"Würzburg, Germany",Quectel_BG96,262,Germany,de,8,LTE-M
11239,1,Mark-2,"Würzburg, Germany",Quectel_BG96,262,Germany,de,8,LTE-M
11240,1,Mark-2,"Würzburg, Germany",Quectel_BG96,262,Germany,de,8,LTE-M
13209,1,Mark-5,"Würzburg, Germany",Quectel_BG96,262,Germany,de,8,LTE-M
13210,1,Mark-5,"Würzburg, Germany",Quectel_BG96,262,Germany,de,8,LTE-M
13214,1,Mark-5,"Würzburg, Germany",Quectel_BG96,262,Germany,de,8,LTE-M
13221,1,Mark-5,"Würzburg, Germany",Quectel_BG96,262,Germany,de,8,LTE-M
13224,1,Mark-5,"Würzburg, Germany",Quectel_BG96,262,Germany,de,8,LTE-M
13226,1,Mark-5,"Würzburg, Germany",Quectel_BG96,262,Germany,de,8,LTE-M
13228,1,Mark-5,"Würzburg, Germany",Quectel_BG96,262,Germany,de,8,LTE-M
13409,1,Mark-4,"Würzburg, Germany",Quectel_BG96,262,Germany,de,8,LTE-M
14091,1,Mark-1,"Würzburg, Germany",Quectel_BG96,262,Germany,de,8,LTE-M
14110,1,Mark-4,"Würzburg, Germany",Quectel_BG96,262,Germany,de,8,LTE-M
14117,1,Mark-4,"Würzburg, Germany",Quectel_BG96,262,Germany,de,8,LTE-M
14129,1,Mark-4,"Würzburg, Germany",Quectel_BG96,262,Germany,de,8,LTE-M
14131,1,Mark-4,"Würzburg, Germany",Quectel_BG96,262,Germany,de,8,LTE-M
14150,1,Mark-4,"Würzburg, Germany",Quectel_BG96,262,Germany,de,8,LTE-M
14151,1,Mark-4,"Würzburg, Germany",Quectel_BG96,262,Germany,de,8,LTE-M
14155,1,Mark-4,"Würzburg, Germany",Quectel_BG96,262,Germany,de,8,LTE-M
14157,1,Mark-4,"Würzburg, Germany",Quectel_BG96,262,Germany,de,8,LTE-M
14158,1,Mark-4,"Würzburg, Germany",Quectel_BG96,262,Germany,de,8,LTE-M
14161,1,Mark-4,"Würzburg, Germany",Quectel_BG96,262,Germany,de,8,LTE-M
14171,1,Mark-4,"Würzburg, Germany",Quectel_BG96,262,Germany,de,8,LTE-M
14175,1,Mark-4,"Würzburg, Germany",Quectel_BG96,262,Germany,de,8,LTE-M
14176,1,Mark-4,"Würzburg, Germany",Quectel_BG96,262,Germany,de,8,LTE-M
14191,1,Mark-4,"Würzburg, Germany",Quectel_BG96,262,Germany,de,8,LTE-M
14200,1,Mark-4,"Würzburg, Germany",Quectel_BG96,262,Germany,de,8,LTE-M
14201,1,Mark-4,"Würzburg, Germany",Quectel_BG96,262,Germany,de,8,LTE-M
14202,1,Mark-4,"Würzburg, Germany",Quectel_BG96,262,Germany,de,8,LTE-M
14204,1,Mark-4,"Würzburg, Germany",Quectel_BG96,262,Germany,de,8,LTE-M
14215,1,Mark-4,"Würzburg, Germany",Quectel_BG96,262,Germany,de,8,LTE-M
14228,1,Mark-4,"Würzburg, Germany",Quectel_BG96,262,Germany,de,8,LTE-M
14229,1,Mark-4,"Würzburg, Germany",Quectel_BG96,262,Germany,de,8,LTE-M
14230,1,Mark-4,"Würzburg, Germany",Quectel_BG96,262,Germany,de,8,LTE-M
14235,1,Mark-4,"Würzburg, Germany",Quectel_BG96,262,Germany,de,8,LTE-M
14239,1,Mark-4,"Würzburg, Germany",Quectel_BG96,262,Germany,de,8,LTE-M
14243,1,Mark-4,"Würzburg, Germany",Quectel_BG96,262,Germany,de,8,LTE-M
14244,1,Mark-4,"Würzburg, Germany",Quectel_BG96,262,Germany,de,8,LTE-M
14245,1,Mark-4,"Würzburg, Germany",Quectel_BG96,262,Germany,de,8,LTE-M
14254,1,Mark-4,"Würzburg, Germany",Quectel_BG96,262,Germany,de,8,LTE-M
14258,1,Mark-4,"Würzburg, Germany",Quectel_BG96,262,Germany,de,8,LTE-M
14259,1,Mark-4,"Würzburg, Germany",Quectel_BG96,262,Germany,de,8,LTE-M
14260,1,Mark-4,"Würzburg, Germany",Quectel_BG96,262,Germany,de,8,LTE-M
14263,1,Mark-4,"Würzburg, Germany",Quectel_BG96,262,Germany,de,8,LTE-M
14267,1,Mark-4,"Würzburg, Germany",Quectel_BG96,262,Germany,de,8,LTE-M
14273,1,Mark-4,"Würzburg, Germany",Quectel_BG96,262,Germany,de,8,LTE-M
14281,1,Mark-4,"Würzburg, Germany",Quectel_BG96,262,Germany,de,8,LTE-M
14295,1,Mark-4,"Würzburg, Germany",Quectel_BG96,262,Germany,de,8,LTE-M
14297,1,Mark-4,"Würzburg, Germany",Quectel_BG96,262,Germany,de,8,LTE-M
14315,1,Mark-2,"Würzburg, Germany",Quectel_BG96,262,Germany,de,8,LTE-M
14316,1,Mark-2,"Würzburg, Germany",Quectel_BG96,262,Germany,de,8,LTE-M
14321,1,Mark-2,"Würzburg, Germany",Quectel_BG96,262,Germany,de,8,LTE-M
14325,1,Mark-2,"Würzburg, Germany",Quectel_BG96,262,Germany,de,8,LTE-M
14326,1,Mark-2,"Würzburg, Germany",Quectel_BG96,262,Germany,de,8,LTE-M
14330,1,Mark-2,"Würzburg, Germany",Quectel_BG96,262,Germany,de,8,LTE-M
14339,1,Mark-2,"Würzburg, Germany",Quectel_BG96,262,Germany,de,8,LTE-M
14341,1,Mark-2,"Würzburg, Germany",Quectel_BG96,262,Germany,de,8,LTE-M
14344,1,Mark-2,"Würzburg, Germany",Quectel_BG96,262,Germany,de,8,LTE-M
14349,1,Mark-2,"Würzburg, Germany",Quectel_BG96,262,Germany,de,8,LTE-M
14350,1,Mark-2,"Würzburg, Germany",Quectel_BG96,262,Germany,de,8,LTE-M
14351,1,Mark-2,"Würzburg, Germany",Quectel_BG96,262,Germany,de,8,LTE-M
14353,1,Mark-2,"Würzburg, Germany",Quectel_BG96,262,Germany,de,8,LTE-M
14359,1,Mark-2,"Würzburg, Germany",Quectel_BG96,262,Germany,de,8,LTE-M
14360,1,Mark-2,"Würzburg, Germany",Quectel_BG96,262,Germany,de,8,LTE-M
14363,1,Mark-2,"Würzburg, Germany",Quectel_BG96,262,Germany,de,8,LTE-M
14364,1,Mark-2,"Würzburg, Germany",Quectel_BG96,262,Germany,de,8,LTE-M
14365,1,Mark-2,"Würzburg, Germany",Quectel_BG96,262,Germany,de,8,LTE-M
14368,1,Mark-2,"Würzburg, Germany",Quectel_BG96,262,Germany,de,8,LTE-M
14369,1,Mark-2,"Würzburg, Germany",Quectel_BG96,262,Germany,de,8,LTE-M
14376,1,Mark-2,"Würzburg, Germany",Quectel_BG96,262,Germany,de,8,LTE-M
14377,1,Mark-2,"Würzburg, Germany",Quectel_BG96,262,Germany,de,8,LTE-M
14383,1,Mark-2,"Würzburg, Germany",Quectel_BG96,262,Germany,de,8,LTE-M
14386,1,Mark-2,"Würzburg, Germany",Quectel_BG96,262,Germany,de,8,LTE-M
14387,1,Mark-2,"Würzburg, Germany",Quectel_BG96,262,Germany,de,8,LTE-M
14392,1,Mark-2,"Würzburg, Germany",Quectel_BG96,262,Germany,de,8,LTE-M
14393,1,Mark-2,"Würzburg, Germany",Quectel_BG96,262,Germany,de,8,LTE-M
14406,1,Mark-2,"Würzburg, Germany",Quectel_BG96,262,Germany,de,8,LTE-M
14411,1,Mark-2,"Würzburg, Germany",Quectel_BG96,262,Germany,de,8,LTE-M
14423,1,Mark-2,"Würzburg, Germany",Quectel_BG96,262,Germany,de,8,LTE-M
14428,1,Mark-2,"Würzburg, Germany",Quectel_BG96,262,Germany,de,8,LTE-M
14436,1,Mark-2,"Würzburg, Germany",Quectel_BG96,262,Germany,de,8,LTE-M
14437,1,Mark-2,"Würzburg, Germany",Quectel_BG96,262,Germany,de,8,LTE-M
14445,1,Mark-2,"Würzburg, Germany",Quectel_BG96,262,Germany,de,8,LTE-M
14446,1,Mark-2,"Würzburg, Germany",Quectel_BG96,262,Germany,de,8,LTE-M
14447,1,Mark-2,"Würzburg, Germany",Quectel_BG96,262,Germany,de,8,LTE-M
14451,1,Mark-2,"Würzburg, Germany",Quectel_BG96,262,Germany,de,8,LTE-M
14456,1,Mark-2,"Würzburg, Germany",Quectel_BG96,262,Germany,de,8,LTE-M
14462,1,Mark-2,"Würzburg, Germany",Quectel_BG96,262,Germany,de,8,LTE-M
14465,1,Mark-2,"Würzburg, Germany",Quectel_BG96,262,Germany,de,8,LTE-M
14467,1,Mark-2,"Würzburg, Germany",Quectel_BG96,262,Germany,de,8,LTE-M
14470,1,Mark-2,"Würzburg, Germany",Quectel_BG96,262,Germany,de,8,LTE-M
14477,1,Mark-2,"Würzburg, Germany",Quectel_BG96,262,Germany,de,8,LTE-M
14480,1,Mark-2,"Würzburg, Germany",Quectel_BG96,262,Germany,de,8,LTE-M
14481,1,Mark-2,"Würzburg, Germany",Quectel_BG96,262,Germany,de,8,LTE-M
14488,1,Mark-2,"Würzburg, Germany",Quectel_BG96,262,Germany,de,8,LTE-M
14489,1,Mark-2,"Würzburg, Germany",Quectel_BG96,262,Germany,de,8,LTE-M
14496,1,Mark-2,"Würzburg, Germany",Quectel_BG96,262,Germany,de,8,LTE-M
14502,1,Mark-2,"Würzburg, Germany",Quectel_BG96,262,Germany,de,8,LTE-M
15458,1,Mark-2,"Würzburg, Germany",Quectel_BG96,262,Germany,de,8,LTE-M
15458,2,Mark-2,"Würzburg, Germany",Quectel_BG96,262,Germany,de,8,LTE-M
15458,3,Mark-2,"Würzburg, Germany",Quectel_BG96,262,Germany,de,8,LTE-M
15458,4,Mark-2,"Würzburg, Germany",Quectel_BG96,262,Germany,de,8,LTE-M
15458,5,Mark-2,"Würzburg, Germany",Quectel_BG96,262,Germany,de,8,LTE-M
15459,1,Mark-2,"Würzburg, Germany",Quectel_BG96,262,Germany,de,8,LTE-M
15459,2,Mark-2,"Würzburg, Germany",Quectel_BG96,262,Germany,de,8,LTE-M
15459,3,Mark-2,"Würzburg, Germany",Quectel_BG96,262,Germany,de,8,LTE-M
15459,4,Mark-2,"Würzburg, Germany",Quectel_BG96,262,Germany,de,8,LTE-M
15459,5,Mark-2,"Würzburg, Germany",Quectel_BG96,262,Germany,de,8,LTE-M
15460,1,Mark-2,"Würzburg, Germany",Quectel_BG96,262,Germany,de,8,LTE-M
15460,2,Mark-2,"Würzburg, Germany",Quectel_BG96,262,Germany,de,8,LTE-M
15460,3,Mark-2,"Würzburg, Germany",Quectel_BG96,262,Germany,de,8,LTE-M
15460,4,Mark-2,"Würzburg, Germany",Quectel_BG96,262,Germany,de,8,LTE-M
15460,5,Mark-2,"Würzburg, Germany",Quectel_BG96,262,Germany,de,8,LTE-M
15461,1,Mark-2,"Würzburg, Germany",Quectel_BG96,262,Germany,de,8,LTE-M
15461,2,Mark-2,"Würzburg, Germany",Quectel_BG96,262,Germany,de,8,LTE-M
15461,3,Mark-2,"Würzburg, Germany",Quectel_BG96,262,Germany,de,8,LTE-M
15461,4,Mark-2,"Würzburg, Germany",Quectel_BG96,262,Germany,de,8,LTE-M
15461,5,Mark-2,"Würzburg, Germany",Quectel_BG96,262,Germany,de,8,LTE-M
15462,1,Mark-2,"Würzburg, Germany",Quectel_BG96,262,Germany,de,8,LTE-M
15462,2,Mark-2,"Würzburg, Germany",Quectel_BG96,262,Germany,de,8,LTE-M
15462,3,Mark-2,"Würzburg, Germany",Quectel_BG96,262,Germany,de,8,LTE-M
15462,4,Mark-2,"Würzburg, Germany",Quectel_BG96,262,Germany,de,8,LTE-M
15462,5,Mark-2,"Würzburg, Germany",Quectel_BG96,262,Germany,de,8,LTE-M
15463,1,Mark-2,"Würzburg, Germany",Quectel_BG96,262,Germany,de,8,LTE-M
15463,2,Mark-2,"Würzburg, Germany",Quectel_BG96,262,Germany,de,8,LTE-M
15463,3,Mark-2,"Würzburg, Germany",Quectel_BG96,262,Germany,de,8,LTE-M
15463,4,Mark-2,"Würzburg, Germany",Quectel_BG96,262,Germany,de,8,LTE-M
15463,5,Mark-2,"Würzburg, Germany",Quectel_BG96,262,Germany,de,8,LTE-M
15464,1,Mark-2,"Würzburg, Germany",Quectel_BG96,262,Germany,de,8,LTE-M
15464,2,Mark-2,"Würzburg, Germany",Quectel_BG96,262,Germany,de,8,LTE-M
15464,3,Mark-2,"Würzburg, Germany",Quectel_BG96,262,Germany,de,8,LTE-M
15464,4,Mark-2,"Würzburg, Germany",Quectel_BG96,262,Germany,de,8,LTE-M
15464,5,Mark-2,"Würzburg, Germany",Quectel_BG96,262,Germany,de,8,LTE-M
15465,1,Mark-2,"Würzburg, Germany",Quectel_BG96,262,Germany,de,8,LTE-M
15465,2,Mark-2,"Würzburg, Germany",Quectel_BG96,262,Germany,de,8,LTE-M
15465,3,Mark-2,"Würzburg, Germany",Quectel_BG96,262,Germany,de,8,LTE-M
15465,4,Mark-2,"Würzburg, Germany",Quectel_BG96,262,Germany,de,8,LTE-M
15465,5,Mark-2,"Würzburg, Germany",Quectel_BG96,262,Germany,de,8,LTE-M
15466,1,Mark-2,"Würzburg, Germany",Quectel_BG96,262,Germany,de,8,LTE-M
15466,2,Mark-2,"Würzburg, Germany",Quectel_BG96,262,Germany,de,8,LTE-M
15466,3,Mark-2,"Würzburg, Germany",Quectel_BG96,262,Germany,de,8,LTE-M
15466,4,Mark-2,"Würzburg, Germany",Quectel_BG96,262,Germany,de,8,LTE-M
15466,5,Mark-2,"Würzburg, Germany",Quectel_BG96,262,Germany,de,8,LTE-M
15467,1,Mark-2,"Würzburg, Germany",Quectel_BG96,262,Germany,de,8,LTE-M
15467,2,Mark-2,"Würzburg, Germany",Quectel_BG96,262,Germany,de,8,LTE-M
15467,3,Mark-2,"Würzburg, Germany",Quectel_BG96,262,Germany,de,8,LTE-M
15467,4,Mark-2,"Würzburg, Germany",Quectel_BG96,262,Germany,de,8,LTE-M
15467,5,Mark-2,"Würzburg, Germany",Quectel_BG96,262,Germany,de,8,LTE-M
15468,1,Mark-2,"Würzburg, Germany",Quectel_BG96,262,Germany,de,8,LTE-M
15468,2,Mark-2,"Würzburg, Germany",Quectel_BG96,262,Germany,de,8,LTE-M
15468,3,Mark-2,"Würzburg, Germany",Quectel_BG96,262,Germany,de,8,LTE-M
15468,4,Mark-2,"Würzburg, Germany",Quectel_BG96,262,Germany,de,8,LTE-M
15468,5,Mark-2,"Würzburg, Germany",Quectel_BG96,262,Germany,de,8,LTE-M
15469,1,Mark-2,"Würzburg, Germany",Quectel_BG96,262,Germany,de,8,LTE-M
15469,2,Mark-2,"Würzburg, Germany",Quectel_BG96,262,Germany,de,8,LTE-M
15469,3,Mark-2,"Würzburg, Germany",Quectel_BG96,262,Germany,de,8,LTE-M
15469,4,Mark-2,"Würzburg, Germany",Quectel_BG96,262,Germany,de,8,LTE-M
15469,5,Mark-2,"Würzburg, Germany",Quectel_BG96,262,Germany,de,8,LTE-M
15470,1,Mark-2,"Würzburg, Germany",Quectel_BG96,262,Germany,de,8,LTE-M
15470,2,Mark-2,"Würzburg, Germany",Quectel_BG96,262,Germany,de,8,LTE-M
15470,3,Mark-2,"Würzburg, Germany",Quectel_BG96,262,Germany,de,8,LTE-M
15470,4,Mark-2,"Würzburg, Germany",Quectel_BG96,262,Germany,de,8,LTE-M
15470,5,Mark-2,"Würzburg, Germany",Quectel_BG96,262,Germany,de,8,LTE-M
15471,1,Mark-2,"Würzburg, Germany",Quectel_BG96,262,Germany,de,8,LTE-M
15471,2,Mark-2,"Würzburg, Germany",Quectel_BG96,262,Germany,de,8,LTE-M
15471,3,Mark-2,"Würzburg, Germany",Quectel_BG96,262,Germany,de,8,LTE-M
15471,4,Mark-2,"Würzburg, Germany",Quectel_BG96,262,Germany,de,8,LTE-M
15471,5,Mark-2,"Würzburg, Germany",Quectel_BG96,262,Germany,de,8,LTE-M
15472,1,Mark-2,"Würzburg, Germany",Quectel_BG96,262,Germany,de,8,LTE-M
15472,2,Mark-2,"Würzburg, Germany",Quectel_BG96,262,Germany,de,8,LTE-M
15472,3,Mark-2,"Würzburg, Germany",Quectel_BG96,262,Germany,de,8,LTE-M
15472,4,Mark-2,"Würzburg, Germany",Quectel_BG96,262,Germany,de,8,LTE-M
15472,5,Mark-2,"Würzburg, Germany",Quectel_BG96,262,Germany,de,8,LTE-M
15473,1,Mark-2,"Würzburg, Germany",Quectel_BG96,262,Germany,de,8,LTE-M
15473,2,Mark-2,"Würzburg, Germany",Quectel_BG96,262,Germany,de,8,LTE-M
15473,3,Mark-2,"Würzburg, Germany",Quectel_BG96,262,Germany,de,8,LTE-M
15473,4,Mark-2,"Würzburg, Germany",Quectel_BG96,262,Germany,de,8,LTE-M
15473,5,Mark-2,"Würzburg, Germany",Quectel_BG96,262,Germany,de,8,LTE-M
15474,1,Mark-2,"Würzburg, Germany",Quectel_BG96,262,Germany,de,8,LTE-M
15474,2,Mark-2,"Würzburg, Germany",Quectel_BG96,262,Germany,de,8,LTE-M
15474,3,Mark-2,"Würzburg, Germany",Quectel_BG96,262,Germany,de,8,LTE-M
15474,4,Mark-2,"Würzburg, Germany",Quectel_BG96,262,Germany,de,8,LTE-M
15474,5,Mark-2,"Würzburg, Germany",Quectel_BG96,262,Germany,de,8,LTE-M
15475,1,Mark-2,"Würzburg, Germany",Quectel_BG96,262,Germany,de,8,LTE-M
15475,2,Mark-2,"Würzburg, Germany",Quectel_BG96,262,Germany,de,8,LTE-M
15475,3,Mark-2,"Würzburg, Germany",Quectel_BG96,262,Germany,de,8,LTE-M
15475,4,Mark-2,"Würzburg, Germany",Quectel_BG96,262,Germany,de,8,LTE-M
15475,5,Mark-2,"Würzburg, Germany",Quectel_BG96,262,Germany,de,8,LTE-M
15476,1,Mark-2,"Würzburg, Germany",Quectel_BG96,262,Germany,de,8,LTE-M
15476,2,Mark-2,"Würzburg, Germany",Quectel_BG96,262,Germany,de,8,LTE-M
15476,3,Mark-2,"Würzburg, Germany",Quectel_BG96,262,Germany,de,8,LTE-M
15476,4,Mark-2,"Würzburg, Germany",Quectel_BG96,262,Germany,de,8,LTE-M
15476,5,Mark-2,"Würzburg, Germany",Quectel_BG96,262,Germany,de,8,LTE-M
15477,1,Mark-2,"Würzburg, Germany",Quectel_BG96,262,Germany,de,8,LTE-M
15477,2,Mark-2,"Würzburg, Germany",Quectel_BG96,262,Germany,de,8,LTE-M
15477,3,Mark-2,"Würzburg, Germany",Quectel_BG96,262,Germany,de,8,LTE-M
15477,4,Mark-2,"Würzburg, Germany",Quectel_BG96,262,Germany,de,8,LTE-M
15477,5,Mark-2,"Würzburg, Germany",Quectel_BG96,262,Germany,de,8,LTE-M
15945,1,Mark-2,"Würzburg, Germany",Quectel_BG96,262,Germany,de,8,LTE-M
15946,1,Mark-2,"Würzburg, Germany",Quectel_BG96,262,Germany,de,8,LTE-M
15947,1,Mark-2,"Würzburg, Germany",Quectel_BG96,262,Germany,de,8,LTE-M
16496,1,Mark-5,"Würzburg, Germany",Quectel_BG96,262,Germany,de,8,LTE-M
16498,1,Mark-1,"Würzburg, Germany",Quectel_BG96,262,Germany,de,8,LTE-M
16499,1,Mark-2,"Würzburg, Germany",Quectel_BG96,262,Germany,de,8,LTE-M
16628,1,Mark-2,"Würzburg, Germany",Quectel_BG96,262,Germany,de,8,LTE-M
16629,1,Mark-2,"Würzburg, Germany",Quectel_BG96,262,Germany,de,8,LTE-M
16630,1,Mark-2,"Würzburg, Germany",Quectel_BG96,262,Germany,de,8,LTE-M
16631,1,Mark-2,"Würzburg, Germany",Quectel_BG96,262,Germany,de,8,LTE-M
16632,1,Mark-2,"Würzburg, Germany",Quectel_BG96,262,Germany,de,8,LTE-M
16633,1,Mark-2,"Würzburg, Germany",Quectel_BG96,262,Germany,de,8,LTE-M
16634,1,Mark-2,"Würzburg, Germany",Quectel_BG96,262,Germany,de,8,LTE-M
16635,1,Mark-2,"Würzburg, Germany",Quectel_BG96,262,Germany,de,8,LTE-M
16636,1,Mark-2,"Würzburg, Germany",Quectel_BG96,262,Germany,de,8,LTE-M
16637,1,Mark-2,"Würzburg, Germany",Quectel_BG96,262,Germany,de,8,LTE-M
16638,1,Mark-2,"Würzburg, Germany",Quectel_BG96,262,Germany,de,8,LTE-M
16639,1,Mark-2,"Würzburg, Germany",Quectel_BG96,262,Germany,de,8,LTE-M
16652,1,Mark-1,"Würzburg, Germany",Quectel_BG96,262,Germany,de,8,LTE-M
16653,1,Mark-1,"Würzburg, Germany",Quectel_BG96,262,Germany,de,8,LTE-M
16654,1,Mark-1,"Würzburg, Germany",Quectel_BG96,262,Germany,de,8,LTE-M
16655,1,Mark-1,"Würzburg, Germany",Quectel_BG96,262,Germany,de,8,LTE-M
16656,1,Mark-1,"Würzburg, Germany",Quectel_BG96,262,Germany,de,8,LTE-M
16657,1,Mark-1,"Würzburg, Germany",Quectel_BG96,262,Germany,de,8,LTE-M
16658,1,Mark-1,"Würzburg, Germany",Quectel_BG96,262,Germany,de,8,LTE-M
16659,1,Mark-1,"Würzburg, Germany",Quectel_BG96,262,Germany,de,8,LTE-M
16660,1,Mark-1,"Würzburg, Germany",Quectel_BG96,262,Germany,de,8,LTE-M
16661,1,Mark-1,"Würzburg, Germany",Quectel_BG96,262,Germany,de,8,LTE-M
16662,1,Mark-1,"Würzburg, Germany",Quectel_BG96,262,Germany,de,8,LTE-M
16663,1,Mark-1,"Würzburg, Germany",Quectel_BG96,262,Germany,de,8,LTE-M
19797,1,Mark-4,"Würzburg, Germany",Quectel_BG96,262,Germany,de,8,LTE-M
20466,1,Mark-4,"Würzburg, Germany",Quectel_BG96,262,Germany,de,8,LTE-M
20492,1,Mark-6,"Munich, Germany",Quectel_BG96,262,Germany,de,8,LTE-M
20741,1,Mark-6,"Munich, Germany",Quectel_BG96,262,Germany,de,8,LTE-M
20768,1,Mark-6,"Munich, Germany",Quectel_BG96,262,Germany,de,8,LTE-M
20795,1,Mark-6,"Munich, Germany",Quectel_BG96,262,Germany,de,8,LTE-M
20822,1,Mark-6,"Munich, Germany",Quectel_BG96,262,Germany,de,8,LTE-M
20849,1,Mark-6,"Munich, Germany",Quectel_BG96,262,Germany,de,8,LTE-M
20930,1,Mark-6,"Munich, Germany",Quectel_BG96,262,Germany,de,8,LTE-M
20957,1,Mark-6,"Munich, Germany",Quectel_BG96,262,Germany,de,8,LTE-M
20984,1,Mark-6,"Munich, Germany",Quectel_BG96,262,Germany,de,8,LTE-M
22796,1,Mark-6,"Munich, Germany",Quectel_BG96,262,Germany,de,8,LTE-M
22994,1,Mark-6,"Munich, Germany",Quectel_BG96,262,Germany,de,8,LTE-M
23191,1,Mark-6,"Munich, Germany",Quectel_BG96,262,Germany,de,8,LTE-M
23250,1,Mark-6,"Munich, Germany",Quectel_BG96,262,Germany,de,8,LTE-M
23529,1,Mark-4,"Würzburg, Germany",Quectel_BG96,262,Germany,de,8,LTE-M
23530,1,Mark-4,"Würzburg, Germany",Quectel_BG96,262,Germany,de,8,LTE-M
23572,1,Mark-6,"Munich, Germany",Quectel_BG96,262,Germany,de,8,LTE-M
24700,1,Mark-4,"Würzburg, Germany",Quectel_BG96,262,Germany,de,8,LTE-M
24701,1,Mark-4,"Würzburg, Germany",Quectel_BG96,262,Germany,de,8,LTE-M
24702,1,Mark-4,"Würzburg, Germany",Quectel_BG96,262,Germany,de,8,LTE-M
24703,1,Mark-4,"Würzburg, Germany",Quectel_BG96,262,Germany,de,8,LTE-M
24704,1,Mark-4,"Würzburg, Germany",Quectel_BG96,262,Germany,de,8,LTE-M
24705,1,Mark-4,"Würzburg, Germany",Quectel_BG96,262,Germany,de,8,LTE-M
24706,1,Mark-4,"Würzburg, Germany",Quectel_BG96,262,Germany,de,8,LTE-M
24707,1,Mark-4,"Würzburg, Germany",Quectel_BG96,262,Germany,de,8,LTE-M
10010,1,Mark-1,"Würzburg, Germany",Quectel_BG96,262,Germany,de,9,NB-IoT
10014,1,Mark-1,"Würzburg, Germany",Quectel_BG96,262,Germany,de,9,NB-IoT
10015,1,Mark-1,"Würzburg, Germany",Quectel_BG96,262,Germany,de,9,NB-IoT
10027,1,Mark-1,"Würzburg, Germany",Quectel_BG96,262,Germany,de,9,NB-IoT
10028,1,Mark-1,"Würzburg, Germany",Quectel_BG96,262,Germany,de,9,NB-IoT
10029,1,Mark-1,"Würzburg, Germany",Quectel_BG96,262,Germany,de,9,NB-IoT
10030,1,Mark-1,"Würzburg, Germany",Quectel_BG96,262,Germany,de,9,NB-IoT
10032,1,Mark-1,"Würzburg, Germany",Quectel_BG96,262,Germany,de,9,NB-IoT
10034,1,Mark-1,"Würzburg, Germany",Quectel_BG96,262,Germany,de,9,NB-IoT
10039,1,Mark-1,"Würzburg, Germany",Quectel_BG96,262,Germany,de,9,NB-IoT
10042,1,Mark-1,"Würzburg, Germany",Quectel_BG96,262,Germany,de,9,NB-IoT
10043,1,Mark-1,"Würzburg, Germany",Quectel_BG96,262,Germany,de,9,NB-IoT
10044,1,Mark-1,"Würzburg, Germany",Quectel_BG96,262,Germany,de,9,NB-IoT
10045,1,Mark-1,"Würzburg, Germany",Quectel_BG96,262,Germany,de,9,NB-IoT
10647,1,Mark-5,"Würzburg, Germany",Quectel_BG96,262,Germany,de,9,NB-IoT
10650,1,Mark-5,"Würzburg, Germany",Quectel_BG96,262,Germany,de,9,NB-IoT
10651,1,Mark-5,"Würzburg, Germany",Quectel_BG96,262,Germany,de,9,NB-IoT
10652,1,Mark-5,"Würzburg, Germany",Quectel_BG96,262,Germany,de,9,NB-IoT
10656,1,Mark-5,"Würzburg, Germany",Quectel_BG96,262,Germany,de,9,NB-IoT
10661,1,Mark-5,"Würzburg, Germany",Quectel_BG96,262,Germany,de,9,NB-IoT
10664,1,Mark-5,"Würzburg, Germany",Quectel_BG96,262,Germany,de,9,NB-IoT
10667,1,Mark-5,"Würzburg, Germany",Quectel_BG96,262,Germany,de,9,NB-IoT
10668,1,Mark-5,"Würzburg, Germany",Quectel_BG96,262,Germany,de,9,NB-IoT
10673,1,Mark-5,"Würzburg, Germany",Quectel_BG96,262,Germany,de,9,NB-IoT
10680,1,Mark-5,"Würzburg, Germany",Quectel_BG96,262,Germany,de,9,NB-IoT
10689,1,Mark-5,"Würzburg, Germany",Quectel_BG96,262,Germany,de,9,NB-IoT
10690,1,Mark-5,"Würzburg, Germany",Quectel_BG96,262,Germany,de,9,NB-IoT
10691,1,Mark-5,"Würzburg, Germany",Quectel_BG96,262,Germany,de,9,NB-IoT
11046,1,Mark-2,"Würzburg, Germany",Quectel_BG96,262,Germany,de,9,NB-IoT
11047,1,Mark-2,"Würzburg, Germany",Quectel_BG96,262,Germany,de,9,NB-IoT
11048,1,Mark-2,"Würzburg, Germany",Quectel_BG96,262,Germany,de,9,NB-IoT
11049,1,Mark-2,"Würzburg, Germany",Quectel_BG96,262,Germany,de,9,NB-IoT
11050,1,Mark-2,"Würzburg, Germany",Quectel_BG96,262,Germany,de,9,NB-IoT
11051,1,Mark-2,"Würzburg, Germany",Quectel_BG96,262,Germany,de,9,NB-IoT
11055,1,Mark-2,"Würzburg, Germany",Quectel_BG96,262,Germany,de,9,NB-IoT
11056,1,Mark-2,"Würzburg, Germany",Quectel_BG96,262,Germany,de,9,NB-IoT
11060,1,Mark-2,"Würzburg, Germany",Quectel_BG96,262,Germany,de,9,NB-IoT
11061,1,Mark-2,"Würzburg, Germany",Quectel_BG96,262,Germany,de,9,NB-IoT
11062,1,Mark-2,"Würzburg, Germany",Quectel_BG96,262,Germany,de,9,NB-IoT
11070,1,Mark-2,"Würzburg, Germany",Quectel_BG96,262,Germany,de,9,NB-IoT
11072,1,Mark-2,"Würzburg, Germany",Quectel_BG96,262,Germany,de,9,NB-IoT
11074,1,Mark-2,"Würzburg, Germany",Quectel_BG96,262,Germany,de,9,NB-IoT
11077,1,Mark-2,"Würzburg, Germany",Quectel_BG96,262,Germany,de,9,NB-IoT
11079,1,Mark-2,"Würzburg, Germany",Quectel_BG96,262,Germany,de,9,NB-IoT
11080,1,Mark-2,"Würzburg, Germany",Quectel_BG96,262,Germany,de,9,NB-IoT
11081,1,Mark-2,"Würzburg, Germany",Quectel_BG96,262,Germany,de,9,NB-IoT
11082,1,Mark-2,"Würzburg, Germany",Quectel_BG96,262,Germany,de,9,NB-IoT
11083,1,Mark-2,"Würzburg, Germany",Quectel_BG96,262,Germany,de,9,NB-IoT
11091,1,Mark-2,"Würzburg, Germany",Quectel_BG96,262,Germany,de,9,NB-IoT
11092,1,Mark-2,"Würzburg, Germany",Quectel_BG96,262,Germany,de,9,NB-IoT
11093,1,Mark-2,"Würzburg, Germany",Quectel_BG96,262,Germany,de,9,NB-IoT
11102,1,Mark-2,"Würzburg, Germany",Quectel_BG96,262,Germany,de,9,NB-IoT
11103,1,Mark-2,"Würzburg, Germany",Quectel_BG96,262,Germany,de,9,NB-IoT
11104,1,Mark-2,"Würzburg, Germany",Quectel_BG96,262,Germany,de,9,NB-IoT
11105,1,Mark-2,"Würzburg, Germany",Quectel_BG96,262,Germany,de,9,NB-IoT
11106,1,Mark-2,"Würzburg, Germany",Quectel_BG96,262,Germany,de,9,NB-IoT
11107,1,Mark-2,"Würzburg, Germany",Quectel_BG96,262,Germany,de,9,NB-IoT
11108,1,Mark-2,"Würzburg, Germany",Quectel_BG96,262,Germany,de,9,NB-IoT
11109,1,Mark-2,"Würzburg, Germany",Quectel_BG96,262,Germany,de,9,NB-IoT
11114,1,Mark-2,"Würzburg, Germany",Quectel_BG96,262,Germany,de,9,NB-IoT
11115,1,Mark-2,"Würzburg, Germany",Quectel_BG96,262,Germany,de,9,NB-IoT
11116,1,Mark-2,"Würzburg, Germany",Quectel_BG96,262,Germany,de,9,NB-IoT
11119,1,Mark-2,"Würzburg, Germany",Quectel_BG96,262,Germany,de,9,NB-IoT
11120,1,Mark-2,"Würzburg, Germany",Quectel_BG96,262,Germany,de,9,NB-IoT
11121,1,Mark-2,"Würzburg, Germany",Quectel_BG96,262,Germany,de,9,NB-IoT
11122,1,Mark-2,"Würzburg, Germany",Quectel_BG96,262,Germany,de,9,NB-IoT
11123,1,Mark-2,"Würzburg, Germany",Quectel_BG96,262,Germany,de,9,NB-IoT
11124,1,Mark-2,"Würzburg, Germany",Quectel_BG96,262,Germany,de,9,NB-IoT
11133,1,Mark-2,"Würzburg, Germany",Quectel_BG96,262,Germany,de,9,NB-IoT
11141,1,Mark-2,"Würzburg, Germany",Quectel_BG96,262,Germany,de,9,NB-IoT
11145,1,Mark-2,"Würzburg, Germany",Quectel_BG96,262,Germany,de,9,NB-IoT
11147,1,Mark-2,"Würzburg, Germany",Quectel_BG96,262,Germany,de,9,NB-IoT
11148,1,Mark-2,"Würzburg, Germany",Quectel_BG96,262,Germany,de,9,NB-IoT
11150,1,Mark-2,"Würzburg, Germany",Quectel_BG96,262,Germany,de,9,NB-IoT
11156,1,Mark-2,"Würzburg, Germany",Quectel_BG96,262,Germany,de,9,NB-IoT
11159,1,Mark-2,"Würzburg, Germany",Quectel_BG96,262,Germany,de,9,NB-IoT
11165,1,Mark-2,"Würzburg, Germany",Quectel_BG96,262,Germany,de,9,NB-IoT
11166,1,Mark-2,"Würzburg, Germany",Quectel_BG96,262,Germany,de,9,NB-IoT
11172,1,Mark-2,"Würzburg, Germany",Quectel_BG96,262,Germany,de,9,NB-IoT
11187,1,Mark-2,"Würzburg, Germany",Quectel_BG96,262,Germany,de,9,NB-IoT
11189,1,Mark-2,"Würzburg, Germany",Quectel_BG96,262,Germany,de,9,NB-IoT
11194,1,Mark-2,"Würzburg, Germany",Quectel_BG96,262,Germany,de,9,NB-IoT
11201,1,Mark-2,"Würzburg, Germany",Quectel_BG96,262,Germany,de,9,NB-IoT
11204,1,Mark-2,"Würzburg, Germany",Quectel_BG96,262,Germany,de,9,NB-IoT
11206,1,Mark-2,"Würzburg, Germany",Quectel_BG96,262,Germany,de,9,NB-IoT
11207,1,Mark-2,"Würzburg, Germany",Quectel_BG96,262,Germany,de,9,NB-IoT
11208,1,Mark-2,"Würzburg, Germany",Quectel_BG96,262,Germany,de,9,NB-IoT
11221,1,Mark-2,"Würzburg, Germany",Quectel_BG96,262,Germany,de,9,NB-IoT
11224,1,Mark-2,"Würzburg, Germany",Quectel_BG96,262,Germany,de,9,NB-IoT
11228,1,Mark-2,"Würzburg, Germany",Quectel_BG96,262,Germany,de,9,NB-IoT
11230,1,Mark-2,"Würzburg, Germany",Quectel_BG96,262,Germany,de,9,NB-IoT
11231,1,Mark-2,"Würzburg, Germany",Quectel_BG96,262,Germany,de,9,NB-IoT
11232,1,Mark-2,"Würzburg, Germany",Quectel_BG96,262,Germany,de,9,NB-IoT
11234,1,Mark-2,"Würzburg, Germany",Quectel_BG96,262,Germany,de,9,NB-IoT
11235,1,Mark-2,"Würzburg, Germany",Quectel_BG96,262,Germany,de,9,NB-IoT
11238,1,Mark-2,"Würzburg, Germany",Quectel_BG96,262,Germany,de,9,NB-IoT
11242,1,Mark-2,"Würzburg, Germany",Quectel_BG96,262,Germany,de,9,NB-IoT
11243,1,Mark-2,"Würzburg, Germany",Quectel_BG96,262,Germany,de,9,NB-IoT
11245,1,Mark-2,"Würzburg, Germany",Quectel_BG96,262,Germany,de,9,NB-IoT
13208,1,Mark-5,"Würzburg, Germany",Quectel_BG96,262,Germany,de,9,NB-IoT
13212,1,Mark-5,"Würzburg, Germany",Quectel_BG96,262,Germany,de,9,NB-IoT
13213,1,Mark-5,"Würzburg, Germany",Quectel_BG96,262,Germany,de,9,NB-IoT
13218,1,Mark-5,"Würzburg, Germany",Quectel_BG96,262,Germany,de,9,NB-IoT
13219,1,Mark-5,"Würzburg, Germany",Quectel_BG96,262,Germany,de,9,NB-IoT
13222,1,Mark-5,"Würzburg, Germany",Quectel_BG96,262,Germany,de,9,NB-IoT
13223,1,Mark-5,"Würzburg, Germany",Quectel_BG96,262,Germany,de,9,NB-IoT
13225,1,Mark-5,"Würzburg, Germany",Quectel_BG96,262,Germany,de,9,NB-IoT
13229,1,Mark-5,"Würzburg, Germany",Quectel_BG96,262,Germany,de,9,NB-IoT
13406,1,Mark-4,"Würzburg, Germany",Quectel_BG96,262,Germany,de,9,NB-IoT
13407,1,Mark-4,"Würzburg, Germany",Quectel_BG96,262,Germany,de,9,NB-IoT
13408,1,Mark-4,"Würzburg, Germany",Quectel_BG96,262,Germany,de,9,NB-IoT
13410,1,Mark-4,"Würzburg, Germany",Quectel_BG96,262,Germany,de,9,NB-IoT
13411,1,Mark-4,"Würzburg, Germany",Quectel_BG96,262,Germany,de,9,NB-IoT
13412,1,Mark-4,"Würzburg, Germany",Quectel_BG96,262,Germany,de,9,NB-IoT
13413,1,Mark-4,"Würzburg, Germany",Quectel_BG96,262,Germany,de,9,NB-IoT
13414,1,Mark-4,"Würzburg, Germany",Quectel_BG96,262,Germany,de,9,NB-IoT
13415,1,Mark-4,"Würzburg, Germany",Quectel_BG96,262,Germany,de,9,NB-IoT
13416,1,Mark-4,"Würzburg, Germany",Quectel_BG96,262,Germany,de,9,NB-IoT
13417,1,Mark-4,"Würzburg, Germany",Quectel_BG96,262,Germany,de,9,NB-IoT
13418,1,Mark-4,"Würzburg, Germany",Quectel_BG96,262,Germany,de,9,NB-IoT
13419,1,Mark-4,"Würzburg, Germany",Quectel_BG96,262,Germany,de,9,NB-IoT
13420,1,Mark-4,"Würzburg, Germany",Quectel_BG96,262,Germany,de,9,NB-IoT
13421,1,Mark-4,"Würzburg, Germany",Quectel_BG96,262,Germany,de,9,NB-IoT
13422,1,Mark-4,"Würzburg, Germany",Quectel_BG96,262,Germany,de,9,NB-IoT
13423,1,Mark-4,"Würzburg, Germany",Quectel_BG96,262,Germany,de,9,NB-IoT
14061,1,Mark-1,"Würzburg, Germany",Quectel_BG96,262,Germany,de,9,NB-IoT
14090,1,Mark-1,"Würzburg, Germany",Quectel_BG96,262,Germany,de,9,NB-IoT
14102,1,Mark-4,"Würzburg, Germany",Quectel_BG96,262,Germany,de,9,NB-IoT
14103,1,Mark-4,"Würzburg, Germany",Quectel_BG96,262,Germany,de,9,NB-IoT
14104,1,Mark-4,"Würzburg, Germany",Quectel_BG96,262,Germany,de,9,NB-IoT
14105,1,Mark-4,"Würzburg, Germany",Quectel_BG96,262,Germany,de,9,NB-IoT
14106,1,Mark-4,"Würzburg, Germany",Quectel_BG96,262,Germany,de,9,NB-IoT
14107,1,Mark-4,"Würzburg, Germany",Quectel_BG96,262,Germany,de,9,NB-IoT
14115,1,Mark-4,"Würzburg, Germany",Quectel_BG96,262,Germany,de,9,NB-IoT
14116,1,Mark-4,"Würzburg, Germany",Quectel_BG96,262,Germany,de,9,NB-IoT
14118,1,Mark-4,"Würzburg, Germany",Quectel_BG96,262,Germany,de,9,NB-IoT
14119,1,Mark-4,"Würzburg, Germany",Quectel_BG96,262,Germany,de,9,NB-IoT
14120,1,Mark-4,"Würzburg, Germany",Quectel_BG96,262,Germany,de,9,NB-IoT
14121,1,Mark-4,"Würzburg, Germany",Quectel_BG96,262,Germany,de,9,NB-IoT
14123,1,Mark-4,"Würzburg, Germany",Quectel_BG96,262,Germany,de,9,NB-IoT
14124,1,Mark-4,"Würzburg, Germany",Quectel_BG96,262,Germany,de,9,NB-IoT
14127,1,Mark-4,"Würzburg, Germany",Quectel_BG96,262,Germany,de,9,NB-IoT
14128,1,Mark-4,"Würzburg, Germany",Quectel_BG96,262,Germany,de,9,NB-IoT
14130,1,Mark-4,"Würzburg, Germany",Quectel_BG96,262,Germany,de,9,NB-IoT
14132,1,Mark-4,"Würzburg, Germany",Quectel_BG96,262,Germany,de,9,NB-IoT
14134,1,Mark-4,"Würzburg, Germany",Quectel_BG96,262,Germany,de,9,NB-IoT
14135,1,Mark-4,"Würzburg, Germany",Quectel_BG96,262,Germany,de,9,NB-IoT
14136,1,Mark-4,"Würzburg, Germany",Quectel_BG96,262,Germany,de,9,NB-IoT
14141,1,Mark-4,"Würzburg, Germany",Quectel_BG96,262,Germany,de,9,NB-IoT
14153,1,Mark-4,"Würzburg, Germany",Quectel_BG96,262,Germany,de,9,NB-IoT
14154,1,Mark-4,"Würzburg, Germany",Quectel_BG96,262,Germany,de,9,NB-IoT
14165,1,Mark-4,"Würzburg, Germany",Quectel_BG96,262,Germany,de,9,NB-IoT
14166,1,Mark-4,"Würzburg, Germany",Quectel_BG96,262,Germany,de,9,NB-IoT
14173,1,Mark-4,"Würzburg, Germany",Quectel_BG96,262,Germany,de,9,NB-IoT
14174,1,Mark-4,"Würzburg, Germany",Quectel_BG96,262,Germany,de,9,NB-IoT
14180,1,Mark-4,"Würzburg, Germany",Quectel_BG96,262,Germany,de,9,NB-IoT
14181,1,Mark-4,"Würzburg, Germany",Quectel_BG96,262,Germany,de,9,NB-IoT
14182,1,Mark-4,"Würzburg, Germany",Quectel_BG96,262,Germany,de,9,NB-IoT
14183,1,Mark-4,"Würzburg, Germany",Quectel_BG96,262,Germany,de,9,NB-IoT
14184,1,Mark-4,"Würzburg, Germany",Quectel_BG96,262,Germany,de,9,NB-IoT
14185,1,Mark-4,"Würzburg, Germany",Quectel_BG96,262,Germany,de,9,NB-IoT
14186,1,Mark-4,"Würzburg, Germany",Quectel_BG96,262,Germany,de,9,NB-IoT
14187,1,Mark-4,"Würzburg, Germany",Quectel_BG96,262,Germany,de,9,NB-IoT
14188,1,Mark-4,"Würzburg, Germany",Quectel_BG96,262,Germany,de,9,NB-IoT
14189,1,Mark-4,"Würzburg, Germany",Quectel_BG96,262,Germany,de,9,NB-IoT
14190,1,Mark-4,"Würzburg, Germany",Quectel_BG96,262,Germany,de,9,NB-IoT
14193,1,Mark-4,"Würzburg, Germany",Quectel_BG96,262,Germany,de,9,NB-IoT
14194,1,Mark-4,"Würzburg, Germany",Quectel_BG96,262,Germany,de,9,NB-IoT
14195,1,Mark-4,"Würzburg, Germany",Quectel_BG96,262,Germany,de,9,NB-IoT
14196,1,Mark-4,"Würzburg, Germany",Quectel_BG96,262,Germany,de,9,NB-IoT
14197,1,Mark-4,"Würzburg, Germany",Quectel_BG96,262,Germany,de,9,NB-IoT
14206,1,Mark-4,"Würzburg, Germany",Quectel_BG96,262,Germany,de,9,NB-IoT
14208,1,Mark-4,"Würzburg, Germany",Quectel_BG96,262,Germany,de,9,NB-IoT
14218,1,Mark-4,"Würzburg, Germany",Quectel_BG96,262,Germany,de,9,NB-IoT
14220,1,Mark-4,"Würzburg, Germany",Quectel_BG96,262,Germany,de,9,NB-IoT
14224,1,Mark-4,"Würzburg, Germany",Quectel_BG96,262,Germany,de,9,NB-IoT
14236,1,Mark-4,"Würzburg, Germany",Quectel_BG96,262,Germany,de,9,NB-IoT
14238,1,Mark-4,"Würzburg, Germany",Quectel_BG96,262,Germany,de,9,NB-IoT
14247,1,Mark-4,"Würzburg, Germany",Quectel_BG96,262,Germany,de,9,NB-IoT
14250,1,Mark-4,"Würzburg, Germany",Quectel_BG96,262,Germany,de,9,NB-IoT
14251,1,Mark-4,"Würzburg, Germany",Quectel_BG96,262,Germany,de,9,NB-IoT
14262,1,Mark-4,"Würzburg, Germany",Quectel_BG96,262,Germany,de,9,NB-IoT
14270,1,Mark-4,"Würzburg, Germany",Quectel_BG96,262,Germany,de,9,NB-IoT
14275,1,Mark-4,"Würzburg, Germany",Quectel_BG96,262,Germany,de,9,NB-IoT
14276,1,Mark-4,"Würzburg, Germany",Quectel_BG96,262,Germany,de,9,NB-IoT
14283,1,Mark-4,"Würzburg, Germany",Quectel_BG96,262,Germany,de,9,NB-IoT
14286,1,Mark-4,"Würzburg, Germany",Quectel_BG96,262,Germany,de,9,NB-IoT
14290,1,Mark-4,"Würzburg, Germany",Quectel_BG96,262,Germany,de,9,NB-IoT
14293,1,Mark-4,"Würzburg, Germany",Quectel_BG96,262,Germany,de,9,NB-IoT
14294,1,Mark-4,"Würzburg, Germany",Quectel_BG96,262,Germany,de,9,NB-IoT
14303,1,Mark-2,"Würzburg, Germany",Quectel_BG96,262,Germany,de,9,NB-IoT
14304,1,Mark-2,"Würzburg, Germany",Quectel_BG96,262,Germany,de,9,NB-IoT
14305,1,Mark-2,"Würzburg, Germany",Quectel_BG96,262,Germany,de,9,NB-IoT
14306,1,Mark-2,"Würzburg, Germany",Quectel_BG96,262,Germany,de,9,NB-IoT
14310,1,Mark-2,"Würzburg, Germany",Quectel_BG96,262,Germany,de,9,NB-IoT
14311,1,Mark-2,"Würzburg, Germany",Quectel_BG96,262,Germany,de,9,NB-IoT
14312,1,Mark-2,"Würzburg, Germany",Quectel_BG96,262,Germany,de,9,NB-IoT
14313,1,Mark-2,"Würzburg, Germany",Quectel_BG96,262,Germany,de,9,NB-IoT
14314,1,Mark-2,"Würzburg, Germany",Quectel_BG96,262,Germany,de,9,NB-IoT
14317,1,Mark-2,"Würzburg, Germany",Quectel_BG96,262,Germany,de,9,NB-IoT
14318,1,Mark-2,"Würzburg, Germany",Quectel_BG96,262,Germany,de,9,NB-IoT
14319,1,Mark-2,"Würzburg, Germany",Quectel_BG96,262,Germany,de,9,NB-IoT
14320,1,Mark-2,"Würzburg, Germany",Quectel_BG96,262,Germany,de,9,NB-IoT
14327,1,Mark-2,"Würzburg, Germany",Quectel_BG96,262,Germany,de,9,NB-IoT
14331,1,Mark-2,"Würzburg, Germany",Quectel_BG96,262,Germany,de,9,NB-IoT
14335,1,Mark-2,"Würzburg, Germany",Quectel_BG96,262,Germany,de,9,NB-IoT
14337,1,Mark-2,"Würzburg, Germany",Quectel_BG96,262,Germany,de,9,NB-IoT
14340,1,Mark-2,"Würzburg, Germany",Quectel_BG96,262,Germany,de,9,NB-IoT
14342,1,Mark-2,"Würzburg, Germany",Quectel_BG96,262,Germany,de,9,NB-IoT
14343,1,Mark-2,"Würzburg, Germany",Quectel_BG96,262,Germany,de,9,NB-IoT
14345,1,Mark-2,"Würzburg, Germany",Quectel_BG96,262,Germany,de,9,NB-IoT
14346,1,Mark-2,"Würzburg, Germany",Quectel_BG96,262,Germany,de,9,NB-IoT
14347,1,Mark-2,"Würzburg, Germany",Quectel_BG96,262,Germany,de,9,NB-IoT
14348,1,Mark-2,"Würzburg, Germany",Quectel_BG96,262,Germany,de,9,NB-IoT
14352,1,Mark-2,"Würzburg, Germany",Quectel_BG96,262,Germany,de,9,NB-IoT
14354,1,Mark-2,"Würzburg, Germany",Quectel_BG96,262,Germany,de,9,NB-IoT
14355,1,Mark-2,"Würzburg, Germany",Quectel_BG96,262,Germany,de,9,NB-IoT
14356,1,Mark-2,"Würzburg, Germany",Quectel_BG96,262,Germany,de,9,NB-IoT
14361,1,Mark-2,"Würzburg, Germany",Quectel_BG96,262,Germany,de,9,NB-IoT
14362,1,Mark-2,"Würzburg, Germany",Quectel_BG96,262,Germany,de,9,NB-IoT
14367,1,Mark-2,"Würzburg, Germany",Quectel_BG96,262,Germany,de,9,NB-IoT
14370,1,Mark-2,"Würzburg, Germany",Quectel_BG96,262,Germany,de,9,NB-IoT
14372,1,Mark-2,"Würzburg, Germany",Quectel_BG96,262,Germany,de,9,NB-IoT
14373,1,Mark-2,"Würzburg, Germany",Quectel_BG96,262,Germany,de,9,NB-IoT
14374,1,Mark-2,"Würzburg, Germany",Quectel_BG96,262,Germany,de,9,NB-IoT
14375,1,Mark-2,"Würzburg, Germany",Quectel_BG96,262,Germany,de,9,NB-IoT
14378,1,Mark-2,"Würzburg, Germany",Quectel_BG96,262,Germany,de,9,NB-IoT
14379,1,Mark-2,"Würzburg, Germany",Quectel_BG96,262,Germany,de,9,NB-IoT
14380,1,Mark-2,"Würzburg, Germany",Quectel_BG96,262,Germany,de,9,NB-IoT
14381,1,Mark-2,"Würzburg, Germany",Quectel_BG96,262,Germany,de,9,NB-IoT
14382,1,Mark-2,"Würzburg, Germany",Quectel_BG96,262,Germany,de,9,NB-IoT
14384,1,Mark-2,"Würzburg, Germany",Quectel_BG96,262,Germany,de,9,NB-IoT
14389,1,Mark-2,"Würzburg, Germany",Quectel_BG96,262,Germany,de,9,NB-IoT
14390,1,Mark-2,"Würzburg, Germany",Quectel_BG96,262,Germany,de,9,NB-IoT
14391,1,Mark-2,"Würzburg, Germany",Quectel_BG96,262,Germany,de,9,NB-IoT
14399,1,Mark-2,"Würzburg, Germany",Quectel_BG96,262,Germany,de,9,NB-IoT
14403,1,Mark-2,"Würzburg, Germany",Quectel_BG96,262,Germany,de,9,NB-IoT
14409,1,Mark-2,"Würzburg, Germany",Quectel_BG96,262,Germany,de,9,NB-IoT
14412,1,Mark-2,"Würzburg, Germany",Quectel_BG96,262,Germany,de,9,NB-IoT
14418,1,Mark-2,"Würzburg, Germany",Quectel_BG96,262,Germany,de,9,NB-IoT
14421,1,Mark-2,"Würzburg, Germany",Quectel_BG96,262,Germany,de,9,NB-IoT
14426,1,Mark-2,"Würzburg, Germany",Quectel_BG96,262,Germany,de,9,NB-IoT
14427,1,Mark-2,"Würzburg, Germany",Quectel_BG96,262,Germany,de,9,NB-IoT
14432,1,Mark-2,"Würzburg, Germany",Quectel_BG96,262,Germany,de,9,NB-IoT
14433,1,Mark-2,"Würzburg, Germany",Quectel_BG96,262,Germany,de,9,NB-IoT
14441,1,Mark-2,"Würzburg, Germany",Quectel_BG96,262,Germany,de,9,NB-IoT
14442,1,Mark-2,"Würzburg, Germany",Quectel_BG96,262,Germany,de,9,NB-IoT
14443,1,Mark-2,"Würzburg, Germany",Quectel_BG96,262,Germany,de,9,NB-IoT
14448,1,Mark-2,"Würzburg, Germany",Quectel_BG96,262,Germany,de,9,NB-IoT
14453,1,Mark-2,"Würzburg, Germany",Quectel_BG96,262,Germany,de,9,NB-IoT
14454,1,Mark-2,"Würzburg, Germany",Quectel_BG96,262,Germany,de,9,NB-IoT
14459,1,Mark-2,"Würzburg, Germany",Quectel_BG96,262,Germany,de,9,NB-IoT
14460,1,Mark-2,"Würzburg, Germany",Quectel_BG96,262,Germany,de,9,NB-IoT
14463,1,Mark-2,"Würzburg, Germany",Quectel_BG96,262,Germany,de,9,NB-IoT
14464,1,Mark-2,"Würzburg, Germany",Quectel_BG96,262,Germany,de,9,NB-IoT
14471,1,Mark-2,"Würzburg, Germany",Quectel_BG96,262,Germany,de,9,NB-IoT
14472,1,Mark-2,"Würzburg, Germany",Quectel_BG96,262,Germany,de,9,NB-IoT
14473,1,Mark-2,"Würzburg, Germany",Quectel_BG96,262,Germany,de,9,NB-IoT
14476,1,Mark-2,"Würzburg, Germany",Quectel_BG96,262,Germany,de,9,NB-IoT
14484,1,Mark-2,"Würzburg, Germany",Quectel_BG96,262,Germany,de,9,NB-IoT
14485,1,Mark-2,"Würzburg, Germany",Quectel_BG96,262,Germany,de,9,NB-IoT
14491,1,Mark-2,"Würzburg, Germany",Quectel_BG96,262,Germany,de,9,NB-IoT
14493,1,Mark-2,"Würzburg, Germany",Quectel_BG96,262,Germany,de,9,NB-IoT
14494,1,Mark-2,"Würzburg, Germany",Quectel_BG96,262,Germany,de,9,NB-IoT
14500,1,Mark-2,"Würzburg, Germany",Quectel_BG96,262,Germany,de,9,NB-IoT
15948,1,Mark-2,"Würzburg, Germany",Quectel_BG96,262,Germany,de,9,NB-IoT
15949,1,Mark-2,"Würzburg, Germany",Quectel_BG96,262,Germany,de,9,NB-IoT
15950,1,Mark-2,"Würzburg, Germany",Quectel_BG96,262,Germany,de,9,NB-IoT
16231,1,Mark-4,"Würzburg, Germany",Quectel_BG96,262,Germany,de,9,NB-IoT
16232,1,Mark-4,"Würzburg, Germany",Quectel_BG96,262,Germany,de,9,NB-IoT
16233,1,Mark-4,"Würzburg, Germany",Quectel_BG96,262,Germany,de,9,NB-IoT
16234,1,Mark-4,"Würzburg, Germany",Quectel_BG96,262,Germany,de,9,NB-IoT
16235,1,Mark-4,"Würzburg, Germany",Quectel_BG96,262,Germany,de,9,NB-IoT
16236,1,Mark-4,"Würzburg, Germany",Quectel_BG96,262,Germany,de,9,NB-IoT
16237,1,Mark-4,"Würzburg, Germany",Quectel_BG96,262,Germany,de,9,NB-IoT
16238,1,Mark-4,"Würzburg, Germany",Quectel_BG96,262,Germany,de,9,NB-IoT
16239,1,Mark-4,"Würzburg, Germany",Quectel_BG96,262,Germany,de,9,NB-IoT
16240,1,Mark-4,"Würzburg, Germany",Quectel_BG96,262,Germany,de,9,NB-IoT
16373,1,Mark-9,"Würzburg, Germany",Quectel_BG96,262,Germany,de,9,NB-IoT
16548,1,Mark-2,"Würzburg, Germany",Quectel_BG96,262,Germany,de,9,NB-IoT
16640,1,Mark-2,"Würzburg, Germany",Quectel_BG96,262,Germany,de,9,NB-IoT
16641,1,Mark-2,"Würzburg, Germany",Quectel_BG96,262,Germany,de,9,NB-IoT
16642,1,Mark-2,"Würzburg, Germany",Quectel_BG96,262,Germany,de,9,NB-IoT
16643,1,Mark-2,"Würzburg, Germany",Quectel_BG96,262,Germany,de,9,NB-IoT
16644,1,Mark-2,"Würzburg, Germany",Quectel_BG96,262,Germany,de,9,NB-IoT
16645,1,Mark-2,"Würzburg, Germany",Quectel_BG96,262,Germany,de,9,NB-IoT
16646,1,Mark-2,"Würzburg, Germany",Quectel_BG96,262,Germany,de,9,NB-IoT
16647,1,Mark-2,"Würzburg, Germany",Quectel_BG96,262,Germany,de,9,NB-IoT
16648,1,Mark-2,"Würzburg, Germany",Quectel_BG96,262,Germany,de,9,NB-IoT
16649,1,Mark-2,"Würzburg, Germany",Quectel_BG96,262,Germany,de,9,NB-IoT
16650,1,Mark-2,"Würzburg, Germany",Quectel_BG96,262,Germany,de,9,NB-IoT
16651,1,Mark-2,"Würzburg, Germany",Quectel_BG96,262,Germany,de,9,NB-IoT
17578,1,Mark-4,"Würzburg, Germany",Quectel_BG96,262,Germany,de,9,NB-IoT
18821,1,Mark-4,"Würzburg, Germany",Quectel_BG96,262,Germany,de,9,NB-IoT
18942,1,Mark-2,"Würzburg, Germany",Quectel_BG96,262,Germany,de,9,NB-IoT
18947,1,Mark-2,"Würzburg, Germany",Quectel_BG96,262,Germany,de,9,NB-IoT
19074,1,Mark-2,"Würzburg, Germany",Quectel_BG96,262,Germany,de,9,NB-IoT
19076,1,Mark-2,"Würzburg, Germany",Quectel_BG96,262,Germany,de,9,NB-IoT
19078,1,Mark-2,"Würzburg, Germany",Quectel_BG96,262,Germany,de,9,NB-IoT
19606,1,Mark-4,"Würzburg, Germany",Quectel_BG96,262,Germany,de,9,NB-IoT
19626,1,Mark-1,"Würzburg, Germany",Quectel_BG96,262,Germany,de,9,NB-IoT
19629,1,Mark-4,"Würzburg, Germany",Quectel_BG96,262,Germany,de,9,NB-IoT
19699,1,Mark-4,"Würzburg, Germany",Quectel_BG96,262,Germany,de,9,NB-IoT
19706,1,Mark-4,"Würzburg, Germany",Quectel_BG96,262,Germany,de,9,NB-IoT
19707,1,Mark-4,"Würzburg, Germany",Quectel_BG96,262,Germany,de,9,NB-IoT
19708,1,Mark-3,"Würzburg, Germany",Quectel_BG96,262,Germany,de,9,NB-IoT
19711,1,Mark-4,"Würzburg, Germany",Quectel_BG96,262,Germany,de,9,NB-IoT
19715,1,Mark-1,"Würzburg, Germany",Quectel_BG96,262,Germany,de,9,NB-IoT
19751,1,Mark-3,"Würzburg, Germany",Quectel_BG96,262,Germany,de,9,NB-IoT
19788,1,Mark-1,"Würzburg, Germany",Quectel_BG96,262,Germany,de,9,NB-IoT
19799,1,Mark-4,"Würzburg, Germany",Quectel_BG96,262,Germany,de,9,NB-IoT
19823,1,Mark-2,"Würzburg, Germany",Quectel_BG96,262,Germany,de,9,NB-IoT
19839,1,Mark-3,"Würzburg, Germany",Quectel_BG96,262,Germany,de,9,NB-IoT
19840,1,Mark-3,"Würzburg, Germany",Quectel_BG96,262,Germany,de,9,NB-IoT
19841,1,Mark-3,"Würzburg, Germany",Quectel_BG96,262,Germany,de,9,NB-IoT
19842,1,Mark-1,"Würzburg, Germany",Quectel_BG96,262,Germany,de,9,NB-IoT
19862,1,Mark-3,"Würzburg, Germany",Quectel_BG96,262,Germany,de,9,NB-IoT
19863,1,Mark-3,"Würzburg, Germany",Quectel_BG96,262,Germany,de,9,NB-IoT
20465,1,Mark-4,"Würzburg, Germany",Quectel_BG96,262,Germany,de,9,NB-IoT
20473,1,Mark-4,"Würzburg, Germany",Quectel_BG96,262,Germany,de,9,NB-IoT
20474,1,Mark-4,"Würzburg, Germany",Quectel_BG96,262,Germany,de,9,NB-IoT
20506,1,Mark-1,"Würzburg, Germany",Quectel_BG96,262,Germany,de,9,NB-IoT
20507,1,Mark-6,"Munich, Germany",Quectel_BG96,262,Germany,de,9,NB-IoT
20538,1,Mark-1,"Würzburg, Germany",Quectel_BG96,262,Germany,de,9,NB-IoT
20575,1,Mark-1,"Würzburg, Germany",Quectel_BG96,262,Germany,de,9,NB-IoT
20576,1,Mark-6,"Munich, Germany",Quectel_BG96,262,Germany,de,9,NB-IoT
20755,1,Mark-1,"Würzburg, Germany",Quectel_BG96,262,Germany,de,9,NB-IoT
20756,1,Mark-6,"Munich, Germany",Quectel_BG96,262,Germany,de,9,NB-IoT
20782,1,Mark-1,"Würzburg, Germany",Quectel_BG96,262,Germany,de,9,NB-IoT
20783,1,Mark-6,"Munich, Germany",Quectel_BG96,262,Germany,de,9,NB-IoT
20809,1,Mark-1,"Würzburg, Germany",Quectel_BG96,262,Germany,de,9,NB-IoT
20810,1,Mark-6,"Munich, Germany",Quectel_BG96,262,Germany,de,9,NB-IoT
20836,1,Mark-1,"Würzburg, Germany",Quectel_BG96,262,Germany,de,9,NB-IoT
20837,1,Mark-6,"Munich, Germany",Quectel_BG96,262,Germany,de,9,NB-IoT
20863,1,Mark-1,"Würzburg, Germany",Quectel_BG96,262,Germany,de,9,NB-IoT
20864,1,Mark-6,"Munich, Germany",Quectel_BG96,262,Germany,de,9,NB-IoT
20890,1,Mark-1,"Würzburg, Germany",Quectel_BG96,262,Germany,de,9,NB-IoT
20891,1,Mark-6,"Munich, Germany",Quectel_BG96,262,Germany,de,9,NB-IoT
20917,1,Mark-1,"Würzburg, Germany",Quectel_BG96,262,Germany,de,9,NB-IoT
20918,1,Mark-6,"Munich, Germany",Quectel_BG96,262,Germany,de,9,NB-IoT
20944,1,Mark-1,"Würzburg, Germany",Quectel_BG96,262,Germany,de,9,NB-IoT
20945,1,Mark-6,"Munich, Germany",Quectel_BG96,262,Germany,de,9,NB-IoT
20971,1,Mark-1,"Würzburg, Germany",Quectel_BG96,262,Germany,de,9,NB-IoT
20972,1,Mark-6,"Munich, Germany",Quectel_BG96,262,Germany,de,9,NB-IoT
20998,1,Mark-1,"Würzburg, Germany",Quectel_BG96,262,Germany,de,9,NB-IoT
20999,1,Mark-6,"Munich, Germany",Quectel_BG96,262,Germany,de,9,NB-IoT
23017,1,Mark-1,"Würzburg, Germany",Quectel_BG96,262,Germany,de,9,NB-IoT
23021,1,Mark-4,"Würzburg, Germany",Quectel_BG96,262,Germany,de,9,NB-IoT
23133,1,Mark-4,"Würzburg, Germany",Quectel_BG96,262,Germany,de,9,NB-IoT
23134,1,Mark-4,"Würzburg, Germany",Quectel_BG96,262,Germany,de,9,NB-IoT
23135,1,Mark-4,"Würzburg, Germany",Quectel_BG96,262,Germany,de,9,NB-IoT
23136,1,Mark-4,"Würzburg, Germany",Quectel_BG96,262,Germany,de,9,NB-IoT
23137,1,Mark-4,"Würzburg, Germany",Quectel_BG96,262,Germany,de,9,NB-IoT
23138,1,Mark-4,"Würzburg, Germany",Quectel_BG96,262,Germany,de,9,NB-IoT
23139,1,Mark-4,"Würzburg, Germany",Quectel_BG96,262,Germany,de,9,NB-IoT
23140,1,Mark-4,"Würzburg, Germany",Quectel_BG96,262,Germany,de,9,NB-IoT
23141,1,Mark-4,"Würzburg, Germany",Quectel_BG96,262,Germany,de,9,NB-IoT
23142,1,Mark-4,"Würzburg, Germany",Quectel_BG96,262,Germany,de,9,NB-IoT
23143,1,Mark-4,"Würzburg, Germany",Quectel_BG96,262,Germany,de,9,NB-IoT
23144,1,Mark-4,"Würzburg, Germany",Quectel_BG96,262,Germany,de,9,NB-IoT
23146,1,Mark-4,"Würzburg, Germany",Quectel_BG96,262,Germany,de,9,NB-IoT
23147,1,Mark-4,"Würzburg, Germany",Quectel_BG96,262,Germany,de,9,NB-IoT
23148,1,Mark-4,"Würzburg, Germany",Quectel_BG96,262,Germany,de,9,NB-IoT
23151,1,Mark-4,"Würzburg, Germany",Quectel_BG96,262,Germany,de,9,NB-IoT
23152,1,Mark-4,"Würzburg, Germany",Quectel_BG96,262,Germany,de,9,NB-IoT
23153,1,Mark-4,"Würzburg, Germany",Quectel_BG96,262,Germany,de,9,NB-IoT
23154,1,Mark-4,"Würzburg, Germany",Quectel_BG96,262,Germany,de,9,NB-IoT
23155,1,Mark-4,"Würzburg, Germany",Quectel_BG96,262,Germany,de,9,NB-IoT
23156,1,Mark-4,"Würzburg, Germany",Quectel_BG96,262,Germany,de,9,NB-IoT
23214,1,Mark-1,"Würzburg, Germany",Quectel_BG96,262,Germany,de,9,NB-IoT
23217,1,Mark-6,"Munich, Germany",Quectel_BG96,262,Germany,de,9,NB-IoT
23273,1,Mark-1,"Würzburg, Germany",Quectel_BG96,262,Germany,de,9,NB-IoT
23276,1,Mark-6,"Munich, Germany",Quectel_BG96,262,Germany,de,9,NB-IoT
23531,1,Mark-4,"Würzburg, Germany",Quectel_BG96,262,Germany,de,9,NB-IoT
23532,1,Mark-4,"Würzburg, Germany",Quectel_BG96,262,Germany,de,9,NB-IoT
23533,1,Mark-4,"Würzburg, Germany",Quectel_BG96,262,Germany,de,9,NB-IoT
23534,1,Mark-4,"Würzburg, Germany",Quectel_BG96,262,Germany,de,9,NB-IoT
23535,1,Mark-4,"Würzburg, Germany",Quectel_BG96,262,Germany,de,9,NB-IoT
23536,1,Mark-4,"Würzburg, Germany",Quectel_BG96,262,Germany,de,9,NB-IoT
23537,1,Mark-4,"Würzburg, Germany",Quectel_BG96,262,Germany,de,9,NB-IoT
23538,1,Mark-4,"Würzburg, Germany",Quectel_BG96,262,Germany,de,9,NB-IoT
23539,1,Mark-4,"Würzburg, Germany",Quectel_BG96,262,Germany,de,9,NB-IoT
23595,1,Mark-1,"Würzburg, Germany",Quectel_BG96,262,Germany,de,9,NB-IoT
23598,1,Mark-6,"Munich, Germany",Quectel_BG96,262,Germany,de,9,NB-IoT
23725,1,Mark-4,"Würzburg, Germany",Quectel_BG96,262,Germany,de,9,NB-IoT
23726,1,Mark-4,"Würzburg, Germany",Quectel_BG96,262,Germany,de,9,NB-IoT
23727,1,Mark-4,"Würzburg, Germany",Quectel_BG96,262,Germany,de,9,NB-IoT
23728,1,Mark-4,"Würzburg, Germany",Quectel_BG96,262,Germany,de,9,NB-IoT
18846,1,Mark-5,"Milan, Italy",Quectel_EC21,222,Italy,it,2,3G
18873,1,Mark-5,"Milan, Italy",Quectel_EC21,222,Italy,it,2,3G
18927,1,Mark-5,"Milan, Italy",Quectel_EC21,222,Italy,it,2,3G
19060,1,Mark-5,"Milan, Italy",Quectel_EC21,222,Italy,it,2,3G
19144,1,Mark-5,"Milan, Italy",Quectel_EC21,222,Italy,it,2,3G
19758,1,Mark-5,"Milan, Italy",Quectel_EC21,222,Italy,it,2,3G
20120,1,Mark-5,"Milan, Italy",Quectel_EC21,222,Italy,it,2,3G
20156,1,Mark-5,"Milan, Italy",Quectel_EC21,222,Italy,it,2,3G
20192,1,Mark-5,"Milan, Italy",Quectel_EC21,222,Italy,it,2,3G
20228,1,Mark-5,"Milan, Italy",Quectel_EC21,222,Italy,it,2,3G
20264,1,Mark-5,"Milan, Italy",Quectel_EC21,222,Italy,it,2,3G
20300,1,Mark-5,"Milan, Italy",Quectel_EC21,222,Italy,it,2,3G
20336,1,Mark-5,"Milan, Italy",Quectel_EC21,222,Italy,it,2,3G
20372,1,Mark-5,"Milan, Italy",Quectel_EC21,222,Italy,it,2,3G
20408,1,Mark-5,"Milan, Italy",Quectel_EC21,222,Italy,it,2,3G
20444,1,Mark-5,"Milan, Italy",Quectel_EC21,222,Italy,it,2,3G
22997,1,Mark-5,"Milan, Italy",Quectel_EC21,222,Italy,it,2,3G
23253,1,Mark-5,"Milan, Italy",Quectel_EC21,222,Italy,it,2,3G
17869,1,Mark-5,"Milan, Italy",Quectel_EC21,222,Italy,it,7,LTE CAT1
18848,1,Mark-5,"Milan, Italy",Quectel_EC21,222,Italy,it,7,LTE CAT1
18875,1,Mark-5,"Milan, Italy",Quectel_EC21,222,Italy,it,7,LTE CAT1
18929,1,Mark-5,"Milan, Italy",Quectel_EC21,222,Italy,it,7,LTE CAT1
19062,1,Mark-5,"Milan, Italy",Quectel_EC21,222,Italy,it,7,LTE CAT1
19146,1,Mark-5,"Milan, Italy",Quectel_EC21,222,Italy,it,7,LTE CAT1
19763,1,Mark-5,"Milan, Italy",Quectel_EC21,222,Italy,it,7,LTE CAT1
20114,1,Mark-5,"Milan, Italy",Quectel_EC21,222,Italy,it,7,LTE CAT1
20150,1,Mark-5,"Milan, Italy",Quectel_EC21,222,Italy,it,7,LTE CAT1
20186,1,Mark-5,"Milan, Italy",Quectel_EC21,222,Italy,it,7,LTE CAT1
20222,1,Mark-5,"Milan, Italy",Quectel_EC21,222,Italy,it,7,LTE CAT1
20258,1,Mark-5,"Milan, Italy",Quectel_EC21,222,Italy,it,7,LTE CAT1
20294,1,Mark-5,"Milan, Italy",Quectel_EC21,222,Italy,it,7,LTE CAT1
20330,1,Mark-5,"Milan, Italy",Quectel_EC21,222,Italy,it,7,LTE CAT1
20366,1,Mark-5,"Milan, Italy",Quectel_EC21,222,Italy,it,7,LTE CAT1
20402,1,Mark-5,"Milan, Italy",Quectel_EC21,222,Italy,it,7,LTE CAT1
20438,1,Mark-5,"Milan, Italy",Quectel_EC21,222,Italy,it,7,LTE CAT1
22989,1,Mark-5,"Milan, Italy",Quectel_EC21,222,Italy,it,7,LTE CAT1
23186,1,Mark-5,"Milan, Italy",Quectel_EC21,222,Italy,it,7,LTE CAT1
23245,1,Mark-5,"Milan, Italy",Quectel_EC21,222,Italy,it,7,LTE CAT1
23567,1,Mark-5,"Milan, Italy",Quectel_EC21,222,Italy,it,7,LTE CAT1
18849,1,Mark-5,"Milan, Italy",Quectel_EC21,222,Italy,it,0,2G
18876,1,Mark-5,"Milan, Italy",Quectel_EC21,222,Italy,it,0,2G
19063,1,Mark-5,"Milan, Italy",Quectel_EC21,222,Italy,it,0,2G
19147,1,Mark-5,"Milan, Italy",Quectel_EC21,222,Italy,it,0,2G
19655,1,Mark-5,"Milan, Italy",Quectel_EC21,222,Italy,it,0,2G
19761,1,Mark-5,"Milan, Italy",Quectel_EC21,222,Italy,it,0,2G
20113,1,Mark-5,"Milan, Italy",Quectel_EC21,222,Italy,it,0,2G
20149,1,Mark-5,"Milan, Italy",Quectel_EC21,222,Italy,it,0,2G
20185,1,Mark-5,"Milan, Italy",Quectel_EC21,222,Italy,it,0,2G
20221,1,Mark-5,"Milan, Italy",Quectel_EC21,222,Italy,it,0,2G
20257,1,Mark-5,"Milan, Italy",Quectel_EC21,222,Italy,it,0,2G
20293,1,Mark-5,"Milan, Italy",Quectel_EC21,222,Italy,it,0,2G
20329,1,Mark-5,"Milan, Italy",Quectel_EC21,222,Italy,it,0,2G
20365,1,Mark-5,"Milan, Italy",Quectel_EC21,222,Italy,it,0,2G
20401,1,Mark-5,"Milan, Italy",Quectel_EC21,222,Italy,it,0,2G
20437,1,Mark-5,"Milan, Italy",Quectel_EC21,222,Italy,it,0,2G
20484,1,Mark-5,"Milan, Italy",Quectel_BG96,222,Italy,it,0,2G
20553,1,Mark-5,"Milan, Italy",Quectel_BG96,222,Italy,it,0,2G
20733,1,Mark-5,"Milan, Italy",Quectel_BG96,222,Italy,it,0,2G
20760,1,Mark-5,"Milan, Italy",Quectel_BG96,222,Italy,it,0,2G
20787,1,Mark-5,"Milan, Italy",Quectel_BG96,222,Italy,it,0,2G
20814,1,Mark-5,"Milan, Italy",Quectel_BG96,222,Italy,it,0,2G
20841,1,Mark-5,"Milan, Italy",Quectel_BG96,222,Italy,it,0,2G
20868,1,Mark-5,"Milan, Italy",Quectel_BG96,222,Italy,it,0,2G
20895,1,Mark-5,"Milan, Italy",Quectel_BG96,222,Italy,it,0,2G
20922,1,Mark-5,"Milan, Italy",Quectel_BG96,222,Italy,it,0,2G
20976,1,Mark-5,"Milan, Italy",Quectel_BG96,222,Italy,it,0,2G
22988,1,Mark-5,"Milan, Italy",Quectel_EC21,222,Italy,it,0,2G
23170,1,Mark-5,"Milan, Italy",Quectel_BG96,222,Italy,it,0,2G
23185,1,Mark-5,"Milan, Italy",Quectel_EC21,222,Italy,it,0,2G
23551,1,Mark-5,"Milan, Italy",Quectel_BG96,222,Italy,it,0,2G
23566,1,Mark-5,"Milan, Italy",Quectel_EC21,222,Italy,it,0,2G
17870,1,Mark-5,"Milan, Italy",Quectel_EC21,222,Italy,it,7,LTE CAT1
18850,1,Mark-5,"Milan, Italy",Quectel_EC21,222,Italy,it,7,LTE CAT1
18877,1,Mark-5,"Milan, Italy",Quectel_EC21,222,Italy,it,7,LTE CAT1
19148,1,Mark-5,"Milan, Italy",Quectel_EC21,222,Italy,it,7,LTE CAT1
19760,1,Mark-5,"Milan, Italy",Quectel_EC21,222,Italy,it,7,LTE CAT1
20200,1,Mark-5,"Milan, Italy",Quectel_EC21,222,Italy,it,7,LTE CAT1
20272,1,Mark-5,"Milan, Italy",Quectel_EC21,222,Italy,it,7,LTE CAT1
20344,1,Mark-5,"Milan, Italy",Quectel_EC21,222,Italy,it,7,LTE CAT1
20416,1,Mark-5,"Milan, Italy",Quectel_EC21,222,Italy,it,7,LTE CAT1
20452,1,Mark-5,"Milan, Italy",Quectel_EC21,222,Italy,it,7,LTE CAT1
20478,1,Mark-5,"Milan, Italy",Quectel_EC21,222,Italy,it,7,LTE CAT1
22323,1,Mark-5,"Milan, Italy",Quectel_EC21,222,Italy,it,7,LTE CAT1
22325,1,Mark-5,"Milan, Italy",Quectel_EC21,222,Italy,it,7,LTE CAT1
22326,1,Mark-5,"Milan, Italy",Quectel_EC21,222,Italy,it,7,LTE CAT1
22327,1,Mark-5,"Milan, Italy",Quectel_EC21,222,Italy,it,7,LTE CAT1
22819,1,Mark-5,"Milan, Italy",Quectel_EC21,222,Italy,it,7,LTE CAT1
22820,1,Mark-5,"Milan, Italy",Quectel_EC21,222,Italy,it,7,LTE CAT1
22821,1,Mark-5,"Milan, Italy",Quectel_EC21,222,Italy,it,7,LTE CAT1
22822,1,Mark-5,"Milan, Italy",Quectel_EC21,222,Italy,it,7,LTE CAT1
23008,1,Mark-5,"Milan, Italy",Quectel_EC21,222,Italy,it,7,LTE CAT1
23205,1,Mark-5,"Milan, Italy",Quectel_EC21,222,Italy,it,7,LTE CAT1
23586,1,Mark-5,"Milan, Italy",Quectel_EC21,222,Italy,it,7,LTE CAT1
25003,1,Mark-5,"Milan, Italy",Quectel_BG96,222,Italy,it,9,NB-IoT
25066,1,Mark-5,"Milan, Italy",Quectel_BG96,222,Italy,it,9,NB-IoT
25067,1,Mark-5,"Milan, Italy",Quectel_BG96,222,Italy,it,9,NB-IoT
25068,1,Mark-5,"Milan, Italy",Quectel_BG96,222,Italy,it,9,NB-IoT
25069,1,Mark-5,"Milan, Italy",Quectel_BG96,222,Italy,it,9,NB-IoT
25070,1,Mark-5,"Milan, Italy",Quectel_BG96,222,Italy,it,9,NB-IoT
25071,1,Mark-5,"Milan, Italy",Quectel_BG96,222,Italy,it,9,NB-IoT
25072,1,Mark-5,"Milan, Italy",Quectel_BG96,222,Italy,it,9,NB-IoT
25073,1,Mark-5,"Milan, Italy",Quectel_BG96,222,Italy,it,9,NB-IoT
25074,1,Mark-5,"Milan, Italy",Quectel_BG96,222,Italy,it,9,NB-IoT
25076,1,Mark-5,"Milan, Italy",Quectel_BG96,222,Italy,it,9,NB-IoT
25077,1,Mark-5,"Milan, Italy",Quectel_BG96,222,Italy,it,9,NB-IoT
25078,1,Mark-5,"Milan, Italy",Quectel_BG96,222,Italy,it,9,NB-IoT
25079,1,Mark-5,"Milan, Italy",Quectel_BG96,222,Italy,it,9,NB-IoT
25080,1,Mark-5,"Milan, Italy",Quectel_BG96,222,Italy,it,9,NB-IoT
18818,1,Mark-5,"Milan, Italy",Quectel_EC21,222,Italy,it,0,2G
18853,1,Mark-5,"Milan, Italy",Quectel_BG96,222,Italy,it,0,2G
18868,1,Mark-5,"Milan, Italy",Quectel_EC21,222,Italy,it,0,2G
18922,1,Mark-5,"Milan, Italy",Quectel_EC21,222,Italy,it,0,2G
19055,1,Mark-5,"Milan, Italy",Quectel_EC21,222,Italy,it,0,2G
19067,1,Mark-5,"Milan, Italy",Quectel_BG96,222,Italy,it,0,2G
19139,1,Mark-5,"Milan, Italy",Quectel_EC21,222,Italy,it,0,2G
19151,1,Mark-5,"Milan, Italy",Quectel_BG96,222,Italy,it,0,2G
19756,1,Mark-5,"Milan, Italy",Quectel_BG96,222,Italy,it,0,2G
19769,1,Mark-5,"Milan, Italy",Quectel_EC21,222,Italy,it,0,2G
19917,1,Mark-5,"Milan, Italy",Quectel_EC21,222,Italy,it,0,2G
20106,1,Mark-5,"Milan, Italy",Quectel_EC21,222,Italy,it,0,2G
20142,1,Mark-5,"Milan, Italy",Quectel_EC21,222,Italy,it,0,2G
20178,1,Mark-5,"Milan, Italy",Quectel_EC21,222,Italy,it,0,2G
20214,1,Mark-5,"Milan, Italy",Quectel_EC21,222,Italy,it,0,2G
20250,1,Mark-5,"Milan, Italy",Quectel_EC21,222,Italy,it,0,2G
20286,1,Mark-5,"Milan, Italy",Quectel_EC21,222,Italy,it,0,2G
20322,1,Mark-5,"Milan, Italy",Quectel_EC21,222,Italy,it,0,2G
20358,1,Mark-5,"Milan, Italy",Quectel_EC21,222,Italy,it,0,2G
20394,1,Mark-5,"Milan, Italy",Quectel_EC21,222,Italy,it,0,2G
20491,1,Mark-5,"Milan, Italy",Quectel_BG96,222,Italy,it,0,2G
20523,1,Mark-5,"Milan, Italy",Quectel_BG96,222,Italy,it,0,2G
20560,1,Mark-5,"Milan, Italy",Quectel_BG96,222,Italy,it,0,2G
20740,1,Mark-5,"Milan, Italy",Quectel_BG96,222,Italy,it,0,2G
20767,1,Mark-5,"Milan, Italy",Quectel_BG96,222,Italy,it,0,2G
20794,1,Mark-5,"Milan, Italy",Quectel_BG96,222,Italy,it,0,2G
20821,1,Mark-5,"Milan, Italy",Quectel_BG96,222,Italy,it,0,2G
20848,1,Mark-5,"Milan, Italy",Quectel_BG96,222,Italy,it,0,2G
20875,1,Mark-5,"Milan, Italy",Quectel_BG96,222,Italy,it,0,2G
20902,1,Mark-5,"Milan, Italy",Quectel_BG96,222,Italy,it,0,2G
20929,1,Mark-5,"Milan, Italy",Quectel_BG96,222,Italy,it,0,2G
22823,1,Mark-5,"Milan, Italy",Quectel_EC21,222,Italy,it,0,2G
22974,1,Mark-5,"Milan, Italy",Quectel_EC21,222,Italy,it,0,2G
22985,1,Mark-5,"Milan, Italy",Quectel_BG96,222,Italy,it,0,2G
23171,1,Mark-5,"Milan, Italy",Quectel_EC21,222,Italy,it,0,2G
23230,1,Mark-5,"Milan, Italy",Quectel_EC21,222,Italy,it,0,2G
23241,1,Mark-5,"Milan, Italy",Quectel_BG96,222,Italy,it,0,2G
23552,1,Mark-5,"Milan, Italy",Quectel_EC21,222,Italy,it,0,2G
23563,1,Mark-5,"Milan, Italy",Quectel_BG96,222,Italy,it,0,2G
18120,1,Mark-5,"Milan, Italy",Quectel_EC21,222,Italy,it,7,LTE CAT1
18851,1,Mark-5,"Milan, Italy",Quectel_EC21,222,Italy,it,7,LTE CAT1
18878,1,Mark-5,"Milan, Italy",Quectel_EC21,222,Italy,it,7,LTE CAT1
18932,1,Mark-5,"Milan, Italy",Quectel_EC21,222,Italy,it,7,LTE CAT1
19065,1,Mark-5,"Milan, Italy",Quectel_EC21,222,Italy,it,7,LTE CAT1
19149,1,Mark-5,"Milan, Italy",Quectel_EC21,222,Italy,it,7,LTE CAT1
19636,1,Mark-5,"Milan, Italy",Quectel_EC21,222,Italy,it,7,LTE CAT1
19759,1,Mark-5,"Milan, Italy",Quectel_EC21,222,Italy,it,7,LTE CAT1
20108,1,Mark-5,"Milan, Italy",Quectel_EC21,222,Italy,it,7,LTE CAT1
20144,1,Mark-5,"Milan, Italy",Quectel_EC21,222,Italy,it,7,LTE CAT1
20180,1,Mark-5,"Milan, Italy",Quectel_EC21,222,Italy,it,7,LTE CAT1
20216,1,Mark-5,"Milan, Italy",Quectel_EC21,222,Italy,it,7,LTE CAT1
20252,1,Mark-5,"Milan, Italy",Quectel_EC21,222,Italy,it,7,LTE CAT1
20288,1,Mark-5,"Milan, Italy",Quectel_EC21,222,Italy,it,7,LTE CAT1
20324,1,Mark-5,"Milan, Italy",Quectel_EC21,222,Italy,it,7,LTE CAT1
20360,1,Mark-5,"Milan, Italy",Quectel_EC21,222,Italy,it,7,LTE CAT1
20396,1,Mark-5,"Milan, Italy",Quectel_EC21,222,Italy,it,7,LTE CAT1
20432,1,Mark-5,"Milan, Italy",Quectel_EC21,222,Italy,it,7,LTE CAT1
22979,1,Mark-5,"Milan, Italy",Quectel_EC21,222,Italy,it,7,LTE CAT1
23176,1,Mark-5,"Milan, Italy",Quectel_EC21,222,Italy,it,7,LTE CAT1
23235,1,Mark-5,"Milan, Italy",Quectel_EC21,222,Italy,it,7,LTE CAT1
23557,1,Mark-5,"Milan, Italy",Quectel_EC21,222,Italy,it,7,LTE CAT1
18817,1,Mark-5,"Milan, Italy",Quectel_BG96,222,Italy,it,9,NB-IoT
18855,1,Mark-5,"Milan, Italy",Quectel_BG96,222,Italy,it,9,NB-IoT
18882,1,Mark-5,"Milan, Italy",Quectel_BG96,222,Italy,it,9,NB-IoT
18936,1,Mark-5,"Milan, Italy",Quectel_BG96,222,Italy,it,9,NB-IoT
19069,1,Mark-5,"Milan, Italy",Quectel_BG96,222,Italy,it,9,NB-IoT
19153,1,Mark-5,"Milan, Italy",Quectel_BG96,222,Italy,it,9,NB-IoT
20488,1,Mark-5,"Milan, Italy",Quectel_BG96,222,Italy,it,9,NB-IoT
20520,1,Mark-5,"Milan, Italy",Quectel_BG96,222,Italy,it,9,NB-IoT
20557,1,Mark-5,"Milan, Italy",Quectel_BG96,222,Italy,it,9,NB-IoT
20737,1,Mark-5,"Milan, Italy",Quectel_BG96,222,Italy,it,9,NB-IoT
20764,1,Mark-5,"Milan, Italy",Quectel_BG96,222,Italy,it,9,NB-IoT
20791,1,Mark-5,"Milan, Italy",Quectel_BG96,222,Italy,it,9,NB-IoT
20818,1,Mark-5,"Milan, Italy",Quectel_BG96,222,Italy,it,9,NB-IoT
20845,1,Mark-5,"Milan, Italy",Quectel_BG96,222,Italy,it,9,NB-IoT
20872,1,Mark-5,"Milan, Italy",Quectel_BG96,222,Italy,it,9,NB-IoT
20899,1,Mark-5,"Milan, Italy",Quectel_BG96,222,Italy,it,9,NB-IoT
20926,1,Mark-5,"Milan, Italy",Quectel_BG96,222,Italy,it,9,NB-IoT
20980,1,Mark-5,"Milan, Italy",Quectel_BG96,222,Italy,it,9,NB-IoT
22978,1,Mark-5,"Milan, Italy",Quectel_BG96,222,Italy,it,9,NB-IoT
23175,1,Mark-5,"Milan, Italy",Quectel_BG96,222,Italy,it,9,NB-IoT
23234,1,Mark-5,"Milan, Italy",Quectel_BG96,222,Italy,it,9,NB-IoT
23556,1,Mark-5,"Milan, Italy",Quectel_BG96,222,Italy,it,9,NB-IoT
18847,1,Mark-5,"Milan, Italy",Quectel_EC21,222,Italy,it,0,2G
18874,1,Mark-5,"Milan, Italy",Quectel_EC21,222,Italy,it,0,2G
18928,1,Mark-5,"Milan, Italy",Quectel_EC21,222,Italy,it,0,2G
19061,1,Mark-5,"Milan, Italy",Quectel_EC21,222,Italy,it,0,2G
19066,1,Mark-5,"Milan, Italy",Quectel_BG96,222,Italy,it,0,2G
19145,1,Mark-5,"Milan, Italy",Quectel_EC21,222,Italy,it,0,2G
19150,1,Mark-5,"Milan, Italy",Quectel_BG96,222,Italy,it,0,2G
19764,1,Mark-5,"Milan, Italy",Quectel_EC21,222,Italy,it,0,2G
20103,1,Mark-5,"Milan, Italy",Quectel_EC21,222,Italy,it,0,2G
20175,1,Mark-5,"Milan, Italy",Quectel_EC21,222,Italy,it,0,2G
20211,1,Mark-5,"Milan, Italy",Quectel_EC21,222,Italy,it,0,2G
20247,1,Mark-5,"Milan, Italy",Quectel_EC21,222,Italy,it,0,2G
20283,1,Mark-5,"Milan, Italy",Quectel_EC21,222,Italy,it,0,2G
20319,1,Mark-5,"Milan, Italy",Quectel_EC21,222,Italy,it,0,2G
20355,1,Mark-5,"Milan, Italy",Quectel_EC21,222,Italy,it,0,2G
20391,1,Mark-5,"Milan, Italy",Quectel_EC21,222,Italy,it,0,2G
20427,1,Mark-5,"Milan, Italy",Quectel_EC21,222,Italy,it,0,2G
20494,1,Mark-5,"Milan, Italy",Quectel_BG96,222,Italy,it,0,2G
20526,1,Mark-5,"Milan, Italy",Quectel_BG96,222,Italy,it,0,2G
20770,1,Mark-5,"Milan, Italy",Quectel_BG96,222,Italy,it,0,2G
20851,1,Mark-5,"Milan, Italy",Quectel_BG96,222,Italy,it,0,2G
22800,1,Mark-5,"Milan, Italy",Quectel_BG96,222,Italy,it,0,2G
22801,1,Mark-5,"Milan, Italy",Quectel_BG96,222,Italy,it,0,2G
22804,1,Mark-5,"Milan, Italy",Quectel_BG96,222,Italy,it,0,2G
22824,1,Mark-5,"Milan, Italy",Quectel_EC21,222,Italy,it,0,2G
22967,1,Mark-5,"Milan, Italy",Quectel_EC21,222,Italy,it,0,2G
22999,1,Mark-5,"Milan, Italy",Quectel_BG96,222,Italy,it,0,2G
23164,1,Mark-5,"Milan, Italy",Quectel_EC21,222,Italy,it,0,2G
23223,1,Mark-5,"Milan, Italy",Quectel_EC21,222,Italy,it,0,2G
23255,1,Mark-5,"Milan, Italy",Quectel_BG96,222,Italy,it,0,2G
18843,1,Mark-5,"Milan, Italy",Quectel_EC21,222,Italy,it,2,3G
18870,1,Mark-5,"Milan, Italy",Quectel_EC21,222,Italy,it,2,3G
18924,1,Mark-5,"Milan, Italy",Quectel_EC21,222,Italy,it,2,3G
19057,1,Mark-5,"Milan, Italy",Quectel_EC21,222,Italy,it,2,3G
19141,1,Mark-5,"Milan, Italy",Quectel_EC21,222,Italy,it,2,3G
19767,1,Mark-5,"Milan, Italy",Quectel_EC21,222,Italy,it,2,3G
20102,1,Mark-5,"Milan, Italy",Quectel_EC21,222,Italy,it,2,3G
20138,1,Mark-5,"Milan, Italy",Quectel_EC21,222,Italy,it,2,3G
20174,1,Mark-5,"Milan, Italy",Quectel_EC21,222,Italy,it,2,3G
20210,1,Mark-5,"Milan, Italy",Quectel_EC21,222,Italy,it,2,3G
20246,1,Mark-5,"Milan, Italy",Quectel_EC21,222,Italy,it,2,3G
20282,1,Mark-5,"Milan, Italy",Quectel_EC21,222,Italy,it,2,3G
20318,1,Mark-5,"Milan, Italy",Quectel_EC21,222,Italy,it,2,3G
20354,1,Mark-5,"Milan, Italy",Quectel_EC21,222,Italy,it,2,3G
20390,1,Mark-5,"Milan, Italy",Quectel_EC21,222,Italy,it,2,3G
20426,1,Mark-5,"Milan, Italy",Quectel_EC21,222,Italy,it,2,3G
22965,1,Mark-5,"Milan, Italy",Quectel_EC21,222,Italy,it,2,3G
23162,1,Mark-5,"Milan, Italy",Quectel_EC21,222,Italy,it,2,3G
23221,1,Mark-5,"Milan, Italy",Quectel_EC21,222,Italy,it,2,3G
23543,1,Mark-5,"Milan, Italy",Quectel_EC21,222,Italy,it,2,3G
18844,1,Mark-5,"Milan, Italy",Quectel_EC21,222,Italy,it,7,LTE CAT1
18871,1,Mark-5,"Milan, Italy",Quectel_EC21,222,Italy,it,7,LTE CAT1
18925,1,Mark-5,"Milan, Italy",Quectel_EC21,222,Italy,it,7,LTE CAT1
19058,1,Mark-5,"Milan, Italy",Quectel_EC21,222,Italy,it,7,LTE CAT1
19142,1,Mark-5,"Milan, Italy",Quectel_EC21,222,Italy,it,7,LTE CAT1
19646,1,Mark-5,"Milan, Italy",Quectel_EC21,222,Italy,it,7,LTE CAT1
19766,1,Mark-5,"Milan, Italy",Quectel_EC21,222,Italy,it,7,LTE CAT1
20100,1,Mark-5,"Milan, Italy",Quectel_EC21,222,Italy,it,7,LTE CAT1
20136,1,Mark-5,"Milan, Italy",Quectel_EC21,222,Italy,it,7,LTE CAT1
20172,1,Mark-5,"Milan, Italy",Quectel_EC21,222,Italy,it,7,LTE CAT1
20208,1,Mark-5,"Milan, Italy",Quectel_EC21,222,Italy,it,7,LTE CAT1
20244,1,Mark-5,"Milan, Italy",Quectel_EC21,222,Italy,it,7,LTE CAT1
20280,1,Mark-5,"Milan, Italy",Quectel_EC21,222,Italy,it,7,LTE CAT1
20316,1,Mark-5,"Milan, Italy",Quectel_EC21,222,Italy,it,7,LTE CAT1
20352,1,Mark-5,"Milan, Italy",Quectel_EC21,222,Italy,it,7,LTE CAT1
20388,1,Mark-5,"Milan, Italy",Quectel_EC21,222,Italy,it,7,LTE CAT1
20424,1,Mark-5,"Milan, Italy",Quectel_EC21,222,Italy,it,7,LTE CAT1
22963,1,Mark-5,"Milan, Italy",Quectel_EC21,222,Italy,it,7,LTE CAT1
23160,1,Mark-5,"Milan, Italy",Quectel_EC21,222,Italy,it,7,LTE CAT1
23219,1,Mark-5,"Milan, Italy",Quectel_EC21,222,Italy,it,7,LTE CAT1
23541,1,Mark-5,"Milan, Italy",Quectel_EC21,222,Italy,it,7,LTE CAT1
18863,1,Mark-7,"Trondheim, Norway",Quectel_EC21,242,Norway,no,0,2G
18916,1,Mark-7,"Trondheim, Norway",Quectel_EC21,242,Norway,no,0,2G
19045,1,Mark-7,"Trondheim, Norway",Quectel_EC21,242,Norway,no,0,2G
19050,1,Mark-7,"Trondheim, Norway",Quectel_EC21,242,Norway,no,0,2G
19170,1,Mark-7,"Trondheim, Norway",Quectel_EC21,242,Norway,no,0,2G
19177,1,Mark-7,"Trondheim, Norway",Quectel_EC21,242,Norway,no,0,2G
19657,1,Mark-7,"Trondheim, Norway",Quectel_EC21,242,Norway,no,0,2G
19770,1,Mark-7,"Trondheim, Norway",Quectel_EC21,242,Norway,no,0,2G
19801,1,Mark-7,"Trondheim, Norway",Quectel_EC21,242,Norway,no,0,2G
19931,1,Mark-7,"Trondheim, Norway",Quectel_EC21,242,Norway,no,0,2G
20133,1,Mark-7,"Trondheim, Norway",Quectel_EC21,242,Norway,no,0,2G
20169,1,Mark-7,"Trondheim, Norway",Quectel_EC21,242,Norway,no,0,2G
22310,1,Mark-7,"Trondheim, Norway",Quectel_EC21,242,Norway,no,0,2G
22311,1,Mark-7,"Trondheim, Norway",Quectel_EC21,242,Norway,no,0,2G
22312,1,Mark-7,"Trondheim, Norway",Quectel_EC21,242,Norway,no,0,2G
22313,1,Mark-7,"Trondheim, Norway",Quectel_EC21,242,Norway,no,0,2G
22314,1,Mark-7,"Trondheim, Norway",Quectel_EC21,242,Norway,no,0,2G
22315,1,Mark-7,"Trondheim, Norway",Quectel_EC21,242,Norway,no,0,2G
22825,1,Mark-7,"Trondheim, Norway",Quectel_EC21,242,Norway,no,0,2G
22826,1,Mark-7,"Trondheim, Norway",Quectel_EC21,242,Norway,no,0,2G
22827,1,Mark-7,"Trondheim, Norway",Quectel_EC21,242,Norway,no,0,2G
22828,1,Mark-7,"Trondheim, Norway",Quectel_EC21,242,Norway,no,0,2G
22829,1,Mark-7,"Trondheim, Norway",Quectel_EC21,242,Norway,no,0,2G
22830,1,Mark-7,"Trondheim, Norway",Quectel_EC21,242,Norway,no,0,2G
23068,1,Mark-7,"Trondheim, Norway",Quectel_EC21,242,Norway,no,0,2G
23069,1,Mark-7,"Trondheim, Norway",Quectel_EC21,242,Norway,no,0,2G
23070,1,Mark-7,"Trondheim, Norway",Quectel_EC21,242,Norway,no,0,2G
23071,1,Mark-7,"Trondheim, Norway",Quectel_EC21,242,Norway,no,0,2G
23072,1,Mark-7,"Trondheim, Norway",Quectel_EC21,242,Norway,no,0,2G
23073,1,Mark-7,"Trondheim, Norway",Quectel_EC21,242,Norway,no,0,2G
23074,1,Mark-7,"Trondheim, Norway",Quectel_EC21,242,Norway,no,0,2G
23075,1,Mark-7,"Trondheim, Norway",Quectel_EC21,242,Norway,no,0,2G
23076,1,Mark-7,"Trondheim, Norway",Quectel_EC21,242,Norway,no,0,2G
23077,1,Mark-7,"Trondheim, Norway",Quectel_EC21,242,Norway,no,0,2G
23275,1,Mark-7,"Trondheim, Norway",Quectel_EC21,242,Norway,no,0,2G
23597,1,Mark-7,"Trondheim, Norway",Quectel_EC21,242,Norway,no,0,2G
17068,1,Mark-7,"Trondheim, Norway",Quectel_EC21,242,Norway,no,7,LTE CAT1
17180,1,Mark-7,"Trondheim, Norway",Quectel_EC21,242,Norway,no,7,LTE CAT1
17415,1,Mark-7,"Trondheim, Norway",Quectel_EC21,242,Norway,no,7,LTE CAT1
17463,1,Mark-7,"Trondheim, Norway",Quectel_EC21,242,Norway,no,7,LTE CAT1
17684,1,Mark-7,"Trondheim, Norway",Quectel_EC21,242,Norway,no,7,LTE CAT1
18867,1,Mark-7,"Trondheim, Norway",Quectel_EC21,242,Norway,no,7,LTE CAT1
18920,1,Mark-7,"Trondheim, Norway",Quectel_EC21,242,Norway,no,7,LTE CAT1
19049,1,Mark-7,"Trondheim, Norway",Quectel_EC21,242,Norway,no,7,LTE CAT1
19054,1,Mark-7,"Trondheim, Norway",Quectel_EC21,242,Norway,no,7,LTE CAT1
19175,1,Mark-7,"Trondheim, Norway",Quectel_EC21,242,Norway,no,7,LTE CAT1
19176,1,Mark-7,"Trondheim, Norway",Quectel_EC21,242,Norway,no,7,LTE CAT1
19181,1,Mark-7,"Trondheim, Norway",Quectel_EC21,242,Norway,no,7,LTE CAT1
19774,1,Mark-7,"Trondheim, Norway",Quectel_EC21,242,Norway,no,7,LTE CAT1
19805,1,Mark-7,"Trondheim, Norway",Quectel_EC21,242,Norway,no,7,LTE CAT1
20111,1,Mark-7,"Trondheim, Norway",Quectel_EC21,242,Norway,no,7,LTE CAT1
20147,1,Mark-7,"Trondheim, Norway",Quectel_EC21,242,Norway,no,7,LTE CAT1
20183,1,Mark-7,"Trondheim, Norway",Quectel_EC21,242,Norway,no,7,LTE CAT1
20219,1,Mark-7,"Trondheim, Norway",Quectel_EC21,242,Norway,no,7,LTE CAT1
20291,1,Mark-7,"Trondheim, Norway",Quectel_EC21,242,Norway,no,7,LTE CAT1
20399,1,Mark-7,"Trondheim, Norway",Quectel_EC21,242,Norway,no,7,LTE CAT1
20435,1,Mark-7,"Trondheim, Norway",Quectel_EC21,242,Norway,no,7,LTE CAT1
22308,1,Mark-7,"Trondheim, Norway",Quectel_EC21,242,Norway,no,7,LTE CAT1
22309,1,Mark-7,"Trondheim, Norway",Quectel_EC21,242,Norway,no,7,LTE CAT1
22831,1,Mark-7,"Trondheim, Norway",Quectel_EC21,242,Norway,no,7,LTE CAT1
22832,1,Mark-7,"Trondheim, Norway",Quectel_EC21,242,Norway,no,7,LTE CAT1
22833,1,Mark-7,"Trondheim, Norway",Quectel_EC21,242,Norway,no,7,LTE CAT1
22984,1,Mark-7,"Trondheim, Norway",Quectel_EC21,242,Norway,no,7,LTE CAT1
23088,1,Mark-7,"Trondheim, Norway",Quectel_EC21,242,Norway,no,7,LTE CAT1
23089,1,Mark-7,"Trondheim, Norway",Quectel_EC21,242,Norway,no,7,LTE CAT1
23090,1,Mark-7,"Trondheim, Norway",Quectel_EC21,242,Norway,no,7,LTE CAT1
23091,1,Mark-7,"Trondheim, Norway",Quectel_EC21,242,Norway,no,7,LTE CAT1
23092,1,Mark-7,"Trondheim, Norway",Quectel_EC21,242,Norway,no,7,LTE CAT1
23093,1,Mark-7,"Trondheim, Norway",Quectel_EC21,242,Norway,no,7,LTE CAT1
23094,1,Mark-7,"Trondheim, Norway",Quectel_EC21,242,Norway,no,7,LTE CAT1
23095,1,Mark-7,"Trondheim, Norway",Quectel_EC21,242,Norway,no,7,LTE CAT1
23096,1,Mark-7,"Trondheim, Norway",Quectel_EC21,242,Norway,no,7,LTE CAT1
23097,1,Mark-7,"Trondheim, Norway",Quectel_EC21,242,Norway,no,7,LTE CAT1
23181,1,Mark-7,"Trondheim, Norway",Quectel_EC21,242,Norway,no,7,LTE CAT1
23240,1,Mark-7,"Trondheim, Norway",Quectel_EC21,242,Norway,no,7,LTE CAT1
23562,1,Mark-7,"Trondheim, Norway",Quectel_EC21,242,Norway,no,7,LTE CAT1
15093,1,Mark-6,"Trondheim, Norway",Quectel_BG96,242,Norway,no,8,LTE-M
15515,1,Mark-7,"Trondheim, Norway",Quectel_EC21,242,Norway,no,8,LTE-M
25081,1,Mark-7,"Trondheim, Norway",Quectel_BG96,242,Norway,no,8,LTE-M
25082,1,Mark-7,"Trondheim, Norway",Quectel_BG96,242,Norway,no,8,LTE-M
25083,1,Mark-7,"Trondheim, Norway",Quectel_BG96,242,Norway,no,8,LTE-M
25084,1,Mark-7,"Trondheim, Norway",Quectel_BG96,242,Norway,no,8,LTE-M
25085,1,Mark-7,"Trondheim, Norway",Quectel_BG96,242,Norway,no,8,LTE-M
25086,1,Mark-7,"Trondheim, Norway",Quectel_BG96,242,Norway,no,8,LTE-M
25087,1,Mark-7,"Trondheim, Norway",Quectel_BG96,242,Norway,no,8,LTE-M
25088,1,Mark-7,"Trondheim, Norway",Quectel_BG96,242,Norway,no,8,LTE-M
25089,1,Mark-7,"Trondheim, Norway",Quectel_BG96,242,Norway,no,8,LTE-M
25090,1,Mark-7,"Trondheim, Norway",Quectel_BG96,242,Norway,no,8,LTE-M
25091,1,Mark-7,"Trondheim, Norway",Quectel_BG96,242,Norway,no,8,LTE-M
25156,1,Mark-7,"Trondheim, Norway",Quectel_BG96,242,Norway,no,8,LTE-M
25157,1,Mark-7,"Trondheim, Norway",Quectel_BG96,242,Norway,no,8,LTE-M
25158,1,Mark-7,"Trondheim, Norway",Quectel_BG96,242,Norway,no,8,LTE-M
25159,1,Mark-7,"Trondheim, Norway",Quectel_BG96,242,Norway,no,8,LTE-M
25160,1,Mark-7,"Trondheim, Norway",Quectel_BG96,242,Norway,no,8,LTE-M
25161,1,Mark-7,"Trondheim, Norway",Quectel_BG96,242,Norway,no,8,LTE-M
25162,1,Mark-7,"Trondheim, Norway",Quectel_BG96,242,Norway,no,8,LTE-M
25163,1,Mark-7,"Trondheim, Norway",Quectel_BG96,242,Norway,no,8,LTE-M
25164,1,Mark-7,"Trondheim, Norway",Quectel_BG96,242,Norway,no,8,LTE-M
25165,1,Mark-7,"Trondheim, Norway",Quectel_BG96,242,Norway,no,8,LTE-M
24810,1,Mark-7,"Trondheim, Norway",Quectel_BG96,242,Norway,no,9,NB-IoT
24825,1,Mark-7,"Trondheim, Norway",Quectel_BG96,242,Norway,no,9,NB-IoT
24840,1,Mark-7,"Trondheim, Norway",Quectel_BG96,242,Norway,no,9,NB-IoT
24855,1,Mark-7,"Trondheim, Norway",Quectel_BG96,242,Norway,no,9,NB-IoT
24870,1,Mark-7,"Trondheim, Norway",Quectel_BG96,242,Norway,no,9,NB-IoT
24885,1,Mark-7,"Trondheim, Norway",Quectel_BG96,242,Norway,no,9,NB-IoT
24900,1,Mark-7,"Trondheim, Norway",Quectel_BG96,242,Norway,no,9,NB-IoT
24915,1,Mark-7,"Trondheim, Norway",Quectel_BG96,242,Norway,no,9,NB-IoT
24930,1,Mark-7,"Trondheim, Norway",Quectel_BG96,242,Norway,no,9,NB-IoT
24945,1,Mark-7,"Trondheim, Norway",Quectel_BG96,242,Norway,no,9,NB-IoT
24960,1,Mark-7,"Trondheim, Norway",Quectel_BG96,242,Norway,no,9,NB-IoT
24975,1,Mark-7,"Trondheim, Norway",Quectel_BG96,242,Norway,no,9,NB-IoT
24990,1,Mark-7,"Trondheim, Norway",Quectel_BG96,242,Norway,no,9,NB-IoT
25007,1,Mark-7,"Trondheim, Norway",Quectel_BG96,242,Norway,no,9,NB-IoT
25022,1,Mark-7,"Trondheim, Norway",Quectel_BG96,242,Norway,no,9,NB-IoT
18864,1,Mark-7,"Trondheim, Norway",Quectel_EC21,242,Norway,no,0,2G
19046,1,Mark-7,"Trondheim, Norway",Quectel_EC21,242,Norway,no,0,2G
19051,1,Mark-7,"Trondheim, Norway",Quectel_EC21,242,Norway,no,0,2G
19167,1,Mark-7,"Trondheim, Norway",Quectel_EC21,242,Norway,no,0,2G
19172,1,Mark-7,"Trondheim, Norway",Quectel_EC21,242,Norway,no,0,2G
19178,1,Mark-7,"Trondheim, Norway",Quectel_EC21,242,Norway,no,0,2G
19638,1,Mark-7,"Trondheim, Norway",Quectel_EC21,242,Norway,no,0,2G
19771,1,Mark-7,"Trondheim, Norway",Quectel_EC21,242,Norway,no,0,2G
19802,1,Mark-7,"Trondheim, Norway",Quectel_EC21,242,Norway,no,0,2G
20131,1,Mark-7,"Trondheim, Norway",Quectel_EC21,242,Norway,no,0,2G
20167,1,Mark-7,"Trondheim, Norway",Quectel_EC21,242,Norway,no,0,2G
20203,1,Mark-7,"Trondheim, Norway",Quectel_EC21,242,Norway,no,0,2G
20239,1,Mark-7,"Trondheim, Norway",Quectel_EC21,242,Norway,no,0,2G
20275,1,Mark-7,"Trondheim, Norway",Quectel_EC21,242,Norway,no,0,2G
20311,1,Mark-7,"Trondheim, Norway",Quectel_EC21,242,Norway,no,0,2G
20347,1,Mark-7,"Trondheim, Norway",Quectel_EC21,242,Norway,no,0,2G
20383,1,Mark-7,"Trondheim, Norway",Quectel_EC21,242,Norway,no,0,2G
20419,1,Mark-7,"Trondheim, Norway",Quectel_EC21,242,Norway,no,0,2G
20455,1,Mark-7,"Trondheim, Norway",Quectel_EC21,242,Norway,no,0,2G
23015,1,Mark-7,"Trondheim, Norway",Quectel_EC21,242,Norway,no,0,2G
23078,1,Mark-7,"Trondheim, Norway",Quectel_EC21,242,Norway,no,0,2G
23079,1,Mark-7,"Trondheim, Norway",Quectel_EC21,242,Norway,no,0,2G
23080,1,Mark-7,"Trondheim, Norway",Quectel_EC21,242,Norway,no,0,2G
23081,1,Mark-7,"Trondheim, Norway",Quectel_EC21,242,Norway,no,0,2G
23082,1,Mark-7,"Trondheim, Norway",Quectel_EC21,242,Norway,no,0,2G
23083,1,Mark-7,"Trondheim, Norway",Quectel_EC21,242,Norway,no,0,2G
23084,1,Mark-7,"Trondheim, Norway",Quectel_EC21,242,Norway,no,0,2G
23085,1,Mark-7,"Trondheim, Norway",Quectel_EC21,242,Norway,no,0,2G
23086,1,Mark-7,"Trondheim, Norway",Quectel_EC21,242,Norway,no,0,2G
23087,1,Mark-7,"Trondheim, Norway",Quectel_EC21,242,Norway,no,0,2G
23212,1,Mark-7,"Trondheim, Norway",Quectel_EC21,242,Norway,no,0,2G
23271,1,Mark-7,"Trondheim, Norway",Quectel_EC21,242,Norway,no,0,2G
23593,1,Mark-7,"Trondheim, Norway",Quectel_EC21,242,Norway,no,0,2G
24811,1,Mark-7,"Trondheim, Norway",Quectel_BG96,242,Norway,no,0,2G
24831,1,Mark-7,"Trondheim, Norway",Quectel_BG96,242,Norway,no,0,2G
24846,1,Mark-7,"Trondheim, Norway",Quectel_BG96,242,Norway,no,0,2G
24861,1,Mark-7,"Trondheim, Norway",Quectel_BG96,242,Norway,no,0,2G
24876,1,Mark-7,"Trondheim, Norway",Quectel_BG96,242,Norway,no,0,2G
24891,1,Mark-7,"Trondheim, Norway",Quectel_BG96,242,Norway,no,0,2G
24906,1,Mark-7,"Trondheim, Norway",Quectel_BG96,242,Norway,no,0,2G
24921,1,Mark-7,"Trondheim, Norway",Quectel_BG96,242,Norway,no,0,2G
24936,1,Mark-7,"Trondheim, Norway",Quectel_BG96,242,Norway,no,0,2G
24951,1,Mark-7,"Trondheim, Norway",Quectel_BG96,242,Norway,no,0,2G
24966,1,Mark-7,"Trondheim, Norway",Quectel_BG96,242,Norway,no,0,2G
24981,1,Mark-7,"Trondheim, Norway",Quectel_BG96,242,Norway,no,0,2G
24996,1,Mark-7,"Trondheim, Norway",Quectel_BG96,242,Norway,no,0,2G
25013,1,Mark-7,"Trondheim, Norway",Quectel_BG96,242,Norway,no,0,2G
13369,1,Mark-6,"Trondheim, Norway",Quectel_EC21,242,Norway,no,7,LTE CAT1
13369,2,Mark-6,"Trondheim, Norway",Quectel_EC21,242,Norway,no,7,LTE CAT1
14021,1,Mark-6,"Trondheim, Norway",Quectel_EC21,242,Norway,no,7,LTE CAT1
14021,2,Mark-6,"Trondheim, Norway",Quectel_EC21,242,Norway,no,7,LTE CAT1
14021,3,Mark-6,"Trondheim, Norway",Quectel_EC21,242,Norway,no,7,LTE CAT1
14021,4,Mark-6,"Trondheim, Norway",Quectel_EC21,242,Norway,no,7,LTE CAT1
14021,5,Mark-6,"Trondheim, Norway",Quectel_EC21,242,Norway,no,7,LTE CAT1
14066,1,Mark-6,"Trondheim, Norway",Quectel_EC21,242,Norway,no,7,LTE CAT1
14066,3,Mark-6,"Trondheim, Norway",Quectel_EC21,242,Norway,no,7,LTE CAT1
14066,5,Mark-6,"Trondheim, Norway",Quectel_EC21,242,Norway,no,7,LTE CAT1
15484,1,Mark-6,"Trondheim, Norway",Quectel_EC21,242,Norway,no,7,LTE CAT1
18865,1,Mark-7,"Trondheim, Norway",Quectel_EC21,242,Norway,no,7,LTE CAT1
18918,1,Mark-7,"Trondheim, Norway",Quectel_EC21,242,Norway,no,7,LTE CAT1
19047,1,Mark-7,"Trondheim, Norway",Quectel_EC21,242,Norway,no,7,LTE CAT1
19052,1,Mark-7,"Trondheim, Norway",Quectel_EC21,242,Norway,no,7,LTE CAT1
19168,1,Mark-7,"Trondheim, Norway",Quectel_EC21,242,Norway,no,7,LTE CAT1
19179,1,Mark-7,"Trondheim, Norway",Quectel_EC21,242,Norway,no,7,LTE CAT1
19648,1,Mark-7,"Trondheim, Norway",Quectel_EC21,242,Norway,no,7,LTE CAT1
19772,1,Mark-7,"Trondheim, Norway",Quectel_EC21,242,Norway,no,7,LTE CAT1
19803,1,Mark-7,"Trondheim, Norway",Quectel_EC21,242,Norway,no,7,LTE CAT1
20129,1,Mark-7,"Trondheim, Norway",Quectel_EC21,242,Norway,no,7,LTE CAT1
20165,1,Mark-7,"Trondheim, Norway",Quectel_EC21,242,Norway,no,7,LTE CAT1
20201,1,Mark-7,"Trondheim, Norway",Quectel_EC21,242,Norway,no,7,LTE CAT1
20237,1,Mark-7,"Trondheim, Norway",Quectel_EC21,242,Norway,no,7,LTE CAT1
20309,1,Mark-7,"Trondheim, Norway",Quectel_EC21,242,Norway,no,7,LTE CAT1
20345,1,Mark-7,"Trondheim, Norway",Quectel_EC21,242,Norway,no,7,LTE CAT1
20381,1,Mark-7,"Trondheim, Norway",Quectel_EC21,242,Norway,no,7,LTE CAT1
20417,1,Mark-7,"Trondheim, Norway",Quectel_EC21,242,Norway,no,7,LTE CAT1
22317,1,Mark-7,"Trondheim, Norway",Quectel_EC21,242,Norway,no,7,LTE CAT1
22834,1,Mark-7,"Trondheim, Norway",Quectel_EC21,242,Norway,no,7,LTE CAT1
23012,1,Mark-7,"Trondheim, Norway",Quectel_EC21,242,Norway,no,7,LTE CAT1
23099,1,Mark-7,"Trondheim, Norway",Quectel_EC21,242,Norway,no,7,LTE CAT1
23100,1,Mark-7,"Trondheim, Norway",Quectel_EC21,242,Norway,no,7,LTE CAT1
23107,1,Mark-7,"Trondheim, Norway",Quectel_EC21,242,Norway,no,7,LTE CAT1
23268,1,Mark-7,"Trondheim, Norway",Quectel_EC21,242,Norway,no,7,LTE CAT1
23590,1,Mark-7,"Trondheim, Norway",Quectel_EC21,242,Norway,no,7,LTE CAT1
24804,1,Mark-7,"Trondheim, Norway",Quectel_BG96,242,Norway,no,8,LTE-M
24821,1,Mark-7,"Trondheim, Norway",Quectel_BG96,242,Norway,no,8,LTE-M
24828,1,Mark-7,"Trondheim, Norway",Quectel_BG96,242,Norway,no,8,LTE-M
24843,1,Mark-7,"Trondheim, Norway",Quectel_BG96,242,Norway,no,8,LTE-M
24858,1,Mark-7,"Trondheim, Norway",Quectel_BG96,242,Norway,no,8,LTE-M
24873,1,Mark-7,"Trondheim, Norway",Quectel_BG96,242,Norway,no,8,LTE-M
24888,1,Mark-7,"Trondheim, Norway",Quectel_BG96,242,Norway,no,8,LTE-M
24903,1,Mark-7,"Trondheim, Norway",Quectel_BG96,242,Norway,no,8,LTE-M
24918,1,Mark-7,"Trondheim, Norway",Quectel_BG96,242,Norway,no,8,LTE-M
24933,1,Mark-7,"Trondheim, Norway",Quectel_BG96,242,Norway,no,8,LTE-M
24948,1,Mark-7,"Trondheim, Norway",Quectel_BG96,242,Norway,no,8,LTE-M
24963,1,Mark-7,"Trondheim, Norway",Quectel_BG96,242,Norway,no,8,LTE-M
24978,1,Mark-7,"Trondheim, Norway",Quectel_BG96,242,Norway,no,8,LTE-M
24993,1,Mark-7,"Trondheim, Norway",Quectel_BG96,242,Norway,no,8,LTE-M
25010,1,Mark-7,"Trondheim, Norway",Quectel_BG96,242,Norway,no,8,LTE-M
25025,1,Mark-7,"Trondheim, Norway",Quectel_BG96,242,Norway,no,8,LTE-M
20101,1,Mark-10,"Zagreb, Croatia",Quectel_EC21,219,Croatia,hr,7,LTE CAT1
20137,1,Mark-10,"Zagreb, Croatia",Quectel_EC21,219,Croatia,hr,7,LTE CAT1
20245,1,Mark-10,"Zagreb, Croatia",Quectel_EC21,219,Croatia,hr,7,LTE CAT1
20425,1,Mark-10,"Zagreb, Croatia",Quectel_EC21,219,Croatia,hr,7,LTE CAT1
23194,1,Mark-5,"Milan, Italy",Quectel_EC21,222,Italy,it,2,3G
20313,1,Mark-7,"Trondheim, Norway",Quectel_EC21,242,Norway,no,0,2G
20349,1,Mark-7,"Trondheim, Norway",Quectel_EC21,242,Norway,no,0,2G
20188,1,Mark-1,"Würzburg, Germany",Quectel_EC21,262,Germany,de,7,LTE CAT1
20440,1,Mark-1,"Würzburg, Germany",Quectel_EC21,262,Germany,de,7,LTE CAT1
20533,1,Mark-6,"Munich, Germany",Quectel_BG96,262,Germany,de,0,2G
22810,1,Mark-6,"Munich, Germany",Quectel_EC21,262,Germany,de,7,LTE CAT1
20202,1,Mark-1,"Würzburg, Germany",Quectel_EC21,262,Germany,de,7,LTE CAT1
22815,1,Mark-6,"Munich, Germany",Quectel_EC21,262,Germany,de,7,LTE CAT1
23256,1,Mark-6,"Munich, Germany",Quectel_EC21,262,Germany,de,7,LTE CAT1
20616,1,Mark-10,"Zagreb, Croatia",Quectel_EC21,219,Croatia,hr,0,2G
20627,1,Mark-10,"Zagreb, Croatia",Quectel_EC21,219,Croatia,hr,7,LTE CAT1
20680,1,Mark-10,"Zagreb, Croatia",Quectel_EC21,219,Croatia,hr,0,2G
21026,1,Mark-10,"Zagreb, Croatia",Quectel_EC21,219,Croatia,hr,0,2G
21037,1,Mark-10,"Zagreb, Croatia",Quectel_EC21,219,Croatia,hr,7,LTE CAT1
21089,1,Mark-10,"Zagreb, Croatia",Quectel_EC21,219,Croatia,hr,0,2G
21152,1,Mark-10,"Zagreb, Croatia",Quectel_EC21,219,Croatia,hr,0,2G
21163,1,Mark-10,"Zagreb, Croatia",Quectel_EC21,219,Croatia,hr,7,LTE CAT1
21215,1,Mark-10,"Zagreb, Croatia",Quectel_EC21,219,Croatia,hr,0,2G
21226,1,Mark-10,"Zagreb, Croatia",Quectel_EC21,219,Croatia,hr,7,LTE CAT1
21278,1,Mark-10,"Zagreb, Croatia",Quectel_EC21,219,Croatia,hr,0,2G
21289,1,Mark-10,"Zagreb, Croatia",Quectel_EC21,219,Croatia,hr,7,LTE CAT1
21348,1,Mark-10,"Zagreb, Croatia",Quectel_EC21,219,Croatia,hr,0,2G
21359,1,Mark-10,"Zagreb, Croatia",Quectel_EC21,219,Croatia,hr,7,LTE CAT1
21411,1,Mark-10,"Zagreb, Croatia",Quectel_EC21,219,Croatia,hr,0,2G
21422,1,Mark-10,"Zagreb, Croatia",Quectel_EC21,219,Croatia,hr,7,LTE CAT1
21474,1,Mark-10,"Zagreb, Croatia",Quectel_EC21,219,Croatia,hr,0,2G
21537,1,Mark-10,"Zagreb, Croatia",Quectel_EC21,219,Croatia,hr,0,2G
21548,1,Mark-10,"Zagreb, Croatia",Quectel_EC21,219,Croatia,hr,7,LTE CAT1
21600,1,Mark-10,"Zagreb, Croatia",Quectel_EC21,219,Croatia,hr,0,2G
21611,1,Mark-10,"Zagreb, Croatia",Quectel_EC21,219,Croatia,hr,7,LTE CAT1
22341,1,Mark-10,"Zagreb, Croatia",Quectel_EC21,219,Croatia,hr,7,LTE CAT1
22861,1,Mark-10,"Zagreb, Croatia",Quectel_EC21,219,Croatia,hr,0,2G
22874,1,Mark-10,"Zagreb, Croatia",Quectel_EC21,219,Croatia,hr,7,LTE CAT1
23302,1,Mark-10,"Zagreb, Croatia",Quectel_EC21,219,Croatia,hr,0,2G
23315,1,Mark-10,"Zagreb, Croatia",Quectel_EC21,219,Croatia,hr,7,LTE CAT1
23365,1,Mark-10,"Zagreb, Croatia",Quectel_EC21,219,Croatia,hr,0,2G
23378,1,Mark-10,"Zagreb, Croatia",Quectel_EC21,219,Croatia,hr,7,LTE CAT1
23624,1,Mark-10,"Zagreb, Croatia",Quectel_EC21,219,Croatia,hr,0,2G
23637,1,Mark-10,"Zagreb, Croatia",Quectel_EC21,219,Croatia,hr,7,LTE CAT1
20610,1,Mark-10,"Zagreb, Croatia",Quectel_EC21,219,Croatia,hr,0,2G
20613,1,Mark-10,"Zagreb, Croatia",Quectel_BG96,219,Croatia,hr,0,2G
20617,1,Mark-10,"Zagreb, Croatia",Quectel_EC21,219,Croatia,hr,2,3G
20643,1,Mark-10,"Zagreb, Croatia",Quectel_EC21,219,Croatia,hr,7,LTE CAT1
20674,1,Mark-10,"Zagreb, Croatia",Quectel_EC21,219,Croatia,hr,0,2G
20677,1,Mark-10,"Zagreb, Croatia",Quectel_BG96,219,Croatia,hr,0,2G
20681,1,Mark-10,"Zagreb, Croatia",Quectel_EC21,219,Croatia,hr,2,3G
20707,1,Mark-10,"Zagreb, Croatia",Quectel_EC21,219,Croatia,hr,7,LTE CAT1
21020,1,Mark-10,"Zagreb, Croatia",Quectel_EC21,219,Croatia,hr,0,2G
21027,1,Mark-10,"Zagreb, Croatia",Quectel_EC21,219,Croatia,hr,2,3G
21053,1,Mark-10,"Zagreb, Croatia",Quectel_EC21,219,Croatia,hr,7,LTE CAT1
21083,1,Mark-10,"Zagreb, Croatia",Quectel_EC21,219,Croatia,hr,0,2G
21090,1,Mark-10,"Zagreb, Croatia",Quectel_EC21,219,Croatia,hr,2,3G
21116,1,Mark-10,"Zagreb, Croatia",Quectel_EC21,219,Croatia,hr,7,LTE CAT1
21146,1,Mark-10,"Zagreb, Croatia",Quectel_EC21,219,Croatia,hr,0,2G
21149,1,Mark-10,"Zagreb, Croatia",Quectel_BG96,219,Croatia,hr,0,2G
21153,1,Mark-10,"Zagreb, Croatia",Quectel_EC21,219,Croatia,hr,2,3G
21179,1,Mark-10,"Zagreb, Croatia",Quectel_EC21,219,Croatia,hr,7,LTE CAT1
21209,1,Mark-10,"Zagreb, Croatia",Quectel_EC21,219,Croatia,hr,0,2G
21212,1,Mark-10,"Zagreb, Croatia",Quectel_BG96,219,Croatia,hr,0,2G
21216,1,Mark-10,"Zagreb, Croatia",Quectel_EC21,219,Croatia,hr,2,3G
21242,1,Mark-10,"Zagreb, Croatia",Quectel_EC21,219,Croatia,hr,7,LTE CAT1
21272,1,Mark-10,"Zagreb, Croatia",Quectel_EC21,219,Croatia,hr,0,2G
21275,1,Mark-10,"Zagreb, Croatia",Quectel_BG96,219,Croatia,hr,0,2G
21279,1,Mark-10,"Zagreb, Croatia",Quectel_EC21,219,Croatia,hr,2,3G
21305,1,Mark-10,"Zagreb, Croatia",Quectel_EC21,219,Croatia,hr,7,LTE CAT1
21342,1,Mark-10,"Zagreb, Croatia",Quectel_EC21,219,Croatia,hr,0,2G
21345,1,Mark-10,"Zagreb, Croatia",Quectel_BG96,219,Croatia,hr,0,2G
21349,1,Mark-10,"Zagreb, Croatia",Quectel_EC21,219,Croatia,hr,2,3G
21375,1,Mark-10,"Zagreb, Croatia",Quectel_EC21,219,Croatia,hr,7,LTE CAT1
21405,1,Mark-10,"Zagreb, Croatia",Quectel_EC21,219,Croatia,hr,0,2G
21408,1,Mark-10,"Zagreb, Croatia",Quectel_BG96,219,Croatia,hr,0,2G
21412,1,Mark-10,"Zagreb, Croatia",Quectel_EC21,219,Croatia,hr,2,3G
21438,1,Mark-10,"Zagreb, Croatia",Quectel_EC21,219,Croatia,hr,7,LTE CAT1
21468,1,Mark-10,"Zagreb, Croatia",Quectel_EC21,219,Croatia,hr,0,2G
21471,1,Mark-10,"Zagreb, Croatia",Quectel_BG96,219,Croatia,hr,0,2G
21475,1,Mark-10,"Zagreb, Croatia",Quectel_EC21,219,Croatia,hr,2,3G
21501,1,Mark-10,"Zagreb, Croatia",Quectel_EC21,219,Croatia,hr,7,LTE CAT1
21531,1,Mark-10,"Zagreb, Croatia",Quectel_EC21,219,Croatia,hr,0,2G
21534,1,Mark-10,"Zagreb, Croatia",Quectel_BG96,219,Croatia,hr,0,2G
21538,1,Mark-10,"Zagreb, Croatia",Quectel_EC21,219,Croatia,hr,2,3G
21564,1,Mark-10,"Zagreb, Croatia",Quectel_EC21,219,Croatia,hr,7,LTE CAT1
21594,1,Mark-10,"Zagreb, Croatia",Quectel_EC21,219,Croatia,hr,0,2G
21597,1,Mark-10,"Zagreb, Croatia",Quectel_BG96,219,Croatia,hr,0,2G
21601,1,Mark-10,"Zagreb, Croatia",Quectel_EC21,219,Croatia,hr,2,3G
21627,1,Mark-10,"Zagreb, Croatia",Quectel_EC21,219,Croatia,hr,7,LTE CAT1
22855,1,Mark-10,"Zagreb, Croatia",Quectel_EC21,219,Croatia,hr,0,2G
22858,1,Mark-10,"Zagreb, Croatia",Quectel_BG96,219,Croatia,hr,0,2G
22862,1,Mark-10,"Zagreb, Croatia",Quectel_EC21,219,Croatia,hr,2,3G
22889,1,Mark-10,"Zagreb, Croatia",Quectel_EC21,219,Croatia,hr,7,LTE CAT1
23296,1,Mark-10,"Zagreb, Croatia",Quectel_EC21,219,Croatia,hr,0,2G
23299,1,Mark-10,"Zagreb, Croatia",Quectel_BG96,219,Croatia,hr,0,2G
23303,1,Mark-10,"Zagreb, Croatia",Quectel_EC21,219,Croatia,hr,2,3G
23330,1,Mark-10,"Zagreb, Croatia",Quectel_EC21,219,Croatia,hr,7,LTE CAT1
23359,1,Mark-10,"Zagreb, Croatia",Quectel_EC21,219,Croatia,hr,0,2G
23362,1,Mark-10,"Zagreb, Croatia",Quectel_BG96,219,Croatia,hr,0,2G
23366,1,Mark-10,"Zagreb, Croatia",Quectel_EC21,219,Croatia,hr,2,3G
23393,1,Mark-10,"Zagreb, Croatia",Quectel_EC21,219,Croatia,hr,7,LTE CAT1
23618,1,Mark-10,"Zagreb, Croatia",Quectel_EC21,219,Croatia,hr,0,2G
23621,1,Mark-10,"Zagreb, Croatia",Quectel_BG96,219,Croatia,hr,0,2G
23625,1,Mark-10,"Zagreb, Croatia",Quectel_EC21,219,Croatia,hr,2,3G
23652,1,Mark-10,"Zagreb, Croatia",Quectel_EC21,219,Croatia,hr,7,LTE CAT1
20602,1,Mark-10,"Zagreb, Croatia",Quectel_BG96,219,Croatia,hr,0,2G
20612,1,Mark-10,"Zagreb, Croatia",Quectel_EC21,219,Croatia,hr,7,LTE CAT1
20624,1,Mark-10,"Zagreb, Croatia",Quectel_EC21,219,Croatia,hr,2,3G
20635,1,Mark-10,"Zagreb, Croatia",Quectel_EC21,219,Croatia,hr,0,2G
20676,1,Mark-10,"Zagreb, Croatia",Quectel_EC21,219,Croatia,hr,7,LTE CAT1
20688,1,Mark-10,"Zagreb, Croatia",Quectel_EC21,219,Croatia,hr,2,3G
20699,1,Mark-10,"Zagreb, Croatia",Quectel_EC21,219,Croatia,hr,0,2G
20701,1,Mark-10,"Zagreb, Croatia",Quectel_BG96,219,Croatia,hr,8,LTE-M
21022,1,Mark-10,"Zagreb, Croatia",Quectel_EC21,219,Croatia,hr,7,LTE CAT1
21034,1,Mark-10,"Zagreb, Croatia",Quectel_EC21,219,Croatia,hr,2,3G
21045,1,Mark-10,"Zagreb, Croatia",Quectel_EC21,219,Croatia,hr,0,2G
21047,1,Mark-10,"Zagreb, Croatia",Quectel_BG96,219,Croatia,hr,8,LTE-M
21085,1,Mark-10,"Zagreb, Croatia",Quectel_EC21,219,Croatia,hr,7,LTE CAT1
21097,1,Mark-10,"Zagreb, Croatia",Quectel_EC21,219,Croatia,hr,2,3G
21108,1,Mark-10,"Zagreb, Croatia",Quectel_EC21,219,Croatia,hr,0,2G
21110,1,Mark-10,"Zagreb, Croatia",Quectel_BG96,219,Croatia,hr,8,LTE-M
21148,1,Mark-10,"Zagreb, Croatia",Quectel_EC21,219,Croatia,hr,7,LTE CAT1
21160,1,Mark-10,"Zagreb, Croatia",Quectel_EC21,219,Croatia,hr,2,3G
21171,1,Mark-10,"Zagreb, Croatia",Quectel_EC21,219,Croatia,hr,0,2G
21201,1,Mark-10,"Zagreb, Croatia",Quectel_BG96,219,Croatia,hr,0,2G
21211,1,Mark-10,"Zagreb, Croatia",Quectel_EC21,219,Croatia,hr,7,LTE CAT1
21223,1,Mark-10,"Zagreb, Croatia",Quectel_EC21,219,Croatia,hr,2,3G
21234,1,Mark-10,"Zagreb, Croatia",Quectel_EC21,219,Croatia,hr,0,2G
21264,1,Mark-10,"Zagreb, Croatia",Quectel_BG96,219,Croatia,hr,0,2G
21274,1,Mark-10,"Zagreb, Croatia",Quectel_EC21,219,Croatia,hr,7,LTE CAT1
21286,1,Mark-10,"Zagreb, Croatia",Quectel_EC21,219,Croatia,hr,2,3G
21297,1,Mark-10,"Zagreb, Croatia",Quectel_EC21,219,Croatia,hr,0,2G
21299,1,Mark-10,"Zagreb, Croatia",Quectel_BG96,219,Croatia,hr,8,LTE-M
21334,1,Mark-10,"Zagreb, Croatia",Quectel_BG96,219,Croatia,hr,0,2G
21344,1,Mark-10,"Zagreb, Croatia",Quectel_EC21,219,Croatia,hr,7,LTE CAT1
21356,1,Mark-10,"Zagreb, Croatia",Quectel_EC21,219,Croatia,hr,2,3G
21367,1,Mark-10,"Zagreb, Croatia",Quectel_EC21,219,Croatia,hr,0,2G
21397,1,Mark-10,"Zagreb, Croatia",Quectel_BG96,219,Croatia,hr,0,2G
21407,1,Mark-10,"Zagreb, Croatia",Quectel_EC21,219,Croatia,hr,7,LTE CAT1
21419,1,Mark-10,"Zagreb, Croatia",Quectel_EC21,219,Croatia,hr,2,3G
21430,1,Mark-10,"Zagreb, Croatia",Quectel_EC21,219,Croatia,hr,0,2G
21432,1,Mark-10,"Zagreb, Croatia",Quectel_BG96,219,Croatia,hr,8,LTE-M
21470,1,Mark-10,"Zagreb, Croatia",Quectel_EC21,219,Croatia,hr,7,LTE CAT1
21482,1,Mark-10,"Zagreb, Croatia",Quectel_EC21,219,Croatia,hr,2,3G
21493,1,Mark-10,"Zagreb, Croatia",Quectel_EC21,219,Croatia,hr,0,2G
21495,1,Mark-10,"Zagreb, Croatia",Quectel_BG96,219,Croatia,hr,8,LTE-M
21523,1,Mark-10,"Zagreb, Croatia",Quectel_BG96,219,Croatia,hr,0,2G
21533,1,Mark-10,"Zagreb, Croatia",Quectel_EC21,219,Croatia,hr,7,LTE CAT1
21543,1,Mark-10,"Zagreb, Croatia",Quectel_BG96,219,Croatia,hr,9,NB-IoT
21545,1,Mark-10,"Zagreb, Croatia",Quectel_EC21,219,Croatia,hr,2,3G
21556,1,Mark-10,"Zagreb, Croatia",Quectel_EC21,219,Croatia,hr,0,2G
21558,1,Mark-10,"Zagreb, Croatia",Quectel_BG96,219,Croatia,hr,8,LTE-M
21596,1,Mark-10,"Zagreb, Croatia",Quectel_EC21,219,Croatia,hr,7,LTE CAT1
21606,1,Mark-10,"Zagreb, Croatia",Quectel_BG96,219,Croatia,hr,9,NB-IoT
21608,1,Mark-10,"Zagreb, Croatia",Quectel_EC21,219,Croatia,hr,2,3G
21619,1,Mark-10,"Zagreb, Croatia",Quectel_EC21,219,Croatia,hr,0,2G
21621,1,Mark-10,"Zagreb, Croatia",Quectel_BG96,219,Croatia,hr,8,LTE-M
22331,1,Mark-10,"Zagreb, Croatia",Quectel_BG96,219,Croatia,hr,9,NB-IoT
22332,1,Mark-10,"Zagreb, Croatia",Quectel_BG96,219,Croatia,hr,9,NB-IoT
22333,1,Mark-10,"Zagreb, Croatia",Quectel_BG96,219,Croatia,hr,9,NB-IoT
22334,1,Mark-10,"Zagreb, Croatia",Quectel_BG96,219,Croatia,hr,9,NB-IoT
22335,1,Mark-10,"Zagreb, Croatia",Quectel_BG96,219,Croatia,hr,9,NB-IoT
22336,1,Mark-10,"Zagreb, Croatia",Quectel_BG96,219,Croatia,hr,9,NB-IoT
22337,1,Mark-10,"Zagreb, Croatia",Quectel_BG96,219,Croatia,hr,9,NB-IoT
22338,1,Mark-10,"Zagreb, Croatia",Quectel_BG96,219,Croatia,hr,9,NB-IoT
22339,1,Mark-10,"Zagreb, Croatia",Quectel_BG96,219,Croatia,hr,8,LTE-M
22342,1,Mark-10,"Zagreb, Croatia",Quectel_BG96,219,Croatia,hr,0,2G
22344,1,Mark-10,"Zagreb, Croatia",Quectel_BG96,219,Croatia,hr,0,2G
22367,1,Mark-10,"Zagreb, Croatia",Quectel_BG96,219,Croatia,hr,8,LTE-M
22368,1,Mark-10,"Zagreb, Croatia",Quectel_BG96,219,Croatia,hr,0,2G
22527,1,Mark-10,"Zagreb, Croatia",Quectel_BG96,219,Croatia,hr,0,2G
22857,1,Mark-10,"Zagreb, Croatia",Quectel_EC21,219,Croatia,hr,7,LTE CAT1
22868,1,Mark-10,"Zagreb, Croatia",Quectel_BG96,219,Croatia,hr,9,NB-IoT
22870,1,Mark-10,"Zagreb, Croatia",Quectel_EC21,219,Croatia,hr,2,3G
22881,1,Mark-10,"Zagreb, Croatia",Quectel_EC21,219,Croatia,hr,0,2G
23287,1,Mark-10,"Zagreb, Croatia",Quectel_BG96,219,Croatia,hr,0,2G
23298,1,Mark-10,"Zagreb, Croatia",Quectel_EC21,219,Croatia,hr,7,LTE CAT1
23309,1,Mark-10,"Zagreb, Croatia",Quectel_BG96,219,Croatia,hr,9,NB-IoT
23311,1,Mark-10,"Zagreb, Croatia",Quectel_EC21,219,Croatia,hr,2,3G
23322,1,Mark-10,"Zagreb, Croatia",Quectel_EC21,219,Croatia,hr,0,2G
23324,1,Mark-10,"Zagreb, Croatia",Quectel_BG96,219,Croatia,hr,8,LTE-M
23350,1,Mark-10,"Zagreb, Croatia",Quectel_BG96,219,Croatia,hr,0,2G
23361,1,Mark-10,"Zagreb, Croatia",Quectel_EC21,219,Croatia,hr,7,LTE CAT1
23372,1,Mark-10,"Zagreb, Croatia",Quectel_BG96,219,Croatia,hr,9,NB-IoT
23374,1,Mark-10,"Zagreb, Croatia",Quectel_EC21,219,Croatia,hr,2,3G
23385,1,Mark-10,"Zagreb, Croatia",Quectel_EC21,219,Croatia,hr,0,2G
23387,1,Mark-10,"Zagreb, Croatia",Quectel_BG96,219,Croatia,hr,8,LTE-M
23609,1,Mark-10,"Zagreb, Croatia",Quectel_BG96,219,Croatia,hr,0,2G
23620,1,Mark-10,"Zagreb, Croatia",Quectel_EC21,219,Croatia,hr,7,LTE CAT1
23631,1,Mark-10,"Zagreb, Croatia",Quectel_BG96,219,Croatia,hr,9,NB-IoT
23633,1,Mark-10,"Zagreb, Croatia",Quectel_EC21,219,Croatia,hr,2,3G
23644,1,Mark-10,"Zagreb, Croatia",Quectel_EC21,219,Croatia,hr,0,2G
23646,1,Mark-10,"Zagreb, Croatia",Quectel_BG96,219,Croatia,hr,8,LTE-M
20608,1,Mark-5,"Milan, Italy",Quectel_EC21,222,Italy,it,0,2G
20649,1,Mark-5,"Milan, Italy",Quectel_EC21,222,Italy,it,7,LTE CAT1
20670,1,Mark-5,"Milan, Italy",Quectel_BG96,222,Italy,it,0,2G
20713,1,Mark-5,"Milan, Italy",Quectel_EC21,222,Italy,it,7,LTE CAT1
21016,1,Mark-5,"Milan, Italy",Quectel_BG96,222,Italy,it,0,2G
21018,1,Mark-5,"Milan, Italy",Quectel_EC21,222,Italy,it,0,2G
21059,1,Mark-5,"Milan, Italy",Quectel_EC21,222,Italy,it,7,LTE CAT1
21079,1,Mark-5,"Milan, Italy",Quectel_BG96,222,Italy,it,0,2G
21122,1,Mark-5,"Milan, Italy",Quectel_EC21,222,Italy,it,7,LTE CAT1
21142,1,Mark-5,"Milan, Italy",Quectel_BG96,222,Italy,it,0,2G
21144,1,Mark-5,"Milan, Italy",Quectel_EC21,222,Italy,it,0,2G
21185,1,Mark-5,"Milan, Italy",Quectel_EC21,222,Italy,it,7,LTE CAT1
21205,1,Mark-5,"Milan, Italy",Quectel_BG96,222,Italy,it,0,2G
21207,1,Mark-5,"Milan, Italy",Quectel_EC21,222,Italy,it,0,2G
21248,1,Mark-5,"Milan, Italy",Quectel_EC21,222,Italy,it,7,LTE CAT1
21268,1,Mark-5,"Milan, Italy",Quectel_BG96,222,Italy,it,0,2G
21338,1,Mark-5,"Milan, Italy",Quectel_BG96,222,Italy,it,0,2G
21340,1,Mark-5,"Milan, Italy",Quectel_EC21,222,Italy,it,0,2G
21403,1,Mark-5,"Milan, Italy",Quectel_EC21,222,Italy,it,0,2G
21464,1,Mark-5,"Milan, Italy",Quectel_BG96,222,Italy,it,0,2G
21466,1,Mark-5,"Milan, Italy",Quectel_EC21,222,Italy,it,0,2G
21527,1,Mark-5,"Milan, Italy",Quectel_BG96,222,Italy,it,0,2G
21590,1,Mark-5,"Milan, Italy",Quectel_BG96,222,Italy,it,0,2G
21633,1,Mark-5,"Milan, Italy",Quectel_EC21,222,Italy,it,7,LTE CAT1
22328,1,Mark-5,"Milan, Italy",Quectel_EC21,222,Italy,it,7,LTE CAT1
22329,1,Mark-5,"Milan, Italy",Quectel_EC21,222,Italy,it,7,LTE CAT1
22330,1,Mark-5,"Milan, Italy",Quectel_EC21,222,Italy,it,7,LTE CAT1
22510,1,Mark-5,"Milan, Italy",Quectel_EC21,222,Italy,it,0,2G
22511,1,Mark-5,"Milan, Italy",Quectel_EC21,222,Italy,it,0,2G
22512,1,Mark-5,"Milan, Italy",Quectel_EC21,222,Italy,it,0,2G
22850,1,Mark-5,"Milan, Italy",Quectel_BG96,222,Italy,it,0,2G
22853,1,Mark-5,"Milan, Italy",Quectel_EC21,222,Italy,it,0,2G
22895,1,Mark-5,"Milan, Italy",Quectel_EC21,222,Italy,it,7,LTE CAT1
23291,1,Mark-5,"Milan, Italy",Quectel_BG96,222,Italy,it,0,2G
23294,1,Mark-5,"Milan, Italy",Quectel_EC21,222,Italy,it,0,2G
23336,1,Mark-5,"Milan, Italy",Quectel_EC21,222,Italy,it,7,LTE CAT1
23354,1,Mark-5,"Milan, Italy",Quectel_BG96,222,Italy,it,0,2G
23357,1,Mark-5,"Milan, Italy",Quectel_EC21,222,Italy,it,0,2G
23399,1,Mark-5,"Milan, Italy",Quectel_EC21,222,Italy,it,7,LTE CAT1
23613,1,Mark-5,"Milan, Italy",Quectel_BG96,222,Italy,it,0,2G
25036,1,Mark-5,"Milan, Italy",Quectel_BG96,222,Italy,it,9,NB-IoT
25037,1,Mark-5,"Milan, Italy",Quectel_BG96,222,Italy,it,9,NB-IoT
25038,1,Mark-5,"Milan, Italy",Quectel_BG96,222,Italy,it,9,NB-IoT
25039,1,Mark-5,"Milan, Italy",Quectel_BG96,222,Italy,it,9,NB-IoT
25040,1,Mark-5,"Milan, Italy",Quectel_BG96,222,Italy,it,9,NB-IoT
25041,1,Mark-5,"Milan, Italy",Quectel_BG96,222,Italy,it,9,NB-IoT
25042,1,Mark-5,"Milan, Italy",Quectel_BG96,222,Italy,it,9,NB-IoT
25043,1,Mark-5,"Milan, Italy",Quectel_BG96,222,Italy,it,9,NB-IoT
25044,1,Mark-5,"Milan, Italy",Quectel_BG96,222,Italy,it,9,NB-IoT
25045,1,Mark-5,"Milan, Italy",Quectel_BG96,222,Italy,it,9,NB-IoT
25046,1,Mark-5,"Milan, Italy",Quectel_BG96,222,Italy,it,9,NB-IoT
25047,1,Mark-5,"Milan, Italy",Quectel_BG96,222,Italy,it,9,NB-IoT
25048,1,Mark-5,"Milan, Italy",Quectel_BG96,222,Italy,it,9,NB-IoT
25049,1,Mark-5,"Milan, Italy",Quectel_BG96,222,Italy,it,9,NB-IoT
25050,1,Mark-5,"Milan, Italy",Quectel_BG96,222,Italy,it,9,NB-IoT
20590,1,Mark-5,"Milan, Italy",Quectel_EC21,222,Italy,it,0,2G
20621,1,Mark-5,"Milan, Italy",Quectel_BG96,222,Italy,it,0,2G
20639,1,Mark-5,"Milan, Italy",Quectel_EC21,222,Italy,it,7,LTE CAT1
20654,1,Mark-5,"Milan, Italy",Quectel_EC21,222,Italy,it,0,2G
20703,1,Mark-5,"Milan, Italy",Quectel_EC21,222,Italy,it,7,LTE CAT1
21001,1,Mark-5,"Milan, Italy",Quectel_EC21,222,Italy,it,0,2G
21049,1,Mark-5,"Milan, Italy",Quectel_EC21,222,Italy,it,7,LTE CAT1
21064,1,Mark-5,"Milan, Italy",Quectel_EC21,222,Italy,it,0,2G
21094,1,Mark-5,"Milan, Italy",Quectel_BG96,222,Italy,it,0,2G
21112,1,Mark-5,"Milan, Italy",Quectel_EC21,222,Italy,it,7,LTE CAT1
21127,1,Mark-5,"Milan, Italy",Quectel_EC21,222,Italy,it,0,2G
21175,1,Mark-5,"Milan, Italy",Quectel_EC21,222,Italy,it,7,LTE CAT1
21190,1,Mark-5,"Milan, Italy",Quectel_EC21,222,Italy,it,0,2G
21220,1,Mark-5,"Milan, Italy",Quectel_BG96,222,Italy,it,0,2G
21238,1,Mark-5,"Milan, Italy",Quectel_EC21,222,Italy,it,7,LTE CAT1
21253,1,Mark-5,"Milan, Italy",Quectel_EC21,222,Italy,it,0,2G
21283,1,Mark-5,"Milan, Italy",Quectel_BG96,222,Italy,it,0,2G
21301,1,Mark-5,"Milan, Italy",Quectel_EC21,222,Italy,it,7,LTE CAT1
21323,1,Mark-5,"Milan, Italy",Quectel_EC21,222,Italy,it,0,2G
21353,1,Mark-5,"Milan, Italy",Quectel_BG96,222,Italy,it,0,2G
21371,1,Mark-5,"Milan, Italy",Quectel_EC21,222,Italy,it,7,LTE CAT1
21386,1,Mark-5,"Milan, Italy",Quectel_EC21,222,Italy,it,0,2G
21416,1,Mark-5,"Milan, Italy",Quectel_BG96,222,Italy,it,0,2G
21425,1,Mark-5,"Milan, Italy",Quectel_BG96,222,Italy,it,9,NB-IoT
21434,1,Mark-5,"Milan, Italy",Quectel_EC21,222,Italy,it,7,LTE CAT1
21479,1,Mark-5,"Milan, Italy",Quectel_BG96,222,Italy,it,0,2G
21488,1,Mark-5,"Milan, Italy",Quectel_BG96,222,Italy,it,9,NB-IoT
21497,1,Mark-5,"Milan, Italy",Quectel_EC21,222,Italy,it,7,LTE CAT1
21512,1,Mark-5,"Milan, Italy",Quectel_EC21,222,Italy,it,0,2G
21542,1,Mark-5,"Milan, Italy",Quectel_BG96,222,Italy,it,0,2G
21551,1,Mark-5,"Milan, Italy",Quectel_BG96,222,Italy,it,9,NB-IoT
21560,1,Mark-5,"Milan, Italy",Quectel_EC21,222,Italy,it,7,LTE CAT1
21575,1,Mark-5,"Milan, Italy",Quectel_EC21,222,Italy,it,0,2G
21605,1,Mark-5,"Milan, Italy",Quectel_BG96,222,Italy,it,0,2G
21623,1,Mark-5,"Milan, Italy",Quectel_EC21,222,Italy,it,7,LTE CAT1
22360,1,Mark-5,"Milan, Italy",Quectel_BG96,222,Italy,it,9,NB-IoT
22363,1,Mark-5,"Milan, Italy",Quectel_BG96,222,Italy,it,9,NB-IoT
22364,1,Mark-5,"Milan, Italy",Quectel_BG96,222,Italy,it,9,NB-IoT
22366,1,Mark-5,"Milan, Italy",Quectel_BG96,222,Italy,it,9,NB-IoT
22515,1,Mark-5,"Milan, Italy",Quectel_BG96,222,Italy,it,0,2G
22516,1,Mark-5,"Milan, Italy",Quectel_BG96,222,Italy,it,9,NB-IoT
22837,1,Mark-5,"Milan, Italy",Quectel_EC21,222,Italy,it,0,2G
22867,1,Mark-5,"Milan, Italy",Quectel_BG96,222,Italy,it,0,2G
22885,1,Mark-5,"Milan, Italy",Quectel_EC21,222,Italy,it,7,LTE CAT1
23022,1,Mark-5,"Milan, Italy",Quectel_BG96,222,Italy,it,9,NB-IoT
23023,1,Mark-5,"Milan, Italy",Quectel_BG96,222,Italy,it,9,NB-IoT
23024,1,Mark-5,"Milan, Italy",Quectel_BG96,222,Italy,it,9,NB-IoT
23025,1,Mark-5,"Milan, Italy",Quectel_BG96,222,Italy,it,9,NB-IoT
23026,1,Mark-5,"Milan, Italy",Quectel_BG96,222,Italy,it,9,NB-IoT
23278,1,Mark-5,"Milan, Italy",Quectel_EC21,222,Italy,it,0,2G
23308,1,Mark-5,"Milan, Italy",Quectel_BG96,222,Italy,it,0,2G
23318,1,Mark-5,"Milan, Italy",Quectel_BG96,222,Italy,it,9,NB-IoT
23326,1,Mark-5,"Milan, Italy",Quectel_EC21,222,Italy,it,7,LTE CAT1
23341,1,Mark-5,"Milan, Italy",Quectel_EC21,222,Italy,it,0,2G
23389,1,Mark-5,"Milan, Italy",Quectel_EC21,222,Italy,it,7,LTE CAT1
23600,1,Mark-5,"Milan, Italy",Quectel_EC21,222,Italy,it,0,2G
23630,1,Mark-5,"Milan, Italy",Quectel_BG96,222,Italy,it,0,2G
23640,1,Mark-5,"Milan, Italy",Quectel_BG96,222,Italy,it,9,NB-IoT
23648,1,Mark-5,"Milan, Italy",Quectel_EC21,222,Italy,it,7,LTE CAT1
20589,1,Mark-5,"Milan, Italy",Quectel_EC21,222,Italy,it,2,3G
20620,1,Mark-5,"Milan, Italy",Quectel_EC21,222,Italy,it,7,LTE CAT1
20653,1,Mark-5,"Milan, Italy",Quectel_EC21,222,Italy,it,2,3G
20684,1,Mark-5,"Milan, Italy",Quectel_EC21,222,Italy,it,7,LTE CAT1
21000,1,Mark-5,"Milan, Italy",Quectel_EC21,222,Italy,it,2,3G
21030,1,Mark-5,"Milan, Italy",Quectel_EC21,222,Italy,it,7,LTE CAT1
21063,1,Mark-5,"Milan, Italy",Quectel_EC21,222,Italy,it,2,3G
21093,1,Mark-5,"Milan, Italy",Quectel_EC21,222,Italy,it,7,LTE CAT1
21126,1,Mark-5,"Milan, Italy",Quectel_EC21,222,Italy,it,2,3G
21156,1,Mark-5,"Milan, Italy",Quectel_EC21,222,Italy,it,7,LTE CAT1
21189,1,Mark-5,"Milan, Italy",Quectel_EC21,222,Italy,it,2,3G
21219,1,Mark-5,"Milan, Italy",Quectel_EC21,222,Italy,it,7,LTE CAT1
21252,1,Mark-5,"Milan, Italy",Quectel_EC21,222,Italy,it,2,3G
21282,1,Mark-5,"Milan, Italy",Quectel_EC21,222,Italy,it,7,LTE CAT1
21322,1,Mark-5,"Milan, Italy",Quectel_EC21,222,Italy,it,2,3G
21352,1,Mark-5,"Milan, Italy",Quectel_EC21,222,Italy,it,7,LTE CAT1
21385,1,Mark-5,"Milan, Italy",Quectel_EC21,222,Italy,it,2,3G
21415,1,Mark-5,"Milan, Italy",Quectel_EC21,222,Italy,it,7,LTE CAT1
21448,1,Mark-5,"Milan, Italy",Quectel_EC21,222,Italy,it,2,3G
21478,1,Mark-5,"Milan, Italy",Quectel_EC21,222,Italy,it,7,LTE CAT1
21511,1,Mark-5,"Milan, Italy",Quectel_EC21,222,Italy,it,2,3G
21541,1,Mark-5,"Milan, Italy",Quectel_EC21,222,Italy,it,7,LTE CAT1
21574,1,Mark-5,"Milan, Italy",Quectel_EC21,222,Italy,it,2,3G
21604,1,Mark-5,"Milan, Italy",Quectel_EC21,222,Italy,it,7,LTE CAT1
22836,1,Mark-5,"Milan, Italy",Quectel_EC21,222,Italy,it,2,3G
22865,1,Mark-5,"Milan, Italy",Quectel_EC21,222,Italy,it,7,LTE CAT1
23306,1,Mark-5,"Milan, Italy",Quectel_EC21,222,Italy,it,7,LTE CAT1
23369,1,Mark-5,"Milan, Italy",Quectel_EC21,222,Italy,it,7,LTE CAT1
23599,1,Mark-5,"Milan, Italy",Quectel_EC21,222,Italy,it,2,3G
23628,1,Mark-5,"Milan, Italy",Quectel_EC21,222,Italy,it,7,LTE CAT1
20605,1,Mark-5,"Milan, Italy",Quectel_EC21,222,Italy,it,2,3G
20623,1,Mark-5,"Milan, Italy",Quectel_EC21,222,Italy,it,7,LTE CAT1
20652,1,Mark-5,"Milan, Italy",Quectel_EC21,222,Italy,it,0,2G
20669,1,Mark-5,"Milan, Italy",Quectel_EC21,222,Italy,it,2,3G
20687,1,Mark-5,"Milan, Italy",Quectel_EC21,222,Italy,it,7,LTE CAT1
21015,1,Mark-5,"Milan, Italy",Quectel_EC21,222,Italy,it,2,3G
21033,1,Mark-5,"Milan, Italy",Quectel_EC21,222,Italy,it,7,LTE CAT1
21065,1,Mark-5,"Milan, Italy",Quectel_BG96,222,Italy,it,0,2G
21078,1,Mark-5,"Milan, Italy",Quectel_EC21,222,Italy,it,2,3G
21096,1,Mark-5,"Milan, Italy",Quectel_EC21,222,Italy,it,7,LTE CAT1
21125,1,Mark-5,"Milan, Italy",Quectel_EC21,222,Italy,it,0,2G
21128,1,Mark-5,"Milan, Italy",Quectel_BG96,222,Italy,it,0,2G
21141,1,Mark-5,"Milan, Italy",Quectel_EC21,222,Italy,it,2,3G
21159,1,Mark-5,"Milan, Italy",Quectel_EC21,222,Italy,it,7,LTE CAT1
21204,1,Mark-5,"Milan, Italy",Quectel_EC21,222,Italy,it,2,3G
21222,1,Mark-5,"Milan, Italy",Quectel_EC21,222,Italy,it,7,LTE CAT1
21251,1,Mark-5,"Milan, Italy",Quectel_EC21,222,Italy,it,0,2G
21267,1,Mark-5,"Milan, Italy",Quectel_EC21,222,Italy,it,2,3G
21285,1,Mark-5,"Milan, Italy",Quectel_EC21,222,Italy,it,7,LTE CAT1
21314,1,Mark-5,"Milan, Italy",Quectel_EC21,222,Italy,it,0,2G
21337,1,Mark-5,"Milan, Italy",Quectel_EC21,222,Italy,it,2,3G
21355,1,Mark-5,"Milan, Italy",Quectel_EC21,222,Italy,it,7,LTE CAT1
21384,1,Mark-5,"Milan, Italy",Quectel_EC21,222,Italy,it,0,2G
21400,1,Mark-5,"Milan, Italy",Quectel_EC21,222,Italy,it,2,3G
21418,1,Mark-5,"Milan, Italy",Quectel_EC21,222,Italy,it,7,LTE CAT1
21463,1,Mark-5,"Milan, Italy",Quectel_EC21,222,Italy,it,2,3G
21481,1,Mark-5,"Milan, Italy",Quectel_EC21,222,Italy,it,7,LTE CAT1
21510,1,Mark-5,"Milan, Italy",Quectel_EC21,222,Italy,it,0,2G
21526,1,Mark-5,"Milan, Italy",Quectel_EC21,222,Italy,it,2,3G
21544,1,Mark-5,"Milan, Italy",Quectel_EC21,222,Italy,it,7,LTE CAT1
21573,1,Mark-5,"Milan, Italy",Quectel_EC21,222,Italy,it,0,2G
21589,1,Mark-5,"Milan, Italy",Quectel_EC21,222,Italy,it,2,3G
21607,1,Mark-5,"Milan, Italy",Quectel_EC21,222,Italy,it,7,LTE CAT1
21636,1,Mark-5,"Milan, Italy",Quectel_EC21,222,Italy,it,0,2G
22513,1,Mark-5,"Milan, Italy",Quectel_EC21,222,Italy,it,0,2G
22514,1,Mark-5,"Milan, Italy",Quectel_EC21,222,Italy,it,0,2G
22524,1,Mark-5,"Milan, Italy",Quectel_BG96,222,Italy,it,0,2G
22849,1,Mark-5,"Milan, Italy",Quectel_EC21,222,Italy,it,2,3G
22869,1,Mark-5,"Milan, Italy",Quectel_EC21,222,Italy,it,7,LTE CAT1
22898,1,Mark-5,"Milan, Italy",Quectel_EC21,222,Italy,it,0,2G
23027,1,Mark-5,"Milan, Italy",Quectel_BG96,222,Italy,it,0,2G
23028,1,Mark-5,"Milan, Italy",Quectel_BG96,222,Italy,it,0,2G
23029,1,Mark-5,"Milan, Italy",Quectel_BG96,222,Italy,it,0,2G
23032,1,Mark-5,"Milan, Italy",Quectel_BG96,222,Italy,it,0,2G
23033,1,Mark-5,"Milan, Italy",Quectel_BG96,222,Italy,it,0,2G
23034,1,Mark-5,"Milan, Italy",Quectel_BG96,222,Italy,it,0,2G
23035,1,Mark-5,"Milan, Italy",Quectel_BG96,222,Italy,it,0,2G
23036,1,Mark-5,"Milan, Italy",Quectel_BG96,222,Italy,it,0,2G
23290,1,Mark-5,"Milan, Italy",Quectel_EC21,222,Italy,it,2,3G
23310,1,Mark-5,"Milan, Italy",Quectel_EC21,222,Italy,it,7,LTE CAT1
23373,1,Mark-5,"Milan, Italy",Quectel_EC21,222,Italy,it,7,LTE CAT1
23612,1,Mark-5,"Milan, Italy",Quectel_EC21,222,Italy,it,2,3G
23632,1,Mark-5,"Milan, Italy",Quectel_EC21,222,Italy,it,7,LTE CAT1
23661,1,Mark-5,"Milan, Italy",Quectel_EC21,222,Italy,it,0,2G
20629,1,Mark-7,"Trondheim, Norway",Quectel_EC21,242,Norway,no,0,2G
20682,1,Mark-7,"Trondheim, Norway",Quectel_EC21,242,Norway,no,7,LTE CAT1
20693,1,Mark-7,"Trondheim, Norway",Quectel_EC21,242,Norway,no,0,2G
21028,1,Mark-7,"Trondheim, Norway",Quectel_EC21,242,Norway,no,7,LTE CAT1
21039,1,Mark-7,"Trondheim, Norway",Quectel_EC21,242,Norway,no,0,2G
21102,1,Mark-7,"Trondheim, Norway",Quectel_EC21,242,Norway,no,0,2G
21154,1,Mark-7,"Trondheim, Norway",Quectel_EC21,242,Norway,no,7,LTE CAT1
21165,1,Mark-7,"Trondheim, Norway",Quectel_EC21,242,Norway,no,0,2G
21228,1,Mark-7,"Trondheim, Norway",Quectel_EC21,242,Norway,no,0,2G
21280,1,Mark-7,"Trondheim, Norway",Quectel_EC21,242,Norway,no,7,LTE CAT1
21291,1,Mark-7,"Trondheim, Norway",Quectel_EC21,242,Norway,no,0,2G
21350,1,Mark-7,"Trondheim, Norway",Quectel_EC21,242,Norway,no,7,LTE CAT1
21361,1,Mark-7,"Trondheim, Norway",Quectel_EC21,242,Norway,no,0,2G
21413,1,Mark-7,"Trondheim, Norway",Quectel_EC21,242,Norway,no,7,LTE CAT1
21424,1,Mark-7,"Trondheim, Norway",Quectel_EC21,242,Norway,no,0,2G
21476,1,Mark-7,"Trondheim, Norway",Quectel_EC21,242,Norway,no,7,LTE CAT1
21487,1,Mark-7,"Trondheim, Norway",Quectel_EC21,242,Norway,no,0,2G
21539,1,Mark-7,"Trondheim, Norway",Quectel_EC21,242,Norway,no,7,LTE CAT1
21550,1,Mark-7,"Trondheim, Norway",Quectel_EC21,242,Norway,no,0,2G
21602,1,Mark-7,"Trondheim, Norway",Quectel_EC21,242,Norway,no,7,LTE CAT1
21613,1,Mark-7,"Trondheim, Norway",Quectel_EC21,242,Norway,no,0,2G
22318,1,Mark-7,"Trondheim, Norway",Quectel_EC21,242,Norway,no,7,LTE CAT1
22863,1,Mark-7,"Trondheim, Norway",Quectel_EC21,242,Norway,no,7,LTE CAT1
22876,1,Mark-7,"Trondheim, Norway",Quectel_EC21,242,Norway,no,0,2G
23304,1,Mark-7,"Trondheim, Norway",Quectel_EC21,242,Norway,no,7,LTE CAT1
23317,1,Mark-7,"Trondheim, Norway",Quectel_EC21,242,Norway,no,0,2G
23367,1,Mark-7,"Trondheim, Norway",Quectel_EC21,242,Norway,no,7,LTE CAT1
23380,1,Mark-7,"Trondheim, Norway",Quectel_EC21,242,Norway,no,0,2G
23626,1,Mark-7,"Trondheim, Norway",Quectel_EC21,242,Norway,no,7,LTE CAT1
23639,1,Mark-7,"Trondheim, Norway",Quectel_EC21,242,Norway,no,0,2G
24250,1,Mark-7,"Trondheim, Norway",Quectel_EC21,242,Norway,no,7,LTE CAT1
24255,1,Mark-7,"Trondheim, Norway",Quectel_EC21,242,Norway,no,0,2G
24272,1,Mark-7,"Trondheim, Norway",Quectel_EC21,242,Norway,no,7,LTE CAT1
24277,1,Mark-7,"Trondheim, Norway",Quectel_EC21,242,Norway,no,0,2G
24829,1,Mark-7,"Trondheim, Norway",Quectel_BG96,242,Norway,no,9,NB-IoT
24836,1,Mark-7,"Trondheim, Norway",Quectel_BG96,242,Norway,no,8,LTE-M
24844,1,Mark-7,"Trondheim, Norway",Quectel_BG96,242,Norway,no,9,NB-IoT
24851,1,Mark-7,"Trondheim, Norway",Quectel_BG96,242,Norway,no,8,LTE-M
24859,1,Mark-7,"Trondheim, Norway",Quectel_BG96,242,Norway,no,9,NB-IoT
24866,1,Mark-7,"Trondheim, Norway",Quectel_BG96,242,Norway,no,8,LTE-M
24874,1,Mark-7,"Trondheim, Norway",Quectel_BG96,242,Norway,no,9,NB-IoT
24881,1,Mark-7,"Trondheim, Norway",Quectel_BG96,242,Norway,no,8,LTE-M
24889,1,Mark-7,"Trondheim, Norway",Quectel_BG96,242,Norway,no,9,NB-IoT
24896,1,Mark-7,"Trondheim, Norway",Quectel_BG96,242,Norway,no,8,LTE-M
24904,1,Mark-7,"Trondheim, Norway",Quectel_BG96,242,Norway,no,9,NB-IoT
24911,1,Mark-7,"Trondheim, Norway",Quectel_BG96,242,Norway,no,8,LTE-M
24919,1,Mark-7,"Trondheim, Norway",Quectel_BG96,242,Norway,no,9,NB-IoT
24926,1,Mark-7,"Trondheim, Norway",Quectel_BG96,242,Norway,no,8,LTE-M
24934,1,Mark-7,"Trondheim, Norway",Quectel_BG96,242,Norway,no,9,NB-IoT
24941,1,Mark-7,"Trondheim, Norway",Quectel_BG96,242,Norway,no,8,LTE-M
24949,1,Mark-7,"Trondheim, Norway",Quectel_BG96,242,Norway,no,9,NB-IoT
24956,1,Mark-7,"Trondheim, Norway",Quectel_BG96,242,Norway,no,8,LTE-M
24964,1,Mark-7,"Trondheim, Norway",Quectel_BG96,242,Norway,no,9,NB-IoT
24971,1,Mark-7,"Trondheim, Norway",Quectel_BG96,242,Norway,no,8,LTE-M
24979,1,Mark-7,"Trondheim, Norway",Quectel_BG96,242,Norway,no,9,NB-IoT
24986,1,Mark-7,"Trondheim, Norway",Quectel_BG96,242,Norway,no,8,LTE-M
24994,1,Mark-7,"Trondheim, Norway",Quectel_BG96,242,Norway,no,9,NB-IoT
25001,1,Mark-7,"Trondheim, Norway",Quectel_BG96,242,Norway,no,8,LTE-M
25011,1,Mark-7,"Trondheim, Norway",Quectel_BG96,242,Norway,no,9,NB-IoT
25018,1,Mark-7,"Trondheim, Norway",Quectel_BG96,242,Norway,no,8,LTE-M
25026,1,Mark-7,"Trondheim, Norway",Quectel_BG96,242,Norway,no,9,NB-IoT
25033,1,Mark-7,"Trondheim, Norway",Quectel_BG96,242,Norway,no,8,LTE-M
20625,1,Mark-7,"Trondheim, Norway",Quectel_EC21,242,Norway,no,7,LTE CAT1
20645,1,Mark-7,"Trondheim, Norway",Quectel_EC21,242,Norway,no,0,2G
20689,1,Mark-7,"Trondheim, Norway",Quectel_EC21,242,Norway,no,7,LTE CAT1
20709,1,Mark-7,"Trondheim, Norway",Quectel_EC21,242,Norway,no,0,2G
21035,1,Mark-7,"Trondheim, Norway",Quectel_EC21,242,Norway,no,7,LTE CAT1
21055,1,Mark-7,"Trondheim, Norway",Quectel_EC21,242,Norway,no,0,2G
21098,1,Mark-7,"Trondheim, Norway",Quectel_EC21,242,Norway,no,7,LTE CAT1
21118,1,Mark-7,"Trondheim, Norway",Quectel_EC21,242,Norway,no,0,2G
21161,1,Mark-7,"Trondheim, Norway",Quectel_EC21,242,Norway,no,7,LTE CAT1
21181,1,Mark-7,"Trondheim, Norway",Quectel_EC21,242,Norway,no,0,2G
21224,1,Mark-7,"Trondheim, Norway",Quectel_EC21,242,Norway,no,7,LTE CAT1
21244,1,Mark-7,"Trondheim, Norway",Quectel_EC21,242,Norway,no,0,2G
21287,1,Mark-7,"Trondheim, Norway",Quectel_EC21,242,Norway,no,7,LTE CAT1
21307,1,Mark-7,"Trondheim, Norway",Quectel_EC21,242,Norway,no,0,2G
21357,1,Mark-7,"Trondheim, Norway",Quectel_EC21,242,Norway,no,7,LTE CAT1
21377,1,Mark-7,"Trondheim, Norway",Quectel_EC21,242,Norway,no,0,2G
21420,1,Mark-7,"Trondheim, Norway",Quectel_EC21,242,Norway,no,7,LTE CAT1
21440,1,Mark-7,"Trondheim, Norway",Quectel_EC21,242,Norway,no,0,2G
21483,1,Mark-7,"Trondheim, Norway",Quectel_EC21,242,Norway,no,7,LTE CAT1
21503,1,Mark-7,"Trondheim, Norway",Quectel_EC21,242,Norway,no,0,2G
21546,1,Mark-7,"Trondheim, Norway",Quectel_EC21,242,Norway,no,7,LTE CAT1
21566,1,Mark-7,"Trondheim, Norway",Quectel_EC21,242,Norway,no,0,2G
21629,1,Mark-7,"Trondheim, Norway",Quectel_EC21,242,Norway,no,0,2G
22872,1,Mark-7,"Trondheim, Norway",Quectel_EC21,242,Norway,no,7,LTE CAT1
22891,1,Mark-7,"Trondheim, Norway",Quectel_EC21,242,Norway,no,0,2G
23313,1,Mark-7,"Trondheim, Norway",Quectel_EC21,242,Norway,no,7,LTE CAT1
23332,1,Mark-7,"Trondheim, Norway",Quectel_EC21,242,Norway,no,0,2G
23376,1,Mark-7,"Trondheim, Norway",Quectel_EC21,242,Norway,no,7,LTE CAT1
23395,1,Mark-7,"Trondheim, Norway",Quectel_EC21,242,Norway,no,0,2G
23635,1,Mark-7,"Trondheim, Norway",Quectel_EC21,242,Norway,no,7,LTE CAT1
23654,1,Mark-7,"Trondheim, Norway",Quectel_EC21,242,Norway,no,0,2G
24824,1,Mark-7,"Trondheim, Norway",Quectel_BG96,242,Norway,no,0,2G
24833,1,Mark-7,"Trondheim, Norway",Quectel_BG96,242,Norway,no,8,LTE-M
24839,1,Mark-7,"Trondheim, Norway",Quectel_BG96,242,Norway,no,0,2G
24863,1,Mark-7,"Trondheim, Norway",Quectel_BG96,242,Norway,no,8,LTE-M
24899,1,Mark-7,"Trondheim, Norway",Quectel_BG96,242,Norway,no,0,2G
24908,1,Mark-7,"Trondheim, Norway",Quectel_BG96,242,Norway,no,8,LTE-M
24929,1,Mark-7,"Trondheim, Norway",Quectel_BG96,242,Norway,no,0,2G
24944,1,Mark-7,"Trondheim, Norway",Quectel_BG96,242,Norway,no,0,2G
24959,1,Mark-7,"Trondheim, Norway",Quectel_BG96,242,Norway,no,0,2G
24968,1,Mark-7,"Trondheim, Norway",Quectel_BG96,242,Norway,no,8,LTE-M
24974,1,Mark-7,"Trondheim, Norway",Quectel_BG96,242,Norway,no,0,2G
25006,1,Mark-7,"Trondheim, Norway",Quectel_BG96,242,Norway,no,0,2G
25121,1,Mark-7,"Trondheim, Norway",Quectel_BG96,242,Norway,no,8,LTE-M
25122,1,Mark-7,"Trondheim, Norway",Quectel_BG96,242,Norway,no,8,LTE-M
25123,1,Mark-7,"Trondheim, Norway",Quectel_BG96,242,Norway,no,8,LTE-M
25124,1,Mark-7,"Trondheim, Norway",Quectel_BG96,242,Norway,no,8,LTE-M
25125,1,Mark-7,"Trondheim, Norway",Quectel_BG96,242,Norway,no,8,LTE-M
25136,1,Mark-7,"Trondheim, Norway",Quectel_BG96,242,Norway,no,8,LTE-M
25137,1,Mark-7,"Trondheim, Norway",Quectel_BG96,242,Norway,no,8,LTE-M
25138,1,Mark-7,"Trondheim, Norway",Quectel_BG96,242,Norway,no,8,LTE-M
25139,1,Mark-7,"Trondheim, Norway",Quectel_BG96,242,Norway,no,8,LTE-M
25140,1,Mark-7,"Trondheim, Norway",Quectel_BG96,242,Norway,no,8,LTE-M
25151,1,Mark-7,"Trondheim, Norway",Quectel_BG96,242,Norway,no,8,LTE-M
25152,1,Mark-7,"Trondheim, Norway",Quectel_BG96,242,Norway,no,8,LTE-M
25153,1,Mark-7,"Trondheim, Norway",Quectel_BG96,242,Norway,no,8,LTE-M
25154,1,Mark-7,"Trondheim, Norway",Quectel_BG96,242,Norway,no,8,LTE-M
25155,1,Mark-7,"Trondheim, Norway",Quectel_BG96,242,Norway,no,8,LTE-M
24540,1,Mark-1,"Würzburg, Germany",Quectel_EC21,262,Germany,de,7,LTE CAT1
24541,1,Mark-1,"Würzburg, Germany",Quectel_BG96,262,Germany,de,8,LTE-M
24548,1,Mark-1,"Würzburg, Germany",Quectel_EC21,262,Germany,de,0,2G
24554,1,Mark-1,"Würzburg, Germany",Quectel_BG96,262,Germany,de,0,2G
24556,1,Mark-1,"Würzburg, Germany",Quectel_EC21,262,Germany,de,7,LTE CAT1
24557,1,Mark-1,"Würzburg, Germany",Quectel_BG96,262,Germany,de,8,LTE-M
24564,1,Mark-1,"Würzburg, Germany",Quectel_EC21,262,Germany,de,0,2G
24570,1,Mark-1,"Würzburg, Germany",Quectel_BG96,262,Germany,de,0,2G
24572,1,Mark-1,"Würzburg, Germany",Quectel_EC21,262,Germany,de,7,LTE CAT1
24580,1,Mark-1,"Würzburg, Germany",Quectel_EC21,262,Germany,de,0,2G
24586,1,Mark-1,"Würzburg, Germany",Quectel_BG96,262,Germany,de,0,2G
24588,1,Mark-1,"Würzburg, Germany",Quectel_EC21,262,Germany,de,7,LTE CAT1
24589,1,Mark-1,"Würzburg, Germany",Quectel_BG96,262,Germany,de,8,LTE-M
24602,1,Mark-1,"Würzburg, Germany",Quectel_BG96,262,Germany,de,0,2G
24604,1,Mark-1,"Würzburg, Germany",Quectel_EC21,262,Germany,de,7,LTE CAT1
24605,1,Mark-1,"Würzburg, Germany",Quectel_BG96,262,Germany,de,8,LTE-M
24612,1,Mark-1,"Würzburg, Germany",Quectel_EC21,262,Germany,de,0,2G
24618,1,Mark-1,"Würzburg, Germany",Quectel_BG96,262,Germany,de,0,2G
24620,1,Mark-1,"Würzburg, Germany",Quectel_EC21,262,Germany,de,7,LTE CAT1
24621,1,Mark-1,"Würzburg, Germany",Quectel_BG96,262,Germany,de,8,LTE-M
24628,1,Mark-1,"Würzburg, Germany",Quectel_EC21,262,Germany,de,0,2G
24634,1,Mark-1,"Würzburg, Germany",Quectel_BG96,262,Germany,de,0,2G
24636,1,Mark-1,"Würzburg, Germany",Quectel_EC21,262,Germany,de,7,LTE CAT1
24637,1,Mark-1,"Würzburg, Germany",Quectel_BG96,262,Germany,de,8,LTE-M
24644,1,Mark-1,"Würzburg, Germany",Quectel_EC21,262,Germany,de,0,2G
24650,1,Mark-1,"Würzburg, Germany",Quectel_BG96,262,Germany,de,0,2G
24652,1,Mark-1,"Würzburg, Germany",Quectel_EC21,262,Germany,de,7,LTE CAT1
24653,1,Mark-1,"Würzburg, Germany",Quectel_BG96,262,Germany,de,8,LTE-M
24660,1,Mark-1,"Würzburg, Germany",Quectel_EC21,262,Germany,de,0,2G
24666,1,Mark-1,"Würzburg, Germany",Quectel_BG96,262,Germany,de,0,2G
24668,1,Mark-1,"Würzburg, Germany",Quectel_EC21,262,Germany,de,7,LTE CAT1
24669,1,Mark-1,"Würzburg, Germany",Quectel_BG96,262,Germany,de,8,LTE-M
24676,1,Mark-1,"Würzburg, Germany",Quectel_EC21,262,Germany,de,0,2G
24682,1,Mark-1,"Würzburg, Germany",Quectel_BG96,262,Germany,de,0,2G
24684,1,Mark-1,"Würzburg, Germany",Quectel_EC21,262,Germany,de,7,LTE CAT1
24685,1,Mark-1,"Würzburg, Germany",Quectel_BG96,262,Germany,de,8,LTE-M
24692,1,Mark-1,"Würzburg, Germany",Quectel_EC21,262,Germany,de,0,2G
24698,1,Mark-1,"Würzburg, Germany",Quectel_BG96,262,Germany,de,0,2G
25106,1,Mark-1,"Würzburg, Germany",Quectel_BG96,262,Germany,de,8,LTE-M
25107,1,Mark-1,"Würzburg, Germany",Quectel_BG96,262,Germany,de,8,LTE-M
25108,1,Mark-1,"Würzburg, Germany",Quectel_BG96,262,Germany,de,8,LTE-M
25109,1,Mark-1,"Würzburg, Germany",Quectel_BG96,262,Germany,de,8,LTE-M
25110,1,Mark-1,"Würzburg, Germany",Quectel_BG96,262,Germany,de,8,LTE-M
20614,1,Mark-1,"Würzburg, Germany",Quectel_BG96,262,Germany,de,0,2G
20615,1,Mark-1,"Würzburg, Germany",Quectel_EC21,262,Germany,de,0,2G
20638,1,Mark-1,"Würzburg, Germany",Quectel_EC21,262,Germany,de,7,LTE CAT1
20678,1,Mark-1,"Würzburg, Germany",Quectel_BG96,262,Germany,de,0,2G
20679,1,Mark-1,"Würzburg, Germany",Quectel_EC21,262,Germany,de,0,2G
20702,1,Mark-1,"Würzburg, Germany",Quectel_EC21,262,Germany,de,7,LTE CAT1
21025,1,Mark-1,"Würzburg, Germany",Quectel_EC21,262,Germany,de,0,2G
21048,1,Mark-1,"Würzburg, Germany",Quectel_EC21,262,Germany,de,7,LTE CAT1
21087,1,Mark-1,"Würzburg, Germany",Quectel_BG96,262,Germany,de,0,2G
21088,1,Mark-1,"Würzburg, Germany",Quectel_EC21,262,Germany,de,0,2G
21111,1,Mark-1,"Würzburg, Germany",Quectel_EC21,262,Germany,de,7,LTE CAT1
21151,1,Mark-1,"Würzburg, Germany",Quectel_EC21,262,Germany,de,0,2G
21174,1,Mark-1,"Würzburg, Germany",Quectel_EC21,262,Germany,de,7,LTE CAT1
21214,1,Mark-1,"Würzburg, Germany",Quectel_EC21,262,Germany,de,0,2G
21237,1,Mark-1,"Würzburg, Germany",Quectel_EC21,262,Germany,de,7,LTE CAT1
21250,1,Mark-1,"Würzburg, Germany",Quectel_BG96,262,Germany,de,9,NB-IoT
21276,1,Mark-1,"Würzburg, Germany",Quectel_BG96,262,Germany,de,0,2G
21277,1,Mark-1,"Würzburg, Germany",Quectel_EC21,262,Germany,de,0,2G
21300,1,Mark-1,"Würzburg, Germany",Quectel_EC21,262,Germany,de,7,LTE CAT1
21313,1,Mark-1,"Würzburg, Germany",Quectel_BG96,262,Germany,de,9,NB-IoT
21347,1,Mark-1,"Würzburg, Germany",Quectel_EC21,262,Germany,de,0,2G
21370,1,Mark-1,"Würzburg, Germany",Quectel_EC21,262,Germany,de,7,LTE CAT1
21383,1,Mark-1,"Würzburg, Germany",Quectel_BG96,262,Germany,de,9,NB-IoT
21409,1,Mark-1,"Würzburg, Germany",Quectel_BG96,262,Germany,de,0,2G
21410,1,Mark-1,"Würzburg, Germany",Quectel_EC21,262,Germany,de,0,2G
21433,1,Mark-1,"Würzburg, Germany",Quectel_EC21,262,Germany,de,7,LTE CAT1
21446,1,Mark-1,"Würzburg, Germany",Quectel_BG96,262,Germany,de,9,NB-IoT
21472,1,Mark-1,"Würzburg, Germany",Quectel_BG96,262,Germany,de,0,2G
21473,1,Mark-1,"Würzburg, Germany",Quectel_EC21,262,Germany,de,0,2G
21496,1,Mark-1,"Würzburg, Germany",Quectel_EC21,262,Germany,de,7,LTE CAT1
21509,1,Mark-1,"Würzburg, Germany",Quectel_BG96,262,Germany,de,9,NB-IoT
21535,1,Mark-1,"Würzburg, Germany",Quectel_BG96,262,Germany,de,0,2G
21536,1,Mark-1,"Würzburg, Germany",Quectel_EC21,262,Germany,de,0,2G
21559,1,Mark-1,"Würzburg, Germany",Quectel_EC21,262,Germany,de,7,LTE CAT1
21599,1,Mark-1,"Würzburg, Germany",Quectel_EC21,262,Germany,de,0,2G
21622,1,Mark-1,"Würzburg, Germany",Quectel_EC21,262,Germany,de,7,LTE CAT1
21635,1,Mark-1,"Würzburg, Germany",Quectel_BG96,262,Germany,de,9,NB-IoT
22370,1,Mark-2,"Würzburg, Germany",Quectel_BG96,262,Germany,de,8,LTE-M
22371,1,Mark-2,"Würzburg, Germany",Quectel_BG96,262,Germany,de,8,LTE-M
22372,1,Mark-2,"Würzburg, Germany",Quectel_BG96,262,Germany,de,8,LTE-M
22373,1,Mark-2,"Würzburg, Germany",Quectel_BG96,262,Germany,de,8,LTE-M
22374,1,Mark-2,"Würzburg, Germany",Quectel_BG96,262,Germany,de,8,LTE-M
22375,1,Mark-2,"Würzburg, Germany",Quectel_BG96,262,Germany,de,8,LTE-M
22376,1,Mark-2,"Würzburg, Germany",Quectel_BG96,262,Germany,de,8,LTE-M
22377,1,Mark-2,"Würzburg, Germany",Quectel_BG96,262,Germany,de,8,LTE-M
22378,1,Mark-2,"Würzburg, Germany",Quectel_BG96,262,Germany,de,8,LTE-M
22379,1,Mark-2,"Würzburg, Germany",Quectel_BG96,262,Germany,de,8,LTE-M
22548,1,Mark-1,"Würzburg, Germany",Quectel_BG96,262,Germany,de,0,2G
22549,1,Mark-1,"Würzburg, Germany",Quectel_BG96,262,Germany,de,0,2G
22550,1,Mark-1,"Würzburg, Germany",Quectel_BG96,262,Germany,de,0,2G
22551,1,Mark-1,"Würzburg, Germany",Quectel_BG96,262,Germany,de,9,NB-IoT
22553,1,Mark-1,"Würzburg, Germany",Quectel_BG96,262,Germany,de,9,NB-IoT
22554,1,Mark-1,"Würzburg, Germany",Quectel_BG96,262,Germany,de,9,NB-IoT
22859,1,Mark-1,"Würzburg, Germany",Quectel_BG96,262,Germany,de,0,2G
22860,1,Mark-1,"Würzburg, Germany",Quectel_EC21,262,Germany,de,0,2G
22884,1,Mark-1,"Würzburg, Germany",Quectel_EC21,262,Germany,de,7,LTE CAT1
22897,1,Mark-1,"Würzburg, Germany",Quectel_BG96,262,Germany,de,9,NB-IoT
23301,1,Mark-1,"Würzburg, Germany",Quectel_EC21,262,Germany,de,0,2G
23325,1,Mark-1,"Würzburg, Germany",Quectel_EC21,262,Germany,de,7,LTE CAT1
23338,1,Mark-1,"Würzburg, Germany",Quectel_BG96,262,Germany,de,9,NB-IoT
23364,1,Mark-1,"Würzburg, Germany",Quectel_EC21,262,Germany,de,0,2G
23388,1,Mark-1,"Würzburg, Germany",Quectel_EC21,262,Germany,de,7,LTE CAT1
23401,1,Mark-1,"Würzburg, Germany",Quectel_BG96,262,Germany,de,9,NB-IoT
23623,1,Mark-1,"Würzburg, Germany",Quectel_EC21,262,Germany,de,0,2G
23647,1,Mark-1,"Würzburg, Germany",Quectel_EC21,262,Germany,de,7,LTE CAT1
23660,1,Mark-1,"Würzburg, Germany",Quectel_BG96,262,Germany,de,9,NB-IoT
20609,1,Mark-1,"Würzburg, Germany",Quectel_BG96,262,Germany,de,8,LTE-M
20619,1,Mark-1,"Würzburg, Germany",Quectel_EC21,262,Germany,de,7,LTE CAT1
20640,1,Mark-1,"Würzburg, Germany",Quectel_EC21,262,Germany,de,0,2G
20673,1,Mark-1,"Würzburg, Germany",Quectel_BG96,262,Germany,de,8,LTE-M
20683,1,Mark-1,"Würzburg, Germany",Quectel_EC21,262,Germany,de,7,LTE CAT1
20704,1,Mark-1,"Würzburg, Germany",Quectel_EC21,262,Germany,de,0,2G
21019,1,Mark-1,"Würzburg, Germany",Quectel_BG96,262,Germany,de,8,LTE-M
21029,1,Mark-1,"Würzburg, Germany",Quectel_EC21,262,Germany,de,7,LTE CAT1
21050,1,Mark-1,"Würzburg, Germany",Quectel_EC21,262,Germany,de,0,2G
21082,1,Mark-1,"Würzburg, Germany",Quectel_BG96,262,Germany,de,8,LTE-M
21092,1,Mark-1,"Würzburg, Germany",Quectel_EC21,262,Germany,de,7,LTE CAT1
21113,1,Mark-1,"Würzburg, Germany",Quectel_EC21,262,Germany,de,0,2G
21136,1,Mark-1,"Würzburg, Germany",Quectel_BG96,262,Germany,de,0,2G
21145,1,Mark-1,"Würzburg, Germany",Quectel_BG96,262,Germany,de,8,LTE-M
21155,1,Mark-1,"Würzburg, Germany",Quectel_EC21,262,Germany,de,7,LTE CAT1
21176,1,Mark-1,"Würzburg, Germany",Quectel_EC21,262,Germany,de,0,2G
21199,1,Mark-1,"Würzburg, Germany",Quectel_BG96,262,Germany,de,0,2G
21208,1,Mark-1,"Würzburg, Germany",Quectel_BG96,262,Germany,de,8,LTE-M
21218,1,Mark-1,"Würzburg, Germany",Quectel_EC21,262,Germany,de,7,LTE CAT1
21239,1,Mark-1,"Würzburg, Germany",Quectel_EC21,262,Germany,de,0,2G
21271,1,Mark-1,"Würzburg, Germany",Quectel_BG96,262,Germany,de,8,LTE-M
21281,1,Mark-1,"Würzburg, Germany",Quectel_EC21,262,Germany,de,7,LTE CAT1
21295,1,Mark-1,"Würzburg, Germany",Quectel_BG96,262,Germany,de,9,NB-IoT
21302,1,Mark-1,"Würzburg, Germany",Quectel_EC21,262,Germany,de,0,2G
21341,1,Mark-1,"Würzburg, Germany",Quectel_BG96,262,Germany,de,8,LTE-M
21351,1,Mark-1,"Würzburg, Germany",Quectel_EC21,262,Germany,de,7,LTE CAT1
21365,1,Mark-1,"Würzburg, Germany",Quectel_BG96,262,Germany,de,9,NB-IoT
21372,1,Mark-1,"Würzburg, Germany",Quectel_EC21,262,Germany,de,0,2G
21404,1,Mark-1,"Würzburg, Germany",Quectel_BG96,262,Germany,de,8,LTE-M
21414,1,Mark-1,"Würzburg, Germany",Quectel_EC21,262,Germany,de,7,LTE CAT1
21428,1,Mark-1,"Würzburg, Germany",Quectel_BG96,262,Germany,de,9,NB-IoT
21435,1,Mark-1,"Würzburg, Germany",Quectel_EC21,262,Germany,de,0,2G
21458,1,Mark-1,"Würzburg, Germany",Quectel_BG96,262,Germany,de,0,2G
21467,1,Mark-1,"Würzburg, Germany",Quectel_BG96,262,Germany,de,8,LTE-M
21477,1,Mark-1,"Würzburg, Germany",Quectel_EC21,262,Germany,de,7,LTE CAT1
21491,1,Mark-1,"Würzburg, Germany",Quectel_BG96,262,Germany,de,9,NB-IoT
21498,1,Mark-1,"Würzburg, Germany",Quectel_EC21,262,Germany,de,0,2G
21530,1,Mark-1,"Würzburg, Germany",Quectel_BG96,262,Germany,de,8,LTE-M
21540,1,Mark-1,"Würzburg, Germany",Quectel_EC21,262,Germany,de,7,LTE CAT1
21561,1,Mark-1,"Würzburg, Germany",Quectel_EC21,262,Germany,de,0,2G
21593,1,Mark-1,"Würzburg, Germany",Quectel_BG96,262,Germany,de,8,LTE-M
21603,1,Mark-1,"Würzburg, Germany",Quectel_EC21,262,Germany,de,7,LTE CAT1
21617,1,Mark-1,"Würzburg, Germany",Quectel_BG96,262,Germany,de,9,NB-IoT
21624,1,Mark-1,"Würzburg, Germany",Quectel_EC21,262,Germany,de,0,2G
22555,1,Mark-1,"Würzburg, Germany",Quectel_BG96,262,Germany,de,0,2G
22558,1,Mark-1,"Würzburg, Germany",Quectel_BG96,262,Germany,de,0,2G
22559,1,Mark-1,"Würzburg, Germany",Quectel_BG96,262,Germany,de,0,2G
22562,1,Mark-1,"Würzburg, Germany",Quectel_BG96,262,Germany,de,9,NB-IoT
22563,1,Mark-1,"Würzburg, Germany",Quectel_BG96,262,Germany,de,9,NB-IoT
22564,1,Mark-1,"Würzburg, Germany",Quectel_BG96,262,Germany,de,9,NB-IoT
22566,1,Mark-1,"Würzburg, Germany",Quectel_BG96,262,Germany,de,9,NB-IoT
22864,1,Mark-1,"Würzburg, Germany",Quectel_EC21,262,Germany,de,7,LTE CAT1
22886,1,Mark-1,"Würzburg, Germany",Quectel_EC21,262,Germany,de,0,2G
23052,1,Mark-1,"Würzburg, Germany",Quectel_BG96,262,Germany,de,0,2G
23053,1,Mark-1,"Würzburg, Germany",Quectel_BG96,262,Germany,de,0,2G
23056,1,Mark-1,"Würzburg, Germany",Quectel_BG96,262,Germany,de,9,NB-IoT
23057,1,Mark-1,"Würzburg, Germany",Quectel_BG96,262,Germany,de,9,NB-IoT
23285,1,Mark-1,"Würzburg, Germany",Quectel_BG96,262,Germany,de,0,2G
23295,1,Mark-1,"Würzburg, Germany",Quectel_BG96,262,Germany,de,8,LTE-M
23305,1,Mark-1,"Würzburg, Germany",Quectel_EC21,262,Germany,de,7,LTE CAT1
23320,1,Mark-1,"Würzburg, Germany",Quectel_BG96,262,Germany,de,9,NB-IoT
23327,1,Mark-1,"Würzburg, Germany",Quectel_EC21,262,Germany,de,0,2G
23348,1,Mark-1,"Würzburg, Germany",Quectel_BG96,262,Germany,de,0,2G
23358,1,Mark-1,"Würzburg, Germany",Quectel_BG96,262,Germany,de,8,LTE-M
23368,1,Mark-1,"Würzburg, Germany",Quectel_EC21,262,Germany,de,7,LTE CAT1
23383,1,Mark-1,"Würzburg, Germany",Quectel_BG96,262,Germany,de,9,NB-IoT
23390,1,Mark-1,"Würzburg, Germany",Quectel_EC21,262,Germany,de,0,2G
23607,1,Mark-1,"Würzburg, Germany",Quectel_BG96,262,Germany,de,0,2G
23617,1,Mark-1,"Würzburg, Germany",Quectel_BG96,262,Germany,de,8,LTE-M
23627,1,Mark-1,"Würzburg, Germany",Quectel_EC21,262,Germany,de,7,LTE CAT1
23642,1,Mark-1,"Würzburg, Germany",Quectel_BG96,262,Germany,de,9,NB-IoT
23649,1,Mark-1,"Würzburg, Germany",Quectel_EC21,262,Germany,de,0,2G
21653,1,Mark-10,"Zagreb, Croatia",Quectel_EC21,219,Croatia,hr,7,LTE CAT1
21698,1,Mark-10,"Zagreb, Croatia",Quectel_EC21,219,Croatia,hr,0,2G
21717,1,Mark-10,"Zagreb, Croatia",Quectel_EC21,219,Croatia,hr,7,LTE CAT1
21762,1,Mark-10,"Zagreb, Croatia",Quectel_EC21,219,Croatia,hr,0,2G
21781,1,Mark-10,"Zagreb, Croatia",Quectel_EC21,219,Croatia,hr,7,LTE CAT1
21826,1,Mark-10,"Zagreb, Croatia",Quectel_EC21,219,Croatia,hr,0,2G
21845,1,Mark-10,"Zagreb, Croatia",Quectel_EC21,219,Croatia,hr,7,LTE CAT1
21973,1,Mark-10,"Zagreb, Croatia",Quectel_EC21,219,Croatia,hr,7,LTE CAT1
22018,1,Mark-10,"Zagreb, Croatia",Quectel_EC21,219,Croatia,hr,0,2G
22037,1,Mark-10,"Zagreb, Croatia",Quectel_EC21,219,Croatia,hr,7,LTE CAT1
22082,1,Mark-10,"Zagreb, Croatia",Quectel_EC21,219,Croatia,hr,0,2G
22146,1,Mark-10,"Zagreb, Croatia",Quectel_EC21,219,Croatia,hr,0,2G
22165,1,Mark-10,"Zagreb, Croatia",Quectel_EC21,219,Croatia,hr,7,LTE CAT1
22210,1,Mark-10,"Zagreb, Croatia",Quectel_EC21,219,Croatia,hr,0,2G
22274,1,Mark-10,"Zagreb, Croatia",Quectel_EC21,219,Croatia,hr,0,2G
22610,1,Mark-10,"Zagreb, Croatia",Quectel_EC21,219,Croatia,hr,0,2G
22611,1,Mark-10,"Zagreb, Croatia",Quectel_EC21,219,Croatia,hr,0,2G
22612,1,Mark-10,"Zagreb, Croatia",Quectel_EC21,219,Croatia,hr,7,LTE CAT1
22613,1,Mark-10,"Zagreb, Croatia",Quectel_EC21,219,Croatia,hr,7,LTE CAT1
22614,1,Mark-10,"Zagreb, Croatia",Quectel_EC21,219,Croatia,hr,7,LTE CAT1
22901,1,Mark-10,"Zagreb, Croatia",Quectel_EC21,219,Croatia,hr,7,LTE CAT1
23405,1,Mark-10,"Zagreb, Croatia",Quectel_EC21,219,Croatia,hr,7,LTE CAT1
23450,1,Mark-10,"Zagreb, Croatia",Quectel_EC21,219,Croatia,hr,0,2G
23468,1,Mark-10,"Zagreb, Croatia",Quectel_EC21,219,Croatia,hr,7,LTE CAT1
23513,1,Mark-10,"Zagreb, Croatia",Quectel_EC21,219,Croatia,hr,0,2G
23664,1,Mark-10,"Zagreb, Croatia",Quectel_EC21,219,Croatia,hr,7,LTE CAT1
23709,1,Mark-10,"Zagreb, Croatia",Quectel_EC21,219,Croatia,hr,0,2G
23752,1,Mark-10,"Zagreb, Croatia",Quectel_EC21,219,Croatia,hr,7,LTE CAT1
23797,1,Mark-10,"Zagreb, Croatia",Quectel_EC21,219,Croatia,hr,0,2G
24112,1,Mark-10,"Zagreb, Croatia",Quectel_EC21,219,Croatia,hr,7,LTE CAT1
24176,1,Mark-10,"Zagreb, Croatia",Quectel_EC21,219,Croatia,hr,7,LTE CAT1
24221,1,Mark-10,"Zagreb, Croatia",Quectel_EC21,219,Croatia,hr,0,2G
21652,1,Mark-10,"Zagreb, Croatia",Quectel_EC21,219,Croatia,hr,7,LTE CAT1
21703,1,Mark-10,"Zagreb, Croatia",Quectel_EC21,219,Croatia,hr,0,2G
21704,1,Mark-10,"Zagreb, Croatia",Quectel_EC21,219,Croatia,hr,2,3G
21716,1,Mark-10,"Zagreb, Croatia",Quectel_EC21,219,Croatia,hr,7,LTE CAT1
21767,1,Mark-10,"Zagreb, Croatia",Quectel_EC21,219,Croatia,hr,0,2G
21768,1,Mark-10,"Zagreb, Croatia",Quectel_EC21,219,Croatia,hr,2,3G
21780,1,Mark-10,"Zagreb, Croatia",Quectel_EC21,219,Croatia,hr,7,LTE CAT1
21831,1,Mark-10,"Zagreb, Croatia",Quectel_EC21,219,Croatia,hr,0,2G
21832,1,Mark-10,"Zagreb, Croatia",Quectel_EC21,219,Croatia,hr,2,3G
21844,1,Mark-10,"Zagreb, Croatia",Quectel_EC21,219,Croatia,hr,7,LTE CAT1
21848,1,Mark-10,"Zagreb, Croatia",Quectel_BG96,219,Croatia,hr,0,2G
21895,1,Mark-10,"Zagreb, Croatia",Quectel_EC21,219,Croatia,hr,0,2G
21896,1,Mark-10,"Zagreb, Croatia",Quectel_EC21,219,Croatia,hr,2,3G
21908,1,Mark-10,"Zagreb, Croatia",Quectel_EC21,219,Croatia,hr,7,LTE CAT1
21959,1,Mark-10,"Zagreb, Croatia",Quectel_EC21,219,Croatia,hr,0,2G
21960,1,Mark-10,"Zagreb, Croatia",Quectel_EC21,219,Croatia,hr,2,3G
21972,1,Mark-10,"Zagreb, Croatia",Quectel_EC21,219,Croatia,hr,7,LTE CAT1
21976,1,Mark-10,"Zagreb, Croatia",Quectel_BG96,219,Croatia,hr,0,2G
22023,1,Mark-10,"Zagreb, Croatia",Quectel_EC21,219,Croatia,hr,0,2G
22024,1,Mark-10,"Zagreb, Croatia",Quectel_EC21,219,Croatia,hr,2,3G
22036,1,Mark-10,"Zagreb, Croatia",Quectel_EC21,219,Croatia,hr,7,LTE CAT1
22087,1,Mark-10,"Zagreb, Croatia",Quectel_EC21,219,Croatia,hr,0,2G
22088,1,Mark-10,"Zagreb, Croatia",Quectel_EC21,219,Croatia,hr,2,3G
22100,1,Mark-10,"Zagreb, Croatia",Quectel_EC21,219,Croatia,hr,7,LTE CAT1
22104,1,Mark-10,"Zagreb, Croatia",Quectel_BG96,219,Croatia,hr,0,2G
22151,1,Mark-10,"Zagreb, Croatia",Quectel_EC21,219,Croatia,hr,0,2G
22152,1,Mark-10,"Zagreb, Croatia",Quectel_EC21,219,Croatia,hr,2,3G
22164,1,Mark-10,"Zagreb, Croatia",Quectel_EC21,219,Croatia,hr,7,LTE CAT1
22168,1,Mark-10,"Zagreb, Croatia",Quectel_BG96,219,Croatia,hr,0,2G
22215,1,Mark-10,"Zagreb, Croatia",Quectel_EC21,219,Croatia,hr,0,2G
22216,1,Mark-10,"Zagreb, Croatia",Quectel_EC21,219,Croatia,hr,2,3G
22228,1,Mark-10,"Zagreb, Croatia",Quectel_EC21,219,Croatia,hr,7,LTE CAT1
22232,1,Mark-10,"Zagreb, Croatia",Quectel_BG96,219,Croatia,hr,0,2G
22279,1,Mark-10,"Zagreb, Croatia",Quectel_EC21,219,Croatia,hr,0,2G
22280,1,Mark-10,"Zagreb, Croatia",Quectel_EC21,219,Croatia,hr,2,3G
22625,1,Mark-10,"Zagreb, Croatia",Quectel_BG96,219,Croatia,hr,0,2G
22626,1,Mark-10,"Zagreb, Croatia",Quectel_BG96,219,Croatia,hr,0,2G
22627,1,Mark-10,"Zagreb, Croatia",Quectel_BG96,219,Croatia,hr,0,2G
22628,1,Mark-10,"Zagreb, Croatia",Quectel_BG96,219,Croatia,hr,0,2G
22629,1,Mark-10,"Zagreb, Croatia",Quectel_BG96,219,Croatia,hr,0,2G
22900,1,Mark-10,"Zagreb, Croatia",Quectel_EC21,219,Croatia,hr,7,LTE CAT1
22904,1,Mark-10,"Zagreb, Croatia",Quectel_BG96,219,Croatia,hr,0,2G
22950,1,Mark-10,"Zagreb, Croatia",Quectel_EC21,219,Croatia,hr,0,2G
22951,1,Mark-10,"Zagreb, Croatia",Quectel_EC21,219,Croatia,hr,2,3G
23404,1,Mark-10,"Zagreb, Croatia",Quectel_EC21,219,Croatia,hr,7,LTE CAT1
23408,1,Mark-10,"Zagreb, Croatia",Quectel_BG96,219,Croatia,hr,0,2G
23467,1,Mark-10,"Zagreb, Croatia",Quectel_EC21,219,Croatia,hr,7,LTE CAT1
23471,1,Mark-10,"Zagreb, Croatia",Quectel_BG96,219,Croatia,hr,0,2G
23663,1,Mark-10,"Zagreb, Croatia",Quectel_EC21,219,Croatia,hr,7,LTE CAT1
23667,1,Mark-10,"Zagreb, Croatia",Quectel_BG96,219,Croatia,hr,0,2G
23713,1,Mark-10,"Zagreb, Croatia",Quectel_EC21,219,Croatia,hr,0,2G
23714,1,Mark-10,"Zagreb, Croatia",Quectel_EC21,219,Croatia,hr,2,3G
23751,1,Mark-10,"Zagreb, Croatia",Quectel_EC21,219,Croatia,hr,7,LTE CAT1
23755,1,Mark-10,"Zagreb, Croatia",Quectel_BG96,219,Croatia,hr,0,2G
23801,1,Mark-10,"Zagreb, Croatia",Quectel_EC21,219,Croatia,hr,0,2G
23802,1,Mark-10,"Zagreb, Croatia",Quectel_EC21,219,Croatia,hr,2,3G
24111,1,Mark-10,"Zagreb, Croatia",Quectel_EC21,219,Croatia,hr,7,LTE CAT1
24162,1,Mark-10,"Zagreb, Croatia",Quectel_EC21,219,Croatia,hr,0,2G
24163,1,Mark-10,"Zagreb, Croatia",Quectel_EC21,219,Croatia,hr,2,3G
24175,1,Mark-10,"Zagreb, Croatia",Quectel_EC21,219,Croatia,hr,7,LTE CAT1
24179,1,Mark-10,"Zagreb, Croatia",Quectel_BG96,219,Croatia,hr,0,2G
24226,1,Mark-10,"Zagreb, Croatia",Quectel_EC21,219,Croatia,hr,0,2G
24227,1,Mark-10,"Zagreb, Croatia",Quectel_EC21,219,Croatia,hr,2,3G
21657,1,Mark-10,"Zagreb, Croatia",Quectel_EC21,219,Croatia,hr,2,3G
21673,1,Mark-10,"Zagreb, Croatia",Quectel_BG96,219,Croatia,hr,9,NB-IoT
21682,1,Mark-10,"Zagreb, Croatia",Quectel_BG96,219,Croatia,hr,0,2G
21706,1,Mark-10,"Zagreb, Croatia",Quectel_EC21,219,Croatia,hr,7,LTE CAT1
21707,1,Mark-10,"Zagreb, Croatia",Quectel_EC21,219,Croatia,hr,0,2G
21721,1,Mark-10,"Zagreb, Croatia",Quectel_EC21,219,Croatia,hr,2,3G
21737,1,Mark-10,"Zagreb, Croatia",Quectel_BG96,219,Croatia,hr,9,NB-IoT
21770,1,Mark-10,"Zagreb, Croatia",Quectel_EC21,219,Croatia,hr,7,LTE CAT1
21771,1,Mark-10,"Zagreb, Croatia",Quectel_EC21,219,Croatia,hr,0,2G
21785,1,Mark-10,"Zagreb, Croatia",Quectel_EC21,219,Croatia,hr,2,3G
21801,1,Mark-10,"Zagreb, Croatia",Quectel_BG96,219,Croatia,hr,9,NB-IoT
21834,1,Mark-10,"Zagreb, Croatia",Quectel_EC21,219,Croatia,hr,7,LTE CAT1
21835,1,Mark-10,"Zagreb, Croatia",Quectel_EC21,219,Croatia,hr,0,2G
21849,1,Mark-10,"Zagreb, Croatia",Quectel_EC21,219,Croatia,hr,2,3G
21865,1,Mark-10,"Zagreb, Croatia",Quectel_BG96,219,Croatia,hr,9,NB-IoT
21874,1,Mark-10,"Zagreb, Croatia",Quectel_BG96,219,Croatia,hr,0,2G
21887,1,Mark-10,"Zagreb, Croatia",Quectel_BG96,219,Croatia,hr,8,LTE-M
21898,1,Mark-10,"Zagreb, Croatia",Quectel_EC21,219,Croatia,hr,7,LTE CAT1
21899,1,Mark-10,"Zagreb, Croatia",Quectel_EC21,219,Croatia,hr,0,2G
21913,1,Mark-10,"Zagreb, Croatia",Quectel_EC21,219,Croatia,hr,2,3G
21929,1,Mark-10,"Zagreb, Croatia",Quectel_BG96,219,Croatia,hr,9,NB-IoT
21951,1,Mark-10,"Zagreb, Croatia",Quectel_BG96,219,Croatia,hr,8,LTE-M
21962,1,Mark-10,"Zagreb, Croatia",Quectel_EC21,219,Croatia,hr,7,LTE CAT1
21963,1,Mark-10,"Zagreb, Croatia",Quectel_EC21,219,Croatia,hr,0,2G
21977,1,Mark-10,"Zagreb, Croatia",Quectel_EC21,219,Croatia,hr,2,3G
21993,1,Mark-10,"Zagreb, Croatia",Quectel_BG96,219,Croatia,hr,9,NB-IoT
22015,1,Mark-10,"Zagreb, Croatia",Quectel_BG96,219,Croatia,hr,8,LTE-M
22026,1,Mark-10,"Zagreb, Croatia",Quectel_EC21,219,Croatia,hr,7,LTE CAT1
22027,1,Mark-10,"Zagreb, Croatia",Quectel_EC21,219,Croatia,hr,0,2G
22041,1,Mark-10,"Zagreb, Croatia",Quectel_EC21,219,Croatia,hr,2,3G
22057,1,Mark-10,"Zagreb, Croatia",Quectel_BG96,219,Croatia,hr,9,NB-IoT
22079,1,Mark-10,"Zagreb, Croatia",Quectel_BG96,219,Croatia,hr,8,LTE-M
22090,1,Mark-10,"Zagreb, Croatia",Quectel_EC21,219,Croatia,hr,7,LTE CAT1
22091,1,Mark-10,"Zagreb, Croatia",Quectel_EC21,219,Croatia,hr,0,2G
22105,1,Mark-10,"Zagreb, Croatia",Quectel_EC21,219,Croatia,hr,2,3G
22121,1,Mark-10,"Zagreb, Croatia",Quectel_BG96,219,Croatia,hr,9,NB-IoT
22130,1,Mark-10,"Zagreb, Croatia",Quectel_BG96,219,Croatia,hr,0,2G
22143,1,Mark-10,"Zagreb, Croatia",Quectel_BG96,219,Croatia,hr,8,LTE-M
22154,1,Mark-10,"Zagreb, Croatia",Quectel_EC21,219,Croatia,hr,7,LTE CAT1
22155,1,Mark-10,"Zagreb, Croatia",Quectel_EC21,219,Croatia,hr,0,2G
22169,1,Mark-10,"Zagreb, Croatia",Quectel_EC21,219,Croatia,hr,2,3G
22185,1,Mark-10,"Zagreb, Croatia",Quectel_BG96,219,Croatia,hr,9,NB-IoT
22194,1,Mark-10,"Zagreb, Croatia",Quectel_BG96,219,Croatia,hr,0,2G
22218,1,Mark-10,"Zagreb, Croatia",Quectel_EC21,219,Croatia,hr,7,LTE CAT1
22219,1,Mark-10,"Zagreb, Croatia",Quectel_EC21,219,Croatia,hr,0,2G
22233,1,Mark-10,"Zagreb, Croatia",Quectel_EC21,219,Croatia,hr,2,3G
22249,1,Mark-10,"Zagreb, Croatia",Quectel_BG96,219,Croatia,hr,9,NB-IoT
22258,1,Mark-10,"Zagreb, Croatia",Quectel_BG96,219,Croatia,hr,0,2G
22271,1,Mark-10,"Zagreb, Croatia",Quectel_BG96,219,Croatia,hr,8,LTE-M
22282,1,Mark-10,"Zagreb, Croatia",Quectel_EC21,219,Croatia,hr,7,LTE CAT1
22283,1,Mark-10,"Zagreb, Croatia",Quectel_EC21,219,Croatia,hr,0,2G
22630,1,Mark-10,"Zagreb, Croatia",Quectel_BG96,219,Croatia,hr,0,2G
22631,1,Mark-10,"Zagreb, Croatia",Quectel_BG96,219,Croatia,hr,0,2G
22632,1,Mark-10,"Zagreb, Croatia",Quectel_BG96,219,Croatia,hr,0,2G
22634,1,Mark-10,"Zagreb, Croatia",Quectel_BG96,219,Croatia,hr,0,2G
22635,1,Mark-10,"Zagreb, Croatia",Quectel_BG96,219,Croatia,hr,8,LTE-M
22636,1,Mark-10,"Zagreb, Croatia",Quectel_BG96,219,Croatia,hr,8,LTE-M
22637,1,Mark-10,"Zagreb, Croatia",Quectel_BG96,219,Croatia,hr,8,LTE-M
22638,1,Mark-10,"Zagreb, Croatia",Quectel_BG96,219,Croatia,hr,8,LTE-M
22905,1,Mark-10,"Zagreb, Croatia",Quectel_EC21,219,Croatia,hr,2,3G
22920,1,Mark-10,"Zagreb, Croatia",Quectel_BG96,219,Croatia,hr,9,NB-IoT
22942,1,Mark-10,"Zagreb, Croatia",Quectel_BG96,219,Croatia,hr,8,LTE-M
22953,1,Mark-10,"Zagreb, Croatia",Quectel_EC21,219,Croatia,hr,7,LTE CAT1
22954,1,Mark-10,"Zagreb, Croatia",Quectel_EC21,219,Croatia,hr,0,2G
23063,1,Mark-10,"Zagreb, Croatia",Quectel_BG96,219,Croatia,hr,0,2G
23064,1,Mark-10,"Zagreb, Croatia",Quectel_BG96,219,Croatia,hr,0,2G
23065,1,Mark-10,"Zagreb, Croatia",Quectel_BG96,219,Croatia,hr,0,2G
23409,1,Mark-10,"Zagreb, Croatia",Quectel_EC21,219,Croatia,hr,2,3G
23424,1,Mark-10,"Zagreb, Croatia",Quectel_BG96,219,Croatia,hr,9,NB-IoT
23434,1,Mark-10,"Zagreb, Croatia",Quectel_BG96,219,Croatia,hr,0,2G
23446,1,Mark-10,"Zagreb, Croatia",Quectel_BG96,219,Croatia,hr,8,LTE-M
23457,1,Mark-10,"Zagreb, Croatia",Quectel_EC21,219,Croatia,hr,7,LTE CAT1
23458,1,Mark-10,"Zagreb, Croatia",Quectel_EC21,219,Croatia,hr,0,2G
23472,1,Mark-10,"Zagreb, Croatia",Quectel_EC21,219,Croatia,hr,2,3G
23487,1,Mark-10,"Zagreb, Croatia",Quectel_BG96,219,Croatia,hr,9,NB-IoT
23509,1,Mark-10,"Zagreb, Croatia",Quectel_BG96,219,Croatia,hr,8,LTE-M
23520,1,Mark-10,"Zagreb, Croatia",Quectel_EC21,219,Croatia,hr,7,LTE CAT1
23521,1,Mark-10,"Zagreb, Croatia",Quectel_EC21,219,Croatia,hr,0,2G
23668,1,Mark-10,"Zagreb, Croatia",Quectel_EC21,219,Croatia,hr,2,3G
23683,1,Mark-10,"Zagreb, Croatia",Quectel_BG96,219,Croatia,hr,9,NB-IoT
23705,1,Mark-10,"Zagreb, Croatia",Quectel_BG96,219,Croatia,hr,8,LTE-M
23716,1,Mark-10,"Zagreb, Croatia",Quectel_EC21,219,Croatia,hr,7,LTE CAT1
23717,1,Mark-10,"Zagreb, Croatia",Quectel_EC21,219,Croatia,hr,0,2G
23756,1,Mark-10,"Zagreb, Croatia",Quectel_EC21,219,Croatia,hr,2,3G
23771,1,Mark-10,"Zagreb, Croatia",Quectel_BG96,219,Croatia,hr,9,NB-IoT
23781,1,Mark-10,"Zagreb, Croatia",Quectel_BG96,219,Croatia,hr,0,2G
23804,1,Mark-10,"Zagreb, Croatia",Quectel_EC21,219,Croatia,hr,7,LTE CAT1
23805,1,Mark-10,"Zagreb, Croatia",Quectel_EC21,219,Croatia,hr,0,2G
24116,1,Mark-10,"Zagreb, Croatia",Quectel_EC21,219,Croatia,hr,2,3G
24131,1,Mark-10,"Zagreb, Croatia",Quectel_BG96,219,Croatia,hr,9,NB-IoT
24140,1,Mark-10,"Zagreb, Croatia",Quectel_BG96,219,Croatia,hr,0,2G
24154,1,Mark-10,"Zagreb, Croatia",Quectel_BG96,219,Croatia,hr,8,LTE-M
24165,1,Mark-10,"Zagreb, Croatia",Quectel_EC21,219,Croatia,hr,7,LTE CAT1
24166,1,Mark-10,"Zagreb, Croatia",Quectel_EC21,219,Croatia,hr,0,2G
24180,1,Mark-10,"Zagreb, Croatia",Quectel_EC21,219,Croatia,hr,2,3G
24195,1,Mark-10,"Zagreb, Croatia",Quectel_BG96,219,Croatia,hr,9,NB-IoT
24204,1,Mark-10,"Zagreb, Croatia",Quectel_BG96,219,Croatia,hr,0,2G
24218,1,Mark-10,"Zagreb, Croatia",Quectel_BG96,219,Croatia,hr,8,LTE-M
24229,1,Mark-10,"Zagreb, Croatia",Quectel_EC21,219,Croatia,hr,7,LTE CAT1
24230,1,Mark-10,"Zagreb, Croatia",Quectel_EC21,219,Croatia,hr,0,2G
21687,1,Mark-5,"Milan, Italy",Quectel_EC21,222,Italy,it,0,2G
21741,1,Mark-5,"Milan, Italy",Quectel_BG96,222,Italy,it,0,2G
21751,1,Mark-5,"Milan, Italy",Quectel_EC21,222,Italy,it,0,2G
21761,1,Mark-5,"Milan, Italy",Quectel_EC21,222,Italy,it,7,LTE CAT1
21805,1,Mark-5,"Milan, Italy",Quectel_BG96,222,Italy,it,0,2G
21815,1,Mark-5,"Milan, Italy",Quectel_EC21,222,Italy,it,0,2G
21825,1,Mark-5,"Milan, Italy",Quectel_EC21,222,Italy,it,7,LTE CAT1
21869,1,Mark-5,"Milan, Italy",Quectel_BG96,222,Italy,it,0,2G
21879,1,Mark-5,"Milan, Italy",Quectel_EC21,222,Italy,it,0,2G
21943,1,Mark-5,"Milan, Italy",Quectel_EC21,222,Italy,it,0,2G
21953,1,Mark-5,"Milan, Italy",Quectel_EC21,222,Italy,it,7,LTE CAT1
22007,1,Mark-5,"Milan, Italy",Quectel_EC21,222,Italy,it,0,2G
22071,1,Mark-5,"Milan, Italy",Quectel_EC21,222,Italy,it,0,2G
22135,1,Mark-5,"Milan, Italy",Quectel_EC21,222,Italy,it,0,2G
22145,1,Mark-5,"Milan, Italy",Quectel_EC21,222,Italy,it,7,LTE CAT1
22199,1,Mark-5,"Milan, Italy",Quectel_EC21,222,Italy,it,0,2G
22209,1,Mark-5,"Milan, Italy",Quectel_EC21,222,Italy,it,7,LTE CAT1
22253,1,Mark-5,"Milan, Italy",Quectel_BG96,222,Italy,it,0,2G
22263,1,Mark-5,"Milan, Italy",Quectel_EC21,222,Italy,it,0,2G
22639,1,Mark-5,"Milan, Italy",Quectel_EC21,222,Italy,it,7,LTE CAT1
22640,1,Mark-5,"Milan, Italy",Quectel_EC21,222,Italy,it,7,LTE CAT1
22642,1,Mark-5,"Milan, Italy",Quectel_EC21,222,Italy,it,7,LTE CAT1
22645,1,Mark-5,"Milan, Italy",Quectel_BG96,222,Italy,it,0,2G
22646,1,Mark-5,"Milan, Italy",Quectel_BG96,222,Italy,it,0,2G
22647,1,Mark-5,"Milan, Italy",Quectel_BG96,222,Italy,it,0,2G
22648,1,Mark-5,"Milan, Italy",Quectel_BG96,222,Italy,it,0,2G
22649,1,Mark-5,"Milan, Italy",Quectel_BG96,222,Italy,it,0,2G
22650,1,Mark-5,"Milan, Italy",Quectel_BG96,222,Italy,it,0,2G
22936,1,Mark-5,"Milan, Italy",Quectel_EC21,222,Italy,it,0,2G
22944,1,Mark-5,"Milan, Italy",Quectel_EC21,222,Italy,it,7,LTE CAT1
23428,1,Mark-5,"Milan, Italy",Quectel_BG96,222,Italy,it,0,2G
23440,1,Mark-5,"Milan, Italy",Quectel_EC21,222,Italy,it,0,2G
23448,1,Mark-5,"Milan, Italy",Quectel_EC21,222,Italy,it,7,LTE CAT1
23491,1,Mark-5,"Milan, Italy",Quectel_BG96,222,Italy,it,0,2G
23503,1,Mark-5,"Milan, Italy",Quectel_EC21,222,Italy,it,0,2G
23511,1,Mark-5,"Milan, Italy",Quectel_EC21,222,Italy,it,7,LTE CAT1
23699,1,Mark-5,"Milan, Italy",Quectel_EC21,222,Italy,it,0,2G
23707,1,Mark-5,"Milan, Italy",Quectel_EC21,222,Italy,it,7,LTE CAT1
23787,1,Mark-5,"Milan, Italy",Quectel_EC21,222,Italy,it,0,2G
23795,1,Mark-5,"Milan, Italy",Quectel_EC21,222,Italy,it,7,LTE CAT1
24135,1,Mark-5,"Milan, Italy",Quectel_BG96,222,Italy,it,0,2G
24146,1,Mark-5,"Milan, Italy",Quectel_EC21,222,Italy,it,0,2G
24156,1,Mark-5,"Milan, Italy",Quectel_EC21,222,Italy,it,7,LTE CAT1
24199,1,Mark-5,"Milan, Italy",Quectel_BG96,222,Italy,it,0,2G
24210,1,Mark-5,"Milan, Italy",Quectel_EC21,222,Italy,it,0,2G
24220,1,Mark-5,"Milan, Italy",Quectel_EC21,222,Italy,it,7,LTE CAT1
25051,1,Mark-5,"Milan, Italy",Quectel_BG96,222,Italy,it,9,NB-IoT
25052,1,Mark-5,"Milan, Italy",Quectel_BG96,222,Italy,it,9,NB-IoT
25053,1,Mark-5,"Milan, Italy",Quectel_BG96,222,Italy,it,9,NB-IoT
25054,1,Mark-5,"Milan, Italy",Quectel_BG96,222,Italy,it,9,NB-IoT
25055,1,Mark-5,"Milan, Italy",Quectel_BG96,222,Italy,it,9,NB-IoT
25056,1,Mark-5,"Milan, Italy",Quectel_BG96,222,Italy,it,9,NB-IoT
25057,1,Mark-5,"Milan, Italy",Quectel_BG96,222,Italy,it,9,NB-IoT
25058,1,Mark-5,"Milan, Italy",Quectel_BG96,222,Italy,it,9,NB-IoT
25059,1,Mark-5,"Milan, Italy",Quectel_BG96,222,Italy,it,9,NB-IoT
25060,1,Mark-5,"Milan, Italy",Quectel_BG96,222,Italy,it,9,NB-IoT
25061,1,Mark-5,"Milan, Italy",Quectel_BG96,222,Italy,it,9,NB-IoT
25062,1,Mark-5,"Milan, Italy",Quectel_BG96,222,Italy,it,9,NB-IoT
25063,1,Mark-5,"Milan, Italy",Quectel_BG96,222,Italy,it,9,NB-IoT
25064,1,Mark-5,"Milan, Italy",Quectel_BG96,222,Italy,it,9,NB-IoT
25065,1,Mark-5,"Milan, Italy",Quectel_BG96,222,Italy,it,9,NB-IoT
21660,1,Mark-5,"Milan, Italy",Quectel_EC21,222,Italy,it,0,2G
21672,1,Mark-5,"Milan, Italy",Quectel_BG96,222,Italy,it,9,NB-IoT
21674,1,Mark-5,"Milan, Italy",Quectel_EC21,222,Italy,it,7,LTE CAT1
21713,1,Mark-5,"Milan, Italy",Quectel_BG96,222,Italy,it,0,2G
21724,1,Mark-5,"Milan, Italy",Quectel_EC21,222,Italy,it,0,2G
21736,1,Mark-5,"Milan, Italy",Quectel_BG96,222,Italy,it,9,NB-IoT
21738,1,Mark-5,"Milan, Italy",Quectel_EC21,222,Italy,it,7,LTE CAT1
21777,1,Mark-5,"Milan, Italy",Quectel_BG96,222,Italy,it,0,2G
21788,1,Mark-5,"Milan, Italy",Quectel_EC21,222,Italy,it,0,2G
21800,1,Mark-5,"Milan, Italy",Quectel_BG96,222,Italy,it,9,NB-IoT
21802,1,Mark-5,"Milan, Italy",Quectel_EC21,222,Italy,it,7,LTE CAT1
21841,1,Mark-5,"Milan, Italy",Quectel_BG96,222,Italy,it,0,2G
21852,1,Mark-5,"Milan, Italy",Quectel_EC21,222,Italy,it,0,2G
21866,1,Mark-5,"Milan, Italy",Quectel_EC21,222,Italy,it,7,LTE CAT1
21905,1,Mark-5,"Milan, Italy",Quectel_BG96,222,Italy,it,0,2G
21916,1,Mark-5,"Milan, Italy",Quectel_EC21,222,Italy,it,0,2G
21928,1,Mark-5,"Milan, Italy",Quectel_BG96,222,Italy,it,9,NB-IoT
21930,1,Mark-5,"Milan, Italy",Quectel_EC21,222,Italy,it,7,LTE CAT1
21969,1,Mark-5,"Milan, Italy",Quectel_BG96,222,Italy,it,0,2G
21994,1,Mark-5,"Milan, Italy",Quectel_EC21,222,Italy,it,7,LTE CAT1
22033,1,Mark-5,"Milan, Italy",Quectel_BG96,222,Italy,it,0,2G
22044,1,Mark-5,"Milan, Italy",Quectel_EC21,222,Italy,it,0,2G
22056,1,Mark-5,"Milan, Italy",Quectel_BG96,222,Italy,it,9,NB-IoT
22058,1,Mark-5,"Milan, Italy",Quectel_EC21,222,Italy,it,7,LTE CAT1
22108,1,Mark-5,"Milan, Italy",Quectel_EC21,222,Italy,it,0,2G
22120,1,Mark-5,"Milan, Italy",Quectel_BG96,222,Italy,it,9,NB-IoT
22122,1,Mark-5,"Milan, Italy",Quectel_EC21,222,Italy,it,7,LTE CAT1
22161,1,Mark-5,"Milan, Italy",Quectel_BG96,222,Italy,it,0,2G
22172,1,Mark-5,"Milan, Italy",Quectel_EC21,222,Italy,it,0,2G
22184,1,Mark-5,"Milan, Italy",Quectel_BG96,222,Italy,it,9,NB-IoT
22186,1,Mark-5,"Milan, Italy",Quectel_EC21,222,Italy,it,7,LTE CAT1
22225,1,Mark-5,"Milan, Italy",Quectel_BG96,222,Italy,it,0,2G
22236,1,Mark-5,"Milan, Italy",Quectel_EC21,222,Italy,it,0,2G
22248,1,Mark-5,"Milan, Italy",Quectel_BG96,222,Italy,it,9,NB-IoT
22250,1,Mark-5,"Milan, Italy",Quectel_EC21,222,Italy,it,7,LTE CAT1
22643,1,Mark-5,"Milan, Italy",Quectel_EC21,222,Italy,it,0,2G
22651,1,Mark-5,"Milan, Italy",Quectel_BG96,222,Italy,it,0,2G
22652,1,Mark-5,"Milan, Italy",Quectel_BG96,222,Italy,it,0,2G
22654,1,Mark-5,"Milan, Italy",Quectel_BG96,222,Italy,it,9,NB-IoT
22909,1,Mark-5,"Milan, Italy",Quectel_EC21,222,Italy,it,0,2G
22919,1,Mark-5,"Milan, Italy",Quectel_BG96,222,Italy,it,9,NB-IoT
22921,1,Mark-5,"Milan, Italy",Quectel_EC21,222,Italy,it,7,LTE CAT1
22960,1,Mark-5,"Milan, Italy",Quectel_BG96,222,Italy,it,0,2G
23413,1,Mark-5,"Milan, Italy",Quectel_EC21,222,Italy,it,0,2G
23423,1,Mark-5,"Milan, Italy",Quectel_BG96,222,Italy,it,9,NB-IoT
23425,1,Mark-5,"Milan, Italy",Quectel_EC21,222,Italy,it,7,LTE CAT1
23464,1,Mark-5,"Milan, Italy",Quectel_BG96,222,Italy,it,0,2G
23476,1,Mark-5,"Milan, Italy",Quectel_EC21,222,Italy,it,0,2G
23486,1,Mark-5,"Milan, Italy",Quectel_BG96,222,Italy,it,9,NB-IoT
23488,1,Mark-5,"Milan, Italy",Quectel_EC21,222,Italy,it,7,LTE CAT1
23672,1,Mark-5,"Milan, Italy",Quectel_EC21,222,Italy,it,0,2G
23682,1,Mark-5,"Milan, Italy",Quectel_BG96,222,Italy,it,9,NB-IoT
23684,1,Mark-5,"Milan, Italy",Quectel_EC21,222,Italy,it,7,LTE CAT1
23723,1,Mark-5,"Milan, Italy",Quectel_BG96,222,Italy,it,0,2G
23760,1,Mark-5,"Milan, Italy",Quectel_EC21,222,Italy,it,0,2G
23770,1,Mark-5,"Milan, Italy",Quectel_BG96,222,Italy,it,9,NB-IoT
23772,1,Mark-5,"Milan, Italy",Quectel_EC21,222,Italy,it,7,LTE CAT1
23811,1,Mark-5,"Milan, Italy",Quectel_BG96,222,Italy,it,0,2G
24119,1,Mark-5,"Milan, Italy",Quectel_EC21,222,Italy,it,0,2G
24130,1,Mark-5,"Milan, Italy",Quectel_BG96,222,Italy,it,9,NB-IoT
24132,1,Mark-5,"Milan, Italy",Quectel_EC21,222,Italy,it,7,LTE CAT1
24172,1,Mark-5,"Milan, Italy",Quectel_BG96,222,Italy,it,0,2G
24183,1,Mark-5,"Milan, Italy",Quectel_EC21,222,Italy,it,0,2G
24194,1,Mark-5,"Milan, Italy",Quectel_BG96,222,Italy,it,9,NB-IoT
24196,1,Mark-5,"Milan, Italy",Quectel_EC21,222,Italy,it,7,LTE CAT1
24236,1,Mark-5,"Milan, Italy",Quectel_BG96,222,Italy,it,0,2G
21670,1,Mark-5,"Milan, Italy",Quectel_EC21,222,Italy,it,2,3G
21714,1,Mark-5,"Milan, Italy",Quectel_EC21,222,Italy,it,7,LTE CAT1
21734,1,Mark-5,"Milan, Italy",Quectel_EC21,222,Italy,it,2,3G
21778,1,Mark-5,"Milan, Italy",Quectel_EC21,222,Italy,it,7,LTE CAT1
21798,1,Mark-5,"Milan, Italy",Quectel_EC21,222,Italy,it,2,3G
21842,1,Mark-5,"Milan, Italy",Quectel_EC21,222,Italy,it,7,LTE CAT1
21862,1,Mark-5,"Milan, Italy",Quectel_EC21,222,Italy,it,2,3G
21906,1,Mark-5,"Milan, Italy",Quectel_EC21,222,Italy,it,7,LTE CAT1
21926,1,Mark-5,"Milan, Italy",Quectel_EC21,222,Italy,it,2,3G
21970,1,Mark-5,"Milan, Italy",Quectel_EC21,222,Italy,it,7,LTE CAT1
21990,1,Mark-5,"Milan, Italy",Quectel_EC21,222,Italy,it,2,3G
22034,1,Mark-5,"Milan, Italy",Quectel_EC21,222,Italy,it,7,LTE CAT1
22054,1,Mark-5,"Milan, Italy",Quectel_EC21,222,Italy,it,2,3G
22098,1,Mark-5,"Milan, Italy",Quectel_EC21,222,Italy,it,7,LTE CAT1
22118,1,Mark-5,"Milan, Italy",Quectel_EC21,222,Italy,it,2,3G
22162,1,Mark-5,"Milan, Italy",Quectel_EC21,222,Italy,it,7,LTE CAT1
22182,1,Mark-5,"Milan, Italy",Quectel_EC21,222,Italy,it,2,3G
22226,1,Mark-5,"Milan, Italy",Quectel_EC21,222,Italy,it,7,LTE CAT1
22246,1,Mark-5,"Milan, Italy",Quectel_EC21,222,Italy,it,2,3G
22290,1,Mark-5,"Milan, Italy",Quectel_EC21,222,Italy,it,7,LTE CAT1
22917,1,Mark-5,"Milan, Italy",Quectel_EC21,222,Italy,it,2,3G
22961,1,Mark-5,"Milan, Italy",Quectel_EC21,222,Italy,it,7,LTE CAT1
23421,1,Mark-5,"Milan, Italy",Quectel_EC21,222,Italy,it,2,3G
23465,1,Mark-5,"Milan, Italy",Quectel_EC21,222,Italy,it,7,LTE CAT1
23528,1,Mark-5,"Milan, Italy",Quectel_EC21,222,Italy,it,7,LTE CAT1
23680,1,Mark-5,"Milan, Italy",Quectel_EC21,222,Italy,it,2,3G
23724,1,Mark-5,"Milan, Italy",Quectel_EC21,222,Italy,it,7,LTE CAT1
23768,1,Mark-5,"Milan, Italy",Quectel_EC21,222,Italy,it,2,3G
23812,1,Mark-5,"Milan, Italy",Quectel_EC21,222,Italy,it,7,LTE CAT1
24128,1,Mark-5,"Milan, Italy",Quectel_EC21,222,Italy,it,2,3G
24173,1,Mark-5,"Milan, Italy",Quectel_EC21,222,Italy,it,7,LTE CAT1
24192,1,Mark-5,"Milan, Italy",Quectel_EC21,222,Italy,it,2,3G
24237,1,Mark-5,"Milan, Italy",Quectel_EC21,222,Italy,it,7,LTE CAT1
21651,1,Mark-5,"Milan, Italy",Quectel_EC21,222,Italy,it,2,3G
21655,1,Mark-5,"Milan, Italy",Quectel_EC21,222,Italy,it,0,2G
21680,1,Mark-5,"Milan, Italy",Quectel_EC21,222,Italy,it,7,LTE CAT1
21715,1,Mark-5,"Milan, Italy",Quectel_EC21,222,Italy,it,2,3G
21719,1,Mark-5,"Milan, Italy",Quectel_EC21,222,Italy,it,0,2G
21744,1,Mark-5,"Milan, Italy",Quectel_EC21,222,Italy,it,7,LTE CAT1
21779,1,Mark-5,"Milan, Italy",Quectel_EC21,222,Italy,it,2,3G
21782,1,Mark-5,"Milan, Italy",Quectel_BG96,222,Italy,it,0,2G
21783,1,Mark-5,"Milan, Italy",Quectel_EC21,222,Italy,it,0,2G
21808,1,Mark-5,"Milan, Italy",Quectel_EC21,222,Italy,it,7,LTE CAT1
21843,1,Mark-5,"Milan, Italy",Quectel_EC21,222,Italy,it,2,3G
21847,1,Mark-5,"Milan, Italy",Quectel_EC21,222,Italy,it,0,2G
21872,1,Mark-5,"Milan, Italy",Quectel_EC21,222,Italy,it,7,LTE CAT1
21907,1,Mark-5,"Milan, Italy",Quectel_EC21,222,Italy,it,2,3G
21910,1,Mark-5,"Milan, Italy",Quectel_BG96,222,Italy,it,0,2G
21911,1,Mark-5,"Milan, Italy",Quectel_EC21,222,Italy,it,0,2G
21936,1,Mark-5,"Milan, Italy",Quectel_EC21,222,Italy,it,7,LTE CAT1
21971,1,Mark-5,"Milan, Italy",Quectel_EC21,222,Italy,it,2,3G
22000,1,Mark-5,"Milan, Italy",Quectel_EC21,222,Italy,it,7,LTE CAT1
22035,1,Mark-5,"Milan, Italy",Quectel_EC21,222,Italy,it,2,3G
22039,1,Mark-5,"Milan, Italy",Quectel_EC21,222,Italy,it,0,2G
22064,1,Mark-5,"Milan, Italy",Quectel_EC21,222,Italy,it,7,LTE CAT1
22099,1,Mark-5,"Milan, Italy",Quectel_EC21,222,Italy,it,2,3G
22103,1,Mark-5,"Milan, Italy",Quectel_EC21,222,Italy,it,0,2G
22128,1,Mark-5,"Milan, Italy",Quectel_EC21,222,Italy,it,7,LTE CAT1
22163,1,Mark-5,"Milan, Italy",Quectel_EC21,222,Italy,it,2,3G
22166,1,Mark-5,"Milan, Italy",Quectel_BG96,222,Italy,it,0,2G
22167,1,Mark-5,"Milan, Italy",Quectel_EC21,222,Italy,it,0,2G
22192,1,Mark-5,"Milan, Italy",Quectel_EC21,222,Italy,it,7,LTE CAT1
22227,1,Mark-5,"Milan, Italy",Quectel_EC21,222,Italy,it,2,3G
22256,1,Mark-5,"Milan, Italy",Quectel_EC21,222,Italy,it,7,LTE CAT1
22644,1,Mark-5,"Milan, Italy",Quectel_EC21,222,Italy,it,0,2G
22899,1,Mark-5,"Milan, Italy",Quectel_EC21,222,Italy,it,2,3G
22903,1,Mark-5,"Milan, Italy",Quectel_EC21,222,Italy,it,0,2G
22928,1,Mark-5,"Milan, Italy",Quectel_EC21,222,Italy,it,7,LTE CAT1
23403,1,Mark-5,"Milan, Italy",Quectel_EC21,222,Italy,it,2,3G
23432,1,Mark-5,"Milan, Italy",Quectel_EC21,222,Italy,it,7,LTE CAT1
23470,1,Mark-5,"Milan, Italy",Quectel_EC21,222,Italy,it,0,2G
23495,1,Mark-5,"Milan, Italy",Quectel_EC21,222,Italy,it,7,LTE CAT1
23662,1,Mark-5,"Milan, Italy",Quectel_EC21,222,Italy,it,2,3G
23666,1,Mark-5,"Milan, Italy",Quectel_EC21,222,Italy,it,0,2G
23691,1,Mark-5,"Milan, Italy",Quectel_EC21,222,Italy,it,7,LTE CAT1
23750,1,Mark-5,"Milan, Italy",Quectel_EC21,222,Italy,it,2,3G
23779,1,Mark-5,"Milan, Italy",Quectel_EC21,222,Italy,it,7,LTE CAT1
24110,1,Mark-5,"Milan, Italy",Quectel_EC21,222,Italy,it,2,3G
24138,1,Mark-5,"Milan, Italy",Quectel_EC21,222,Italy,it,7,LTE CAT1
24174,1,Mark-5,"Milan, Italy",Quectel_EC21,222,Italy,it,2,3G
24178,1,Mark-5,"Milan, Italy",Quectel_EC21,222,Italy,it,0,2G
24202,1,Mark-5,"Milan, Italy",Quectel_EC21,222,Italy,it,7,LTE CAT1
21678,1,Mark-7,"Trondheim, Norway",Quectel_EC21,242,Norway,no,0,2G
21722,1,Mark-7,"Trondheim, Norway",Quectel_EC21,242,Norway,no,7,LTE CAT1
21742,1,Mark-7,"Trondheim, Norway",Quectel_EC21,242,Norway,no,0,2G
21786,1,Mark-7,"Trondheim, Norway",Quectel_EC21,242,Norway,no,7,LTE CAT1
21806,1,Mark-7,"Trondheim, Norway",Quectel_EC21,242,Norway,no,0,2G
21850,1,Mark-7,"Trondheim, Norway",Quectel_EC21,242,Norway,no,7,LTE CAT1
21870,1,Mark-7,"Trondheim, Norway",Quectel_EC21,242,Norway,no,0,2G
21914,1,Mark-7,"Trondheim, Norway",Quectel_EC21,242,Norway,no,7,LTE CAT1
21934,1,Mark-7,"Trondheim, Norway",Quectel_EC21,242,Norway,no,0,2G
21978,1,Mark-7,"Trondheim, Norway",Quectel_EC21,242,Norway,no,7,LTE CAT1
21998,1,Mark-7,"Trondheim, Norway",Quectel_EC21,242,Norway,no,0,2G
22042,1,Mark-7,"Trondheim, Norway",Quectel_EC21,242,Norway,no,7,LTE CAT1
22062,1,Mark-7,"Trondheim, Norway",Quectel_EC21,242,Norway,no,0,2G
22106,1,Mark-7,"Trondheim, Norway",Quectel_EC21,242,Norway,no,7,LTE CAT1
22126,1,Mark-7,"Trondheim, Norway",Quectel_EC21,242,Norway,no,0,2G
22170,1,Mark-7,"Trondheim, Norway",Quectel_EC21,242,Norway,no,7,LTE CAT1
22190,1,Mark-7,"Trondheim, Norway",Quectel_EC21,242,Norway,no,0,2G
22234,1,Mark-7,"Trondheim, Norway",Quectel_EC21,242,Norway,no,7,LTE CAT1
22254,1,Mark-7,"Trondheim, Norway",Quectel_EC21,242,Norway,no,0,2G
22319,1,Mark-7,"Trondheim, Norway",Quectel_EC21,242,Norway,no,7,LTE CAT1
22906,1,Mark-7,"Trondheim, Norway",Quectel_EC21,242,Norway,no,7,LTE CAT1
22925,1,Mark-7,"Trondheim, Norway",Quectel_EC21,242,Norway,no,0,2G
23410,1,Mark-7,"Trondheim, Norway",Quectel_EC21,242,Norway,no,7,LTE CAT1
23429,1,Mark-7,"Trondheim, Norway",Quectel_EC21,242,Norway,no,0,2G
23473,1,Mark-7,"Trondheim, Norway",Quectel_EC21,242,Norway,no,7,LTE CAT1
23492,1,Mark-7,"Trondheim, Norway",Quectel_EC21,242,Norway,no,0,2G
23669,1,Mark-7,"Trondheim, Norway",Quectel_EC21,242,Norway,no,7,LTE CAT1
23688,1,Mark-7,"Trondheim, Norway",Quectel_EC21,242,Norway,no,0,2G
23776,1,Mark-7,"Trondheim, Norway",Quectel_EC21,242,Norway,no,0,2G
24117,1,Mark-7,"Trondheim, Norway",Quectel_EC21,242,Norway,no,7,LTE CAT1
24136,1,Mark-7,"Trondheim, Norway",Quectel_EC21,242,Norway,no,0,2G
24181,1,Mark-7,"Trondheim, Norway",Quectel_EC21,242,Norway,no,7,LTE CAT1
24200,1,Mark-7,"Trondheim, Norway",Quectel_EC21,242,Norway,no,0,2G
24822,1,Mark-7,"Trondheim, Norway",Quectel_BG96,242,Norway,no,9,NB-IoT
24837,1,Mark-7,"Trondheim, Norway",Quectel_BG96,242,Norway,no,9,NB-IoT
24852,1,Mark-7,"Trondheim, Norway",Quectel_BG96,242,Norway,no,9,NB-IoT
24867,1,Mark-7,"Trondheim, Norway",Quectel_BG96,242,Norway,no,9,NB-IoT
24880,1,Mark-7,"Trondheim, Norway",Quectel_BG96,242,Norway,no,8,LTE-M
24882,1,Mark-7,"Trondheim, Norway",Quectel_BG96,242,Norway,no,9,NB-IoT
24897,1,Mark-7,"Trondheim, Norway",Quectel_BG96,242,Norway,no,9,NB-IoT
24912,1,Mark-7,"Trondheim, Norway",Quectel_BG96,242,Norway,no,9,NB-IoT
24927,1,Mark-7,"Trondheim, Norway",Quectel_BG96,242,Norway,no,9,NB-IoT
24940,1,Mark-7,"Trondheim, Norway",Quectel_BG96,242,Norway,no,8,LTE-M
24942,1,Mark-7,"Trondheim, Norway",Quectel_BG96,242,Norway,no,9,NB-IoT
24955,1,Mark-7,"Trondheim, Norway",Quectel_BG96,242,Norway,no,8,LTE-M
24957,1,Mark-7,"Trondheim, Norway",Quectel_BG96,242,Norway,no,9,NB-IoT
24972,1,Mark-7,"Trondheim, Norway",Quectel_BG96,242,Norway,no,9,NB-IoT
24987,1,Mark-7,"Trondheim, Norway",Quectel_BG96,242,Norway,no,9,NB-IoT
25004,1,Mark-7,"Trondheim, Norway",Quectel_BG96,242,Norway,no,9,NB-IoT
25019,1,Mark-7,"Trondheim, Norway",Quectel_BG96,242,Norway,no,9,NB-IoT
25032,1,Mark-7,"Trondheim, Norway",Quectel_BG96,242,Norway,no,8,LTE-M
25112,1,Mark-7,"Trondheim, Norway",Quectel_BG96,242,Norway,no,8,LTE-M
25113,1,Mark-7,"Trondheim, Norway",Quectel_BG96,242,Norway,no,8,LTE-M
25114,1,Mark-7,"Trondheim, Norway",Quectel_BG96,242,Norway,no,8,LTE-M
25115,1,Mark-7,"Trondheim, Norway",Quectel_BG96,242,Norway,no,8,LTE-M
25126,1,Mark-7,"Trondheim, Norway",Quectel_BG96,242,Norway,no,8,LTE-M
25127,1,Mark-7,"Trondheim, Norway",Quectel_BG96,242,Norway,no,8,LTE-M
25128,1,Mark-7,"Trondheim, Norway",Quectel_BG96,242,Norway,no,8,LTE-M
25129,1,Mark-7,"Trondheim, Norway",Quectel_BG96,242,Norway,no,8,LTE-M
25130,1,Mark-7,"Trondheim, Norway",Quectel_BG96,242,Norway,no,8,LTE-M
25141,1,Mark-7,"Trondheim, Norway",Quectel_BG96,242,Norway,no,8,LTE-M
25142,1,Mark-7,"Trondheim, Norway",Quectel_BG96,242,Norway,no,8,LTE-M
25143,1,Mark-7,"Trondheim, Norway",Quectel_BG96,242,Norway,no,8,LTE-M
25144,1,Mark-7,"Trondheim, Norway",Quectel_BG96,242,Norway,no,8,LTE-M
25145,1,Mark-7,"Trondheim, Norway",Quectel_BG96,242,Norway,no,8,LTE-M
25166,1,Mark-7,"Trondheim, Norway",Quectel_BG96,242,Norway,no,8,LTE-M
25167,1,Mark-7,"Trondheim, Norway",Quectel_BG96,242,Norway,no,8,LTE-M
25168,1,Mark-7,"Trondheim, Norway",Quectel_BG96,242,Norway,no,8,LTE-M
25169,1,Mark-7,"Trondheim, Norway",Quectel_BG96,242,Norway,no,8,LTE-M
25170,1,Mark-7,"Trondheim, Norway",Quectel_BG96,242,Norway,no,8,LTE-M
21681,1,Mark-7,"Trondheim, Norway",Quectel_EC21,242,Norway,no,0,2G
21745,1,Mark-7,"Trondheim, Norway",Quectel_EC21,242,Norway,no,0,2G
21769,1,Mark-7,"Trondheim, Norway",Quectel_EC21,242,Norway,no,7,LTE CAT1
21809,1,Mark-7,"Trondheim, Norway",Quectel_EC21,242,Norway,no,0,2G
21833,1,Mark-7,"Trondheim, Norway",Quectel_EC21,242,Norway,no,7,LTE CAT1
21873,1,Mark-7,"Trondheim, Norway",Quectel_EC21,242,Norway,no,0,2G
21897,1,Mark-7,"Trondheim, Norway",Quectel_EC21,242,Norway,no,7,LTE CAT1
21937,1,Mark-7,"Trondheim, Norway",Quectel_EC21,242,Norway,no,0,2G
21961,1,Mark-7,"Trondheim, Norway",Quectel_EC21,242,Norway,no,7,LTE CAT1
22001,1,Mark-7,"Trondheim, Norway",Quectel_EC21,242,Norway,no,0,2G
22065,1,Mark-7,"Trondheim, Norway",Quectel_EC21,242,Norway,no,0,2G
22089,1,Mark-7,"Trondheim, Norway",Quectel_EC21,242,Norway,no,7,LTE CAT1
22129,1,Mark-7,"Trondheim, Norway",Quectel_EC21,242,Norway,no,0,2G
22153,1,Mark-7,"Trondheim, Norway",Quectel_EC21,242,Norway,no,7,LTE CAT1
22193,1,Mark-7,"Trondheim, Norway",Quectel_EC21,242,Norway,no,0,2G
22217,1,Mark-7,"Trondheim, Norway",Quectel_EC21,242,Norway,no,7,LTE CAT1
22257,1,Mark-7,"Trondheim, Norway",Quectel_EC21,242,Norway,no,0,2G
22320,1,Mark-7,"Trondheim, Norway",Quectel_EC21,242,Norway,no,7,LTE CAT1
22321,1,Mark-7,"Trondheim, Norway",Quectel_EC21,242,Norway,no,7,LTE CAT1
22322,1,Mark-7,"Trondheim, Norway",Quectel_EC21,242,Norway,no,7,LTE CAT1
22929,1,Mark-7,"Trondheim, Norway",Quectel_EC21,242,Norway,no,0,2G
22952,1,Mark-7,"Trondheim, Norway",Quectel_EC21,242,Norway,no,7,LTE CAT1
23433,1,Mark-7,"Trondheim, Norway",Quectel_EC21,242,Norway,no,0,2G
23456,1,Mark-7,"Trondheim, Norway",Quectel_EC21,242,Norway,no,7,LTE CAT1
23496,1,Mark-7,"Trondheim, Norway",Quectel_EC21,242,Norway,no,0,2G
23519,1,Mark-7,"Trondheim, Norway",Quectel_EC21,242,Norway,no,7,LTE CAT1
23692,1,Mark-7,"Trondheim, Norway",Quectel_EC21,242,Norway,no,0,2G
23715,1,Mark-7,"Trondheim, Norway",Quectel_EC21,242,Norway,no,7,LTE CAT1
23780,1,Mark-7,"Trondheim, Norway",Quectel_EC21,242,Norway,no,0,2G
23803,1,Mark-7,"Trondheim, Norway",Quectel_EC21,242,Norway,no,7,LTE CAT1
24139,1,Mark-7,"Trondheim, Norway",Quectel_EC21,242,Norway,no,0,2G
24164,1,Mark-7,"Trondheim, Norway",Quectel_EC21,242,Norway,no,7,LTE CAT1
24203,1,Mark-7,"Trondheim, Norway",Quectel_EC21,242,Norway,no,0,2G
24228,1,Mark-7,"Trondheim, Norway",Quectel_EC21,242,Norway,no,7,LTE CAT1
24827,1,Mark-7,"Trondheim, Norway",Quectel_BG96,242,Norway,no,8,LTE-M
24830,1,Mark-7,"Trondheim, Norway",Quectel_BG96,242,Norway,no,0,2G
24845,1,Mark-7,"Trondheim, Norway",Quectel_BG96,242,Norway,no,0,2G
24857,1,Mark-7,"Trondheim, Norway",Quectel_BG96,242,Norway,no,8,LTE-M
24860,1,Mark-7,"Trondheim, Norway",Quectel_BG96,242,Norway,no,0,2G
24905,1,Mark-7,"Trondheim, Norway",Quectel_BG96,242,Norway,no,0,2G
24917,1,Mark-7,"Trondheim, Norway",Quectel_BG96,242,Norway,no,8,LTE-M
24920,1,Mark-7,"Trondheim, Norway",Quectel_BG96,242,Norway,no,0,2G
24935,1,Mark-7,"Trondheim, Norway",Quectel_BG96,242,Norway,no,0,2G
24947,1,Mark-7,"Trondheim, Norway",Quectel_BG96,242,Norway,no,8,LTE-M
24950,1,Mark-7,"Trondheim, Norway",Quectel_BG96,242,Norway,no,0,2G
24962,1,Mark-7,"Trondheim, Norway",Quectel_BG96,242,Norway,no,8,LTE-M
24980,1,Mark-7,"Trondheim, Norway",Quectel_BG96,242,Norway,no,0,2G
24995,1,Mark-7,"Trondheim, Norway",Quectel_BG96,242,Norway,no,0,2G
25012,1,Mark-7,"Trondheim, Norway",Quectel_BG96,242,Norway,no,0,2G
25027,1,Mark-7,"Trondheim, Norway",Quectel_BG96,242,Norway,no,0,2G
25116,1,Mark-7,"Trondheim, Norway",Quectel_BG96,242,Norway,no,8,LTE-M
25117,1,Mark-7,"Trondheim, Norway",Quectel_BG96,242,Norway,no,8,LTE-M
25118,1,Mark-7,"Trondheim, Norway",Quectel_BG96,242,Norway,no,8,LTE-M
25119,1,Mark-7,"Trondheim, Norway",Quectel_BG96,242,Norway,no,8,LTE-M
25120,1,Mark-7,"Trondheim, Norway",Quectel_BG96,242,Norway,no,8,LTE-M
25131,1,Mark-7,"Trondheim, Norway",Quectel_BG96,242,Norway,no,8,LTE-M
25132,1,Mark-7,"Trondheim, Norway",Quectel_BG96,242,Norway,no,8,LTE-M
25133,1,Mark-7,"Trondheim, Norway",Quectel_BG96,242,Norway,no,8,LTE-M
25134,1,Mark-7,"Trondheim, Norway",Quectel_BG96,242,Norway,no,8,LTE-M
25135,1,Mark-7,"Trondheim, Norway",Quectel_BG96,242,Norway,no,8,LTE-M
25146,1,Mark-7,"Trondheim, Norway",Quectel_BG96,242,Norway,no,8,LTE-M
25147,1,Mark-7,"Trondheim, Norway",Quectel_BG96,242,Norway,no,8,LTE-M
25148,1,Mark-7,"Trondheim, Norway",Quectel_BG96,242,Norway,no,8,LTE-M
25149,1,Mark-7,"Trondheim, Norway",Quectel_BG96,242,Norway,no,8,LTE-M
25150,1,Mark-7,"Trondheim, Norway",Quectel_BG96,242,Norway,no,8,LTE-M
25171,1,Mark-7,"Trondheim, Norway",Quectel_BG96,242,Norway,no,8,LTE-M
25172,1,Mark-7,"Trondheim, Norway",Quectel_BG96,242,Norway,no,8,LTE-M
22418,1,Mark-2,"Würzburg, Germany",Quectel_EC21,262,Germany,de,0,2G
24239,1,Mark-4,"Würzburg, Germany",Quectel_BG96,262,Germany,de,8,LTE-M
24545,1,Mark-1,"Würzburg, Germany",Quectel_EC21,262,Germany,de,7,LTE CAT1
24551,1,Mark-1,"Würzburg, Germany",Quectel_EC21,262,Germany,de,0,2G
24552,1,Mark-1,"Würzburg, Germany",Quectel_BG96,262,Germany,de,8,LTE-M
24553,1,Mark-1,"Würzburg, Germany",Quectel_BG96,262,Germany,de,0,2G
24561,1,Mark-1,"Würzburg, Germany",Quectel_EC21,262,Germany,de,7,LTE CAT1
24567,1,Mark-1,"Würzburg, Germany",Quectel_EC21,262,Germany,de,0,2G
24568,1,Mark-1,"Würzburg, Germany",Quectel_BG96,262,Germany,de,8,LTE-M
24569,1,Mark-1,"Würzburg, Germany",Quectel_BG96,262,Germany,de,0,2G
24577,1,Mark-1,"Würzburg, Germany",Quectel_EC21,262,Germany,de,7,LTE CAT1
24583,1,Mark-1,"Würzburg, Germany",Quectel_EC21,262,Germany,de,0,2G
24584,1,Mark-1,"Würzburg, Germany",Quectel_BG96,262,Germany,de,8,LTE-M
24585,1,Mark-1,"Würzburg, Germany",Quectel_BG96,262,Germany,de,0,2G
24593,1,Mark-1,"Würzburg, Germany",Quectel_EC21,262,Germany,de,7,LTE CAT1
24599,1,Mark-1,"Würzburg, Germany",Quectel_EC21,262,Germany,de,0,2G
24600,1,Mark-1,"Würzburg, Germany",Quectel_BG96,262,Germany,de,8,LTE-M
24601,1,Mark-1,"Würzburg, Germany",Quectel_BG96,262,Germany,de,0,2G
24609,1,Mark-1,"Würzburg, Germany",Quectel_EC21,262,Germany,de,7,LTE CAT1
24615,1,Mark-1,"Würzburg, Germany",Quectel_EC21,262,Germany,de,0,2G
24616,1,Mark-1,"Würzburg, Germany",Quectel_BG96,262,Germany,de,8,LTE-M
24625,1,Mark-1,"Würzburg, Germany",Quectel_EC21,262,Germany,de,7,LTE CAT1
24631,1,Mark-1,"Würzburg, Germany",Quectel_EC21,262,Germany,de,0,2G
24632,1,Mark-1,"Würzburg, Germany",Quectel_BG96,262,Germany,de,8,LTE-M
24633,1,Mark-1,"Würzburg, Germany",Quectel_BG96,262,Germany,de,0,2G
24641,1,Mark-1,"Würzburg, Germany",Quectel_EC21,262,Germany,de,7,LTE CAT1
24647,1,Mark-1,"Würzburg, Germany",Quectel_EC21,262,Germany,de,0,2G
24648,1,Mark-1,"Würzburg, Germany",Quectel_BG96,262,Germany,de,8,LTE-M
24649,1,Mark-1,"Würzburg, Germany",Quectel_BG96,262,Germany,de,0,2G
24657,1,Mark-1,"Würzburg, Germany",Quectel_EC21,262,Germany,de,7,LTE CAT1
24663,1,Mark-1,"Würzburg, Germany",Quectel_EC21,262,Germany,de,0,2G
24664,1,Mark-1,"Würzburg, Germany",Quectel_BG96,262,Germany,de,8,LTE-M
24665,1,Mark-1,"Würzburg, Germany",Quectel_BG96,262,Germany,de,0,2G
24673,1,Mark-1,"Würzburg, Germany",Quectel_EC21,262,Germany,de,7,LTE CAT1
24679,1,Mark-1,"Würzburg, Germany",Quectel_EC21,262,Germany,de,0,2G
24680,1,Mark-1,"Würzburg, Germany",Quectel_BG96,262,Germany,de,8,LTE-M
24681,1,Mark-1,"Würzburg, Germany",Quectel_BG96,262,Germany,de,0,2G
24689,1,Mark-1,"Würzburg, Germany",Quectel_EC21,262,Germany,de,7,LTE CAT1
24695,1,Mark-1,"Würzburg, Germany",Quectel_EC21,262,Germany,de,0,2G
24696,1,Mark-1,"Würzburg, Germany",Quectel_BG96,262,Germany,de,8,LTE-M
24697,1,Mark-1,"Würzburg, Germany",Quectel_BG96,262,Germany,de,0,2G
21669,1,Mark-1,"Würzburg, Germany",Quectel_EC21,262,Germany,de,7,LTE CAT1
21691,1,Mark-1,"Würzburg, Germany",Quectel_BG96,262,Germany,de,9,NB-IoT
21701,1,Mark-1,"Würzburg, Germany",Quectel_EC21,262,Germany,de,0,2G
21710,1,Mark-1,"Würzburg, Germany",Quectel_BG96,262,Germany,de,0,2G
21733,1,Mark-1,"Würzburg, Germany",Quectel_EC21,262,Germany,de,7,LTE CAT1
21755,1,Mark-1,"Würzburg, Germany",Quectel_BG96,262,Germany,de,9,NB-IoT
21765,1,Mark-1,"Würzburg, Germany",Quectel_EC21,262,Germany,de,0,2G
21774,1,Mark-1,"Würzburg, Germany",Quectel_BG96,262,Germany,de,0,2G
21797,1,Mark-1,"Würzburg, Germany",Quectel_EC21,262,Germany,de,7,LTE CAT1
21819,1,Mark-1,"Würzburg, Germany",Quectel_BG96,262,Germany,de,9,NB-IoT
21829,1,Mark-1,"Würzburg, Germany",Quectel_EC21,262,Germany,de,0,2G
21838,1,Mark-1,"Würzburg, Germany",Quectel_BG96,262,Germany,de,0,2G
21861,1,Mark-1,"Würzburg, Germany",Quectel_EC21,262,Germany,de,7,LTE CAT1
21883,1,Mark-1,"Würzburg, Germany",Quectel_BG96,262,Germany,de,9,NB-IoT
21893,1,Mark-1,"Würzburg, Germany",Quectel_EC21,262,Germany,de,0,2G
21902,1,Mark-1,"Würzburg, Germany",Quectel_BG96,262,Germany,de,0,2G
21925,1,Mark-1,"Würzburg, Germany",Quectel_EC21,262,Germany,de,7,LTE CAT1
21947,1,Mark-1,"Würzburg, Germany",Quectel_BG96,262,Germany,de,9,NB-IoT
21957,1,Mark-1,"Würzburg, Germany",Quectel_EC21,262,Germany,de,0,2G
21989,1,Mark-1,"Würzburg, Germany",Quectel_EC21,262,Germany,de,7,LTE CAT1
22011,1,Mark-1,"Würzburg, Germany",Quectel_BG96,262,Germany,de,9,NB-IoT
22021,1,Mark-1,"Würzburg, Germany",Quectel_EC21,262,Germany,de,0,2G
22030,1,Mark-1,"Würzburg, Germany",Quectel_BG96,262,Germany,de,0,2G
22053,1,Mark-1,"Würzburg, Germany",Quectel_EC21,262,Germany,de,7,LTE CAT1
22075,1,Mark-1,"Würzburg, Germany",Quectel_BG96,262,Germany,de,9,NB-IoT
22085,1,Mark-1,"Würzburg, Germany",Quectel_EC21,262,Germany,de,0,2G
22094,1,Mark-1,"Würzburg, Germany",Quectel_BG96,262,Germany,de,0,2G
22117,1,Mark-1,"Würzburg, Germany",Quectel_EC21,262,Germany,de,7,LTE CAT1
22139,1,Mark-1,"Würzburg, Germany",Quectel_BG96,262,Germany,de,9,NB-IoT
22149,1,Mark-1,"Würzburg, Germany",Quectel_EC21,262,Germany,de,0,2G
22158,1,Mark-1,"Würzburg, Germany",Quectel_BG96,262,Germany,de,0,2G
22181,1,Mark-1,"Würzburg, Germany",Quectel_EC21,262,Germany,de,7,LTE CAT1
22203,1,Mark-1,"Würzburg, Germany",Quectel_BG96,262,Germany,de,9,NB-IoT
22213,1,Mark-1,"Würzburg, Germany",Quectel_EC21,262,Germany,de,0,2G
22222,1,Mark-1,"Würzburg, Germany",Quectel_BG96,262,Germany,de,0,2G
22245,1,Mark-1,"Würzburg, Germany",Quectel_EC21,262,Germany,de,7,LTE CAT1
22267,1,Mark-1,"Würzburg, Germany",Quectel_BG96,262,Germany,de,9,NB-IoT
22277,1,Mark-1,"Würzburg, Germany",Quectel_EC21,262,Germany,de,0,2G
22286,1,Mark-1,"Würzburg, Germany",Quectel_BG96,262,Germany,de,0,2G
22567,1,Mark-1,"Würzburg, Germany",Quectel_BG96,262,Germany,de,0,2G
22568,1,Mark-1,"Würzburg, Germany",Quectel_BG96,262,Germany,de,0,2G
22916,1,Mark-1,"Würzburg, Germany",Quectel_EC21,262,Germany,de,7,LTE CAT1
22940,1,Mark-1,"Würzburg, Germany",Quectel_BG96,262,Germany,de,9,NB-IoT
22948,1,Mark-1,"Würzburg, Germany",Quectel_EC21,262,Germany,de,0,2G
22957,1,Mark-1,"Würzburg, Germany",Quectel_BG96,262,Germany,de,0,2G
23067,1,Mark-4,"Würzburg, Germany",Quectel_BG96,262,Germany,de,9,NB-IoT
23128,1,Mark-4,"Würzburg, Germany",Quectel_BG96,262,Germany,de,9,NB-IoT
23129,1,Mark-4,"Würzburg, Germany",Quectel_BG96,262,Germany,de,9,NB-IoT
23130,1,Mark-4,"Würzburg, Germany",Quectel_BG96,262,Germany,de,9,NB-IoT
23131,1,Mark-4,"Würzburg, Germany",Quectel_BG96,262,Germany,de,9,NB-IoT
23132,1,Mark-4,"Würzburg, Germany",Quectel_BG96,262,Germany,de,9,NB-IoT
23420,1,Mark-1,"Würzburg, Germany",Quectel_EC21,262,Germany,de,7,LTE CAT1
23444,1,Mark-1,"Würzburg, Germany",Quectel_BG96,262,Germany,de,9,NB-IoT
23483,1,Mark-1,"Würzburg, Germany",Quectel_EC21,262,Germany,de,7,LTE CAT1
23507,1,Mark-1,"Würzburg, Germany",Quectel_BG96,262,Germany,de,9,NB-IoT
23679,1,Mark-1,"Würzburg, Germany",Quectel_EC21,262,Germany,de,7,LTE CAT1
23703,1,Mark-1,"Würzburg, Germany",Quectel_BG96,262,Germany,de,9,NB-IoT
23720,1,Mark-1,"Würzburg, Germany",Quectel_BG96,262,Germany,de,0,2G
23767,1,Mark-1,"Würzburg, Germany",Quectel_EC21,262,Germany,de,7,LTE CAT1
23791,1,Mark-1,"Würzburg, Germany",Quectel_BG96,262,Germany,de,9,NB-IoT
23799,1,Mark-1,"Würzburg, Germany",Quectel_EC21,262,Germany,de,0,2G
23808,1,Mark-1,"Würzburg, Germany",Quectel_BG96,262,Germany,de,0,2G
24086,1,Mark-4,"Würzburg, Germany",Quectel_BG96,262,Germany,de,8,LTE-M
24087,1,Mark-4,"Würzburg, Germany",Quectel_BG96,262,Germany,de,8,LTE-M
24088,1,Mark-4,"Würzburg, Germany",Quectel_BG96,262,Germany,de,8,LTE-M
24089,1,Mark-4,"Würzburg, Germany",Quectel_BG96,262,Germany,de,8,LTE-M
24090,1,Mark-4,"Würzburg, Germany",Quectel_BG96,262,Germany,de,8,LTE-M
24091,1,Mark-4,"Würzburg, Germany",Quectel_BG96,262,Germany,de,8,LTE-M
24092,1,Mark-4,"Würzburg, Germany",Quectel_BG96,262,Germany,de,8,LTE-M
24093,1,Mark-4,"Würzburg, Germany",Quectel_BG96,262,Germany,de,8,LTE-M
24094,1,Mark-4,"Würzburg, Germany",Quectel_BG96,262,Germany,de,8,LTE-M
24095,1,Mark-4,"Würzburg, Germany",Quectel_BG96,262,Germany,de,8,LTE-M
24096,1,Mark-4,"Würzburg, Germany",Quectel_BG96,262,Germany,de,8,LTE-M
24097,1,Mark-4,"Würzburg, Germany",Quectel_BG96,262,Germany,de,8,LTE-M
24098,1,Mark-4,"Würzburg, Germany",Quectel_BG96,262,Germany,de,8,LTE-M
24099,1,Mark-4,"Würzburg, Germany",Quectel_BG96,262,Germany,de,8,LTE-M
24100,1,Mark-4,"Würzburg, Germany",Quectel_BG96,262,Germany,de,8,LTE-M
24101,1,Mark-4,"Würzburg, Germany",Quectel_BG96,262,Germany,de,8,LTE-M
24102,1,Mark-4,"Würzburg, Germany",Quectel_BG96,262,Germany,de,8,LTE-M
24103,1,Mark-4,"Würzburg, Germany",Quectel_BG96,262,Germany,de,8,LTE-M
24104,1,Mark-4,"Würzburg, Germany",Quectel_BG96,262,Germany,de,8,LTE-M
24105,1,Mark-4,"Würzburg, Germany",Quectel_BG96,262,Germany,de,8,LTE-M
24127,1,Mark-1,"Würzburg, Germany",Quectel_EC21,262,Germany,de,7,LTE CAT1
24148,1,Mark-1,"Würzburg, Germany",Quectel_BG96,262,Germany,de,8,LTE-M
24150,1,Mark-1,"Würzburg, Germany",Quectel_BG96,262,Germany,de,9,NB-IoT
24160,1,Mark-1,"Würzburg, Germany",Quectel_EC21,262,Germany,de,0,2G
24169,1,Mark-1,"Würzburg, Germany",Quectel_BG96,262,Germany,de,0,2G
24191,1,Mark-1,"Würzburg, Germany",Quectel_EC21,262,Germany,de,7,LTE CAT1
24212,1,Mark-1,"Würzburg, Germany",Quectel_BG96,262,Germany,de,8,LTE-M
24214,1,Mark-1,"Würzburg, Germany",Quectel_BG96,262,Germany,de,9,NB-IoT
24224,1,Mark-1,"Würzburg, Germany",Quectel_EC21,262,Germany,de,0,2G
24233,1,Mark-1,"Würzburg, Germany",Quectel_BG96,262,Germany,de,0,2G
21684,1,Mark-1,"Würzburg, Germany",Quectel_BG96,262,Germany,de,0,2G
21685,1,Mark-1,"Würzburg, Germany",Quectel_BG96,262,Germany,de,8,LTE-M
21699,1,Mark-1,"Würzburg, Germany",Quectel_EC21,262,Germany,de,0,2G
21702,1,Mark-1,"Würzburg, Germany",Quectel_BG96,262,Germany,de,9,NB-IoT
21708,1,Mark-1,"Würzburg, Germany",Quectel_EC21,262,Germany,de,7,LTE CAT1
21748,1,Mark-1,"Würzburg, Germany",Quectel_BG96,262,Germany,de,0,2G
21749,1,Mark-1,"Würzburg, Germany",Quectel_BG96,262,Germany,de,8,LTE-M
21763,1,Mark-1,"Würzburg, Germany",Quectel_EC21,262,Germany,de,0,2G
21766,1,Mark-1,"Würzburg, Germany",Quectel_BG96,262,Germany,de,9,NB-IoT
21772,1,Mark-1,"Würzburg, Germany",Quectel_EC21,262,Germany,de,7,LTE CAT1
21813,1,Mark-1,"Würzburg, Germany",Quectel_BG96,262,Germany,de,8,LTE-M
21827,1,Mark-1,"Würzburg, Germany",Quectel_EC21,262,Germany,de,0,2G
21830,1,Mark-1,"Würzburg, Germany",Quectel_BG96,262,Germany,de,9,NB-IoT
21836,1,Mark-1,"Würzburg, Germany",Quectel_EC21,262,Germany,de,7,LTE CAT1
21877,1,Mark-1,"Würzburg, Germany",Quectel_BG96,262,Germany,de,8,LTE-M
21891,1,Mark-1,"Würzburg, Germany",Quectel_EC21,262,Germany,de,0,2G
21900,1,Mark-1,"Würzburg, Germany",Quectel_EC21,262,Germany,de,7,LTE CAT1
21955,1,Mark-1,"Würzburg, Germany",Quectel_EC21,262,Germany,de,0,2G
21958,1,Mark-1,"Würzburg, Germany",Quectel_BG96,262,Germany,de,9,NB-IoT
21964,1,Mark-1,"Würzburg, Germany",Quectel_EC21,262,Germany,de,7,LTE CAT1
22004,1,Mark-1,"Würzburg, Germany",Quectel_BG96,262,Germany,de,0,2G
22019,1,Mark-1,"Würzburg, Germany",Quectel_EC21,262,Germany,de,0,2G
22022,1,Mark-1,"Würzburg, Germany",Quectel_BG96,262,Germany,de,9,NB-IoT
22028,1,Mark-1,"Würzburg, Germany",Quectel_EC21,262,Germany,de,7,LTE CAT1
22069,1,Mark-1,"Würzburg, Germany",Quectel_BG96,262,Germany,de,8,LTE-M
22083,1,Mark-1,"Würzburg, Germany",Quectel_EC21,262,Germany,de,0,2G
22086,1,Mark-1,"Würzburg, Germany",Quectel_BG96,262,Germany,de,9,NB-IoT
22092,1,Mark-1,"Würzburg, Germany",Quectel_EC21,262,Germany,de,7,LTE CAT1
22133,1,Mark-1,"Würzburg, Germany",Quectel_BG96,262,Germany,de,8,LTE-M
22147,1,Mark-1,"Würzburg, Germany",Quectel_EC21,262,Germany,de,0,2G
22156,1,Mark-1,"Würzburg, Germany",Quectel_EC21,262,Germany,de,7,LTE CAT1
22196,1,Mark-1,"Würzburg, Germany",Quectel_BG96,262,Germany,de,0,2G
22211,1,Mark-1,"Würzburg, Germany",Quectel_EC21,262,Germany,de,0,2G
22214,1,Mark-1,"Würzburg, Germany",Quectel_BG96,262,Germany,de,9,NB-IoT
22220,1,Mark-1,"Würzburg, Germany",Quectel_EC21,262,Germany,de,7,LTE CAT1
22275,1,Mark-1,"Würzburg, Germany",Quectel_EC21,262,Germany,de,0,2G
22278,1,Mark-1,"Würzburg, Germany",Quectel_BG96,262,Germany,de,9,NB-IoT
22284,1,Mark-1,"Würzburg, Germany",Quectel_EC21,262,Germany,de,7,LTE CAT1
22569,1,Mark-1,"Würzburg, Germany",Quectel_BG96,262,Germany,de,0,2G
22570,1,Mark-1,"Würzburg, Germany",Quectel_BG96,262,Germany,de,0,2G
22571,1,Mark-1,"Würzburg, Germany",Quectel_BG96,262,Germany,de,0,2G
22572,1,Mark-1,"Würzburg, Germany",Quectel_BG96,262,Germany,de,0,2G
22574,1,Mark-1,"Würzburg, Germany",Quectel_BG96,262,Germany,de,0,2G
22575,1,Mark-1,"Würzburg, Germany",Quectel_BG96,262,Germany,de,8,LTE-M
22576,1,Mark-1,"Würzburg, Germany",Quectel_BG96,262,Germany,de,8,LTE-M
22578,1,Mark-1,"Würzburg, Germany",Quectel_BG96,262,Germany,de,8,LTE-M
22579,1,Mark-1,"Würzburg, Germany",Quectel_BG96,262,Germany,de,9,NB-IoT
22580,1,Mark-1,"Würzburg, Germany",Quectel_BG96,262,Germany,de,9,NB-IoT
22934,1,Mark-1,"Würzburg, Germany",Quectel_BG96,262,Germany,de,8,LTE-M
22947,1,Mark-1,"Würzburg, Germany",Quectel_EC21,262,Germany,de,0,2G
22949,1,Mark-1,"Würzburg, Germany",Quectel_BG96,262,Germany,de,9,NB-IoT
22955,1,Mark-1,"Würzburg, Germany",Quectel_EC21,262,Germany,de,7,LTE CAT1
23438,1,Mark-1,"Würzburg, Germany",Quectel_BG96,262,Germany,de,8,LTE-M
23451,1,Mark-1,"Würzburg, Germany",Quectel_EC21,262,Germany,de,0,2G
23453,1,Mark-1,"Würzburg, Germany",Quectel_BG96,262,Germany,de,9,NB-IoT
23459,1,Mark-1,"Würzburg, Germany",Quectel_EC21,262,Germany,de,7,LTE CAT1
23501,1,Mark-1,"Würzburg, Germany",Quectel_BG96,262,Germany,de,8,LTE-M
23514,1,Mark-1,"Würzburg, Germany",Quectel_EC21,262,Germany,de,0,2G
23516,1,Mark-1,"Würzburg, Germany",Quectel_BG96,262,Germany,de,9,NB-IoT
23522,1,Mark-1,"Würzburg, Germany",Quectel_EC21,262,Germany,de,7,LTE CAT1
23696,1,Mark-1,"Würzburg, Germany",Quectel_BG96,262,Germany,de,0,2G
23697,1,Mark-1,"Würzburg, Germany",Quectel_BG96,262,Germany,de,8,LTE-M
23710,1,Mark-1,"Würzburg, Germany",Quectel_EC21,262,Germany,de,0,2G
23712,1,Mark-1,"Würzburg, Germany",Quectel_BG96,262,Germany,de,9,NB-IoT
23718,1,Mark-1,"Würzburg, Germany",Quectel_EC21,262,Germany,de,7,LTE CAT1
23784,1,Mark-1,"Würzburg, Germany",Quectel_BG96,262,Germany,de,0,2G
23785,1,Mark-1,"Würzburg, Germany",Quectel_BG96,262,Germany,de,8,LTE-M
23798,1,Mark-1,"Würzburg, Germany",Quectel_EC21,262,Germany,de,0,2G
23800,1,Mark-1,"Würzburg, Germany",Quectel_BG96,262,Germany,de,9,NB-IoT
23806,1,Mark-1,"Würzburg, Germany",Quectel_EC21,262,Germany,de,7,LTE CAT1
24144,1,Mark-1,"Würzburg, Germany",Quectel_BG96,262,Germany,de,8,LTE-M
24158,1,Mark-1,"Würzburg, Germany",Quectel_EC21,262,Germany,de,0,2G
24161,1,Mark-1,"Würzburg, Germany",Quectel_BG96,262,Germany,de,9,NB-IoT
24167,1,Mark-1,"Würzburg, Germany",Quectel_EC21,262,Germany,de,7,LTE CAT1
24207,1,Mark-1,"Würzburg, Germany",Quectel_BG96,262,Germany,de,0,2G
24222,1,Mark-1,"Würzburg, Germany",Quectel_EC21,262,Germany,de,0,2G
24225,1,Mark-1,"Würzburg, Germany",Quectel_BG96,262,Germany,de,9,NB-IoT
24231,1,Mark-1,"Würzburg, Germany",Quectel_EC21,262,Germany,de,7,LTE CAT1
24177,1,Mark-5,"Milan, Italy",Quectel_BG96,222,Italy,it,0,2G
24122,1,Mark-6,"Munich, Germany",Quectel_BG96,262,Germany,de,8,LTE-M
24170,1,Mark-6,"Munich, Germany",Quectel_BG96,262,Germany,de,9,NB-IoT
24186,1,Mark-6,"Munich, Germany",Quectel_BG96,262,Germany,de,8,LTE-M
24232,1,Mark-6,"Munich, Germany",Quectel_EC21,262,Germany,de,7,LTE CAT1
24234,1,Mark-6,"Munich, Germany",Quectel_BG96,262,Germany,de,9,NB-IoT
24118,1,Mark-6,"Munich, Germany",Quectel_BG96,262,Germany,de,9,NB-IoT
24137,1,Mark-6,"Munich, Germany",Quectel_EC21,262,Germany,de,7,LTE CAT1
24149,1,Mark-6,"Munich, Germany",Quectel_BG96,262,Germany,de,0,2G
24152,1,Mark-6,"Munich, Germany",Quectel_BG96,262,Germany,de,8,LTE-M
24201,1,Mark-6,"Munich, Germany",Quectel_EC21,262,Germany,de,7,LTE CAT1
24213,1,Mark-6,"Munich, Germany",Quectel_BG96,262,Germany,de,0,2G
23819,1,Mark-10,"Zagreb, Croatia",Quectel_EC21,219,Croatia,hr,0,2G
23843,1,Mark-10,"Zagreb, Croatia",Quectel_EC21,219,Croatia,hr,0,2G
23888,1,Mark-10,"Zagreb, Croatia",Quectel_EC21,219,Croatia,hr,7,LTE CAT1
23904,1,Mark-10,"Zagreb, Croatia",Quectel_EC21,219,Croatia,hr,7,LTE CAT1
23817,1,Mark-10,"Zagreb, Croatia",Quectel_EC21,219,Croatia,hr,0,2G
23831,1,Mark-10,"Zagreb, Croatia",Quectel_BG96,219,Croatia,hr,0,2G
23841,1,Mark-10,"Zagreb, Croatia",Quectel_EC21,219,Croatia,hr,0,2G
23855,1,Mark-10,"Zagreb, Croatia",Quectel_BG96,219,Croatia,hr,0,2G
23864,1,Mark-10,"Zagreb, Croatia",Quectel_EC21,219,Croatia,hr,7,LTE CAT1
23880,1,Mark-10,"Zagreb, Croatia",Quectel_EC21,219,Croatia,hr,7,LTE CAT1
23896,1,Mark-10,"Zagreb, Croatia",Quectel_EC21,219,Croatia,hr,7,LTE CAT1
24014,1,Mark-10,"Zagreb, Croatia",Quectel_EC21,219,Croatia,hr,2,3G
24019,1,Mark-10,"Zagreb, Croatia",Quectel_EC21,219,Croatia,hr,2,3G
24024,1,Mark-10,"Zagreb, Croatia",Quectel_EC21,219,Croatia,hr,2,3G
24029,1,Mark-10,"Zagreb, Croatia",Quectel_EC21,219,Croatia,hr,2,3G
24034,1,Mark-10,"Zagreb, Croatia",Quectel_EC21,219,Croatia,hr,2,3G
24039,1,Mark-10,"Zagreb, Croatia",Quectel_EC21,219,Croatia,hr,2,3G
24044,1,Mark-10,"Zagreb, Croatia",Quectel_EC21,219,Croatia,hr,2,3G
24049,1,Mark-10,"Zagreb, Croatia",Quectel_EC21,219,Croatia,hr,2,3G
24054,1,Mark-10,"Zagreb, Croatia",Quectel_EC21,219,Croatia,hr,2,3G
24059,1,Mark-10,"Zagreb, Croatia",Quectel_EC21,219,Croatia,hr,2,3G
23827,1,Mark-10,"Zagreb, Croatia",Quectel_EC21,219,Croatia,hr,0,2G
23848,1,Mark-10,"Zagreb, Croatia",Quectel_BG96,219,Croatia,hr,0,2G
23851,1,Mark-10,"Zagreb, Croatia",Quectel_EC21,219,Croatia,hr,0,2G
23862,1,Mark-10,"Zagreb, Croatia",Quectel_EC21,219,Croatia,hr,7,LTE CAT1
23878,1,Mark-10,"Zagreb, Croatia",Quectel_EC21,219,Croatia,hr,7,LTE CAT1
23894,1,Mark-10,"Zagreb, Croatia",Quectel_EC21,219,Croatia,hr,7,LTE CAT1
23911,1,Mark-10,"Zagreb, Croatia",Quectel_BG96,219,Croatia,hr,8,LTE-M
23917,1,Mark-10,"Zagreb, Croatia",Quectel_BG96,219,Croatia,hr,8,LTE-M
23923,1,Mark-10,"Zagreb, Croatia",Quectel_BG96,219,Croatia,hr,8,LTE-M
23929,1,Mark-10,"Zagreb, Croatia",Quectel_BG96,219,Croatia,hr,8,LTE-M
23935,1,Mark-10,"Zagreb, Croatia",Quectel_BG96,219,Croatia,hr,8,LTE-M
23941,1,Mark-10,"Zagreb, Croatia",Quectel_BG96,219,Croatia,hr,8,LTE-M
23947,1,Mark-10,"Zagreb, Croatia",Quectel_BG96,219,Croatia,hr,8,LTE-M
23953,1,Mark-10,"Zagreb, Croatia",Quectel_BG96,219,Croatia,hr,8,LTE-M
23959,1,Mark-10,"Zagreb, Croatia",Quectel_BG96,219,Croatia,hr,9,NB-IoT
23967,1,Mark-10,"Zagreb, Croatia",Quectel_BG96,219,Croatia,hr,9,NB-IoT
23975,1,Mark-10,"Zagreb, Croatia",Quectel_BG96,219,Croatia,hr,9,NB-IoT
23983,1,Mark-10,"Zagreb, Croatia",Quectel_BG96,219,Croatia,hr,9,NB-IoT
23991,1,Mark-10,"Zagreb, Croatia",Quectel_BG96,219,Croatia,hr,9,NB-IoT
23999,1,Mark-10,"Zagreb, Croatia",Quectel_BG96,219,Croatia,hr,9,NB-IoT
24007,1,Mark-10,"Zagreb, Croatia",Quectel_BG96,219,Croatia,hr,9,NB-IoT
24016,1,Mark-10,"Zagreb, Croatia",Quectel_EC21,219,Croatia,hr,2,3G
24021,1,Mark-10,"Zagreb, Croatia",Quectel_EC21,219,Croatia,hr,2,3G
24026,1,Mark-10,"Zagreb, Croatia",Quectel_EC21,219,Croatia,hr,2,3G
24031,1,Mark-10,"Zagreb, Croatia",Quectel_EC21,219,Croatia,hr,2,3G
24036,1,Mark-10,"Zagreb, Croatia",Quectel_EC21,219,Croatia,hr,2,3G
24041,1,Mark-10,"Zagreb, Croatia",Quectel_EC21,219,Croatia,hr,2,3G
24046,1,Mark-10,"Zagreb, Croatia",Quectel_EC21,219,Croatia,hr,2,3G
24051,1,Mark-10,"Zagreb, Croatia",Quectel_EC21,219,Croatia,hr,2,3G
24056,1,Mark-10,"Zagreb, Croatia",Quectel_EC21,219,Croatia,hr,2,3G
24061,1,Mark-10,"Zagreb, Croatia",Quectel_EC21,219,Croatia,hr,2,3G
23823,1,Mark-5,"Milan, Italy",Quectel_EC21,222,Italy,it,0,2G
23839,1,Mark-5,"Milan, Italy",Quectel_BG96,222,Italy,it,0,2G
23863,1,Mark-5,"Milan, Italy",Quectel_EC21,222,Italy,it,7,LTE CAT1
23879,1,Mark-5,"Milan, Italy",Quectel_EC21,222,Italy,it,7,LTE CAT1
23826,1,Mark-5,"Milan, Italy",Quectel_BG96,222,Italy,it,0,2G
23833,1,Mark-5,"Milan, Italy",Quectel_EC21,222,Italy,it,0,2G
23857,1,Mark-5,"Milan, Italy",Quectel_EC21,222,Italy,it,0,2G
23874,1,Mark-5,"Milan, Italy",Quectel_EC21,222,Italy,it,7,LTE CAT1
23890,1,Mark-5,"Milan, Italy",Quectel_EC21,222,Italy,it,7,LTE CAT1
23906,1,Mark-5,"Milan, Italy",Quectel_EC21,222,Italy,it,7,LTE CAT1
23960,1,Mark-5,"Milan, Italy",Quectel_BG96,222,Italy,it,9,NB-IoT
23968,1,Mark-5,"Milan, Italy",Quectel_BG96,222,Italy,it,9,NB-IoT
23976,1,Mark-5,"Milan, Italy",Quectel_BG96,222,Italy,it,9,NB-IoT
23984,1,Mark-5,"Milan, Italy",Quectel_BG96,222,Italy,it,9,NB-IoT
23992,1,Mark-5,"Milan, Italy",Quectel_BG96,222,Italy,it,9,NB-IoT
24000,1,Mark-5,"Milan, Italy",Quectel_BG96,222,Italy,it,9,NB-IoT
24008,1,Mark-5,"Milan, Italy",Quectel_BG96,222,Italy,it,9,NB-IoT
23861,1,Mark-5,"Milan, Italy",Quectel_EC21,222,Italy,it,7,LTE CAT1
23877,1,Mark-5,"Milan, Italy",Quectel_EC21,222,Italy,it,7,LTE CAT1
23893,1,Mark-5,"Milan, Italy",Quectel_EC21,222,Italy,it,7,LTE CAT1
24013,1,Mark-5,"Milan, Italy",Quectel_EC21,222,Italy,it,2,3G
24018,1,Mark-5,"Milan, Italy",Quectel_EC21,222,Italy,it,2,3G
24023,1,Mark-5,"Milan, Italy",Quectel_EC21,222,Italy,it,2,3G
24028,1,Mark-5,"Milan, Italy",Quectel_EC21,222,Italy,it,2,3G
24038,1,Mark-5,"Milan, Italy",Quectel_EC21,222,Italy,it,2,3G
24043,1,Mark-5,"Milan, Italy",Quectel_EC21,222,Italy,it,2,3G
24048,1,Mark-5,"Milan, Italy",Quectel_EC21,222,Italy,it,2,3G
24053,1,Mark-5,"Milan, Italy",Quectel_EC21,222,Italy,it,2,3G
24058,1,Mark-5,"Milan, Italy",Quectel_EC21,222,Italy,it,2,3G
23836,1,Mark-5,"Milan, Italy",Quectel_EC21,222,Italy,it,0,2G
23860,1,Mark-5,"Milan, Italy",Quectel_EC21,222,Italy,it,0,2G
23870,1,Mark-5,"Milan, Italy",Quectel_EC21,222,Italy,it,7,LTE CAT1
23886,1,Mark-5,"Milan, Italy",Quectel_EC21,222,Italy,it,7,LTE CAT1
23902,1,Mark-5,"Milan, Italy",Quectel_EC21,222,Italy,it,7,LTE CAT1
24015,1,Mark-5,"Milan, Italy",Quectel_EC21,222,Italy,it,2,3G
24020,1,Mark-5,"Milan, Italy",Quectel_EC21,222,Italy,it,2,3G
24025,1,Mark-5,"Milan, Italy",Quectel_EC21,222,Italy,it,2,3G
24030,1,Mark-5,"Milan, Italy",Quectel_EC21,222,Italy,it,2,3G
24035,1,Mark-5,"Milan, Italy",Quectel_EC21,222,Italy,it,2,3G
24040,1,Mark-5,"Milan, Italy",Quectel_EC21,222,Italy,it,2,3G
24045,1,Mark-5,"Milan, Italy",Quectel_EC21,222,Italy,it,2,3G
24050,1,Mark-5,"Milan, Italy",Quectel_EC21,222,Italy,it,2,3G
24055,1,Mark-5,"Milan, Italy",Quectel_EC21,222,Italy,it,2,3G
23858,1,Mark-7,"Trondheim, Norway",Quectel_EC21,242,Norway,no,0,2G
23876,1,Mark-7,"Trondheim, Norway",Quectel_EC21,242,Norway,no,7,LTE CAT1
23892,1,Mark-7,"Trondheim, Norway",Quectel_EC21,242,Norway,no,7,LTE CAT1
23908,1,Mark-7,"Trondheim, Norway",Quectel_EC21,242,Norway,no,7,LTE CAT1
23818,1,Mark-7,"Trondheim, Norway",Quectel_EC21,242,Norway,no,0,2G
23842,1,Mark-7,"Trondheim, Norway",Quectel_EC21,242,Norway,no,0,2G
23905,1,Mark-7,"Trondheim, Norway",Quectel_EC21,242,Norway,no,7,LTE CAT1
23813,1,Mark-1,"Würzburg, Germany",Quectel_BG96,262,Germany,de,0,2G
23829,1,Mark-1,"Würzburg, Germany",Quectel_EC21,262,Germany,de,0,2G
23837,1,Mark-1,"Würzburg, Germany",Quectel_BG96,262,Germany,de,0,2G
23846,1,Mark-6,"Munich, Germany",Quectel_BG96,262,Germany,de,0,2G
23853,1,Mark-1,"Würzburg, Germany",Quectel_EC21,262,Germany,de,0,2G
23867,1,Mark-1,"Würzburg, Germany",Quectel_EC21,262,Germany,de,7,LTE CAT1
23869,1,Mark-6,"Munich, Germany",Quectel_EC21,262,Germany,de,7,LTE CAT1
23883,1,Mark-1,"Würzburg, Germany",Quectel_EC21,262,Germany,de,7,LTE CAT1
23899,1,Mark-1,"Würzburg, Germany",Quectel_EC21,262,Germany,de,7,LTE CAT1
23901,1,Mark-6,"Munich, Germany",Quectel_EC21,262,Germany,de,7,LTE CAT1
23914,1,Mark-6,"Munich, Germany",Quectel_BG96,262,Germany,de,8,LTE-M
23926,1,Mark-6,"Munich, Germany",Quectel_BG96,262,Germany,de,8,LTE-M
23928,1,Mark-1,"Würzburg, Germany",Quectel_BG96,262,Germany,de,8,LTE-M
23932,1,Mark-6,"Munich, Germany",Quectel_BG96,262,Germany,de,8,LTE-M
23934,1,Mark-1,"Würzburg, Germany",Quectel_BG96,262,Germany,de,8,LTE-M
23938,1,Mark-6,"Munich, Germany",Quectel_BG96,262,Germany,de,8,LTE-M
23940,1,Mark-1,"Würzburg, Germany",Quectel_BG96,262,Germany,de,8,LTE-M
23944,1,Mark-6,"Munich, Germany",Quectel_BG96,262,Germany,de,8,LTE-M
23946,1,Mark-1,"Würzburg, Germany",Quectel_BG96,262,Germany,de,8,LTE-M
23950,1,Mark-6,"Munich, Germany",Quectel_BG96,262,Germany,de,8,LTE-M
23952,1,Mark-1,"Würzburg, Germany",Quectel_BG96,262,Germany,de,8,LTE-M
23956,1,Mark-6,"Munich, Germany",Quectel_BG96,262,Germany,de,8,LTE-M
23957,1,Mark-1,"Würzburg, Germany",Quectel_BG96,262,Germany,de,9,NB-IoT
23965,1,Mark-1,"Würzburg, Germany",Quectel_BG96,262,Germany,de,9,NB-IoT
23972,1,Mark-6,"Munich, Germany",Quectel_BG96,262,Germany,de,9,NB-IoT
23973,1,Mark-1,"Würzburg, Germany",Quectel_BG96,262,Germany,de,9,NB-IoT
23981,1,Mark-1,"Würzburg, Germany",Quectel_BG96,262,Germany,de,9,NB-IoT
23989,1,Mark-1,"Würzburg, Germany",Quectel_BG96,262,Germany,de,9,NB-IoT
23996,1,Mark-6,"Munich, Germany",Quectel_BG96,262,Germany,de,9,NB-IoT
23997,1,Mark-1,"Würzburg, Germany",Quectel_BG96,262,Germany,de,9,NB-IoT
24004,1,Mark-6,"Munich, Germany",Quectel_BG96,262,Germany,de,9,NB-IoT
24005,1,Mark-1,"Würzburg, Germany",Quectel_BG96,262,Germany,de,9,NB-IoT
24012,1,Mark-6,"Munich, Germany",Quectel_BG96,262,Germany,de,9,NB-IoT
23816,1,Mark-1,"Würzburg, Germany",Quectel_EC21,262,Germany,de,0,2G
23828,1,Mark-6,"Munich, Germany",Quectel_EC21,262,Germany,de,0,2G
23835,1,Mark-6,"Munich, Germany",Quectel_BG96,262,Germany,de,0,2G
23838,1,Mark-1,"Würzburg, Germany",Quectel_BG96,262,Germany,de,0,2G
23840,1,Mark-1,"Würzburg, Germany",Quectel_EC21,262,Germany,de,0,2G
23852,1,Mark-6,"Munich, Germany",Quectel_EC21,262,Germany,de,0,2G
23859,1,Mark-6,"Munich, Germany",Quectel_BG96,262,Germany,de,0,2G
23866,1,Mark-1,"Würzburg, Germany",Quectel_EC21,262,Germany,de,7,LTE CAT1
23875,1,Mark-6,"Munich, Germany",Quectel_EC21,262,Germany,de,7,LTE CAT1
23882,1,Mark-1,"Würzburg, Germany",Quectel_EC21,262,Germany,de,7,LTE CAT1
23891,1,Mark-6,"Munich, Germany",Quectel_EC21,262,Germany,de,7,LTE CAT1
23898,1,Mark-1,"Würzburg, Germany",Quectel_EC21,262,Germany,de,7,LTE CAT1
23907,1,Mark-6,"Munich, Germany",Quectel_EC21,262,Germany,de,7,LTE CAT1
23912,1,Mark-1,"Würzburg, Germany",Quectel_BG96,262,Germany,de,8,LTE-M
23915,1,Mark-6,"Munich, Germany",Quectel_BG96,262,Germany,de,8,LTE-M
23918,1,Mark-1,"Würzburg, Germany",Quectel_BG96,262,Germany,de,8,LTE-M
23921,1,Mark-6,"Munich, Germany",Quectel_BG96,262,Germany,de,8,LTE-M
23927,1,Mark-6,"Munich, Germany",Quectel_BG96,262,Germany,de,8,LTE-M
23930,1,Mark-1,"Würzburg, Germany",Quectel_BG96,262,Germany,de,8,LTE-M
23933,1,Mark-6,"Munich, Germany",Quectel_BG96,262,Germany,de,8,LTE-M
23936,1,Mark-1,"Würzburg, Germany",Quectel_BG96,262,Germany,de,8,LTE-M
23939,1,Mark-6,"Munich, Germany",Quectel_BG96,262,Germany,de,8,LTE-M
23942,1,Mark-1,"Würzburg, Germany",Quectel_BG96,262,Germany,de,8,LTE-M
23945,1,Mark-6,"Munich, Germany",Quectel_BG96,262,Germany,de,8,LTE-M
23948,1,Mark-1,"Würzburg, Germany",Quectel_BG96,262,Germany,de,8,LTE-M
23951,1,Mark-6,"Munich, Germany",Quectel_BG96,262,Germany,de,8,LTE-M
23954,1,Mark-1,"Würzburg, Germany",Quectel_BG96,262,Germany,de,8,LTE-M
23961,1,Mark-1,"Würzburg, Germany",Quectel_BG96,262,Germany,de,9,NB-IoT
23963,1,Mark-6,"Munich, Germany",Quectel_BG96,262,Germany,de,9,NB-IoT
23969,1,Mark-1,"Würzburg, Germany",Quectel_BG96,262,Germany,de,9,NB-IoT
23971,1,Mark-6,"Munich, Germany",Quectel_BG96,262,Germany,de,9,NB-IoT
23979,1,Mark-6,"Munich, Germany",Quectel_BG96,262,Germany,de,9,NB-IoT
23985,1,Mark-1,"Würzburg, Germany",Quectel_BG96,262,Germany,de,9,NB-IoT
23993,1,Mark-1,"Würzburg, Germany",Quectel_BG96,262,Germany,de,9,NB-IoT
23995,1,Mark-6,"Munich, Germany",Quectel_BG96,262,Germany,de,9,NB-IoT
24001,1,Mark-1,"Würzburg, Germany",Quectel_BG96,262,Germany,de,9,NB-IoT
24003,1,Mark-6,"Munich, Germany",Quectel_BG96,262,Germany,de,9,NB-IoT
24009,1,Mark-1,"Würzburg, Germany",Quectel_BG96,262,Germany,de,9,NB-IoT
24011,1,Mark-6,"Munich, Germany",Quectel_BG96,262,Germany,de,9,NB-IoT
