id,run,node_name,location,modem_name,mcc,country,iso_code,rat,rat_name,operator_anon
17443,1,Mark-10,"Zagreb, Croatia",Quectel_BG96,219,Croatia,hr,0,2G,Op B
17558,1,Mark-10,"Zagreb, Croatia",Quectel_EC21,219,Croatia,hr,0,2G,Op B
17760,1,Mark-10,"Zagreb, Croatia",Quectel_BG96,219,Croatia,hr,0,2G,Op B
17768,1,Mark-10,"Zagreb, Croatia",Quectel_EC21,219,Croatia,hr,0,2G,Op B
18830,1,Mark-10,"Zagreb, Croatia",Quectel_EC21,219,Croatia,hr,0,2G,Op B
18832,1,Mark-10,"Zagreb, Croatia",Quectel_BG96,219,Croatia,hr,0,2G,Op B
18891,1,Mark-10,"Zagreb, Croatia",Quectel_EC21,219,Croatia,hr,0,2G,Op B
18893,1,Mark-10,"Zagreb, Croatia",Quectel_BG96,219,Croatia,hr,0,2G,Op B
18905,1,Mark-10,"Zagreb, Croatia",Quectel_EC21,219,Croatia,hr,0,2G,Op B
19037,1,Mark-10,"Zagreb, Croatia",Quectel_EC21,219,Croatia,hr,0,2G,Op B
19115,1,Mark-10,"Zagreb, Croatia",Quectel_BG96,219,Croatia,hr,0,2G,Op B
19124,1,Mark-10,"Zagreb, Croatia",Quectel_EC21,219,Croatia,hr,0,2G,Op B
19165,1,Mark-10,"Zagreb, Croatia",Quectel_EC21,219,Croatia,hr,0,2G,Op B
19958,1,Mark-10,"Zagreb, Croatia",Quectel_EC21,219,Croatia,hr,0,2G,Op B
19959,1,Mark-10,"Zagreb, Croatia",Quectel_EC21,219,Croatia,hr,0,2G,Op B
19961,1,Mark-10,"Zagreb, Croatia",Quectel_EC21,219,Croatia,hr,0,2G,Op B
20118,1,Mark-10,"Zagreb, Croatia",Quectel_EC21,219,Croatia,hr,0,2G,Op B
20154,1,Mark-10,"Zagreb, Croatia",Quectel_EC21,219,Croatia,hr,0,2G,Op B
20190,1,Mark-10,"Zagreb, Croatia",Quectel_EC21,219,Croatia,hr,0,2G,Op B
20226,1,Mark-10,"Zagreb, Croatia",Quectel_EC21,219,Croatia,hr,0,2G,Op B
20262,1,Mark-10,"Zagreb, Croatia",Quectel_EC21,219,Croatia,hr,0,2G,Op B
20298,1,Mark-10,"Zagreb, Croatia",Quectel_EC21,219,Croatia,hr,0,2G,Op B
20334,1,Mark-10,"Zagreb, Croatia",Quectel_EC21,219,Croatia,hr,0,2G,Op B
20370,1,Mark-10,"Zagreb, Croatia",Quectel_EC21,219,Croatia,hr,0,2G,Op B
20406,1,Mark-10,"Zagreb, Croatia",Quectel_EC21,219,Croatia,hr,0,2G,Op B
20442,1,Mark-10,"Zagreb, Croatia",Quectel_EC21,219,Croatia,hr,0,2G,Op B
20482,1,Mark-10,"Zagreb, Croatia",Quectel_BG96,219,Croatia,hr,0,2G,Op B
20839,1,Mark-10,"Zagreb, Croatia",Quectel_BG96,219,Croatia,hr,0,2G,Op B
20866,1,Mark-10,"Zagreb, Croatia",Quectel_BG96,219,Croatia,hr,0,2G,Op B
20893,1,Mark-10,"Zagreb, Croatia",Quectel_BG96,219,Croatia,hr,0,2G,Op B
20920,1,Mark-10,"Zagreb, Croatia",Quectel_BG96,219,Croatia,hr,0,2G,Op B
20947,1,Mark-10,"Zagreb, Croatia",Quectel_BG96,219,Croatia,hr,0,2G,Op B
20974,1,Mark-10,"Zagreb, Croatia",Quectel_BG96,219,Croatia,hr,0,2G,Op B
22797,1,Mark-10,"Zagreb, Croatia",Quectel_BG96,219,Croatia,hr,0,2G,Op B
22798,1,Mark-10,"Zagreb, Croatia",Quectel_BG96,219,Croatia,hr,0,2G,Op B
22799,1,Mark-10,"Zagreb, Croatia",Quectel_BG96,219,Croatia,hr,0,2G,Op B
22970,1,Mark-10,"Zagreb, Croatia",Quectel_BG96,219,Croatia,hr,0,2G,Op B
22993,1,Mark-10,"Zagreb, Croatia",Quectel_EC21,219,Croatia,hr,0,2G,Op B
23167,1,Mark-10,"Zagreb, Croatia",Quectel_BG96,219,Croatia,hr,0,2G,Op B
23190,1,Mark-10,"Zagreb, Croatia",Quectel_EC21,219,Croatia,hr,0,2G,Op B
23226,1,Mark-10,"Zagreb, Croatia",Quectel_BG96,219,Croatia,hr,0,2G,Op B
23249,1,Mark-10,"Zagreb, Croatia",Quectel_EC21,219,Croatia,hr,0,2G,Op B
23571,1,Mark-10,"Zagreb, Croatia",Quectel_EC21,219,Croatia,hr,0,2G,Op B
17560,1,Mark-10,"Zagreb, Croatia",Quectel_EC21,219,Croatia,hr,2,3G,Op B
17770,1,Mark-10,"Zagreb, Croatia",Quectel_EC21,219,Croatia,hr,2,3G,Op B
18829,1,Mark-10,"Zagreb, Croatia",Quectel_EC21,219,Croatia,hr,2,3G,Op B
18890,1,Mark-10,"Zagreb, Croatia",Quectel_EC21,219,Croatia,hr,2,3G,Op B
18904,1,Mark-10,"Zagreb, Croatia",Quectel_EC21,219,Croatia,hr,2,3G,Op B
19038,1,Mark-10,"Zagreb, Croatia",Quectel_EC21,219,Croatia,hr,2,3G,Op B
19123,1,Mark-10,"Zagreb, Croatia",Quectel_EC21,219,Croatia,hr,2,3G,Op B
19164,1,Mark-10,"Zagreb, Croatia",Quectel_EC21,219,Croatia,hr,2,3G,Op B
19650,1,Mark-10,"Zagreb, Croatia",Quectel_EC21,219,Croatia,hr,2,3G,Op B
19732,1,Mark-10,"Zagreb, Croatia",Quectel_EC21,219,Croatia,hr,2,3G,Op B
19734,1,Mark-10,"Zagreb, Croatia",Quectel_EC21,219,Croatia,hr,2,3G,Op B
19736,1,Mark-10,"Zagreb, Croatia",Quectel_EC21,219,Croatia,hr,2,3G,Op B
19739,1,Mark-10,"Zagreb, Croatia",Quectel_EC21,219,Croatia,hr,2,3G,Op B
19740,1,Mark-10,"Zagreb, Croatia",Quectel_EC21,219,Croatia,hr,2,3G,Op B
19742,1,Mark-10,"Zagreb, Croatia",Quectel_EC21,219,Croatia,hr,2,3G,Op B
20109,1,Mark-10,"Zagreb, Croatia",Quectel_EC21,219,Croatia,hr,2,3G,Op B
20145,1,Mark-10,"Zagreb, Croatia",Quectel_EC21,219,Croatia,hr,2,3G,Op B
20181,1,Mark-10,"Zagreb, Croatia",Quectel_EC21,219,Croatia,hr,2,3G,Op B
20217,1,Mark-10,"Zagreb, Croatia",Quectel_EC21,219,Croatia,hr,2,3G,Op B
20253,1,Mark-10,"Zagreb, Croatia",Quectel_EC21,219,Croatia,hr,2,3G,Op B
20289,1,Mark-10,"Zagreb, Croatia",Quectel_EC21,219,Croatia,hr,2,3G,Op B
20325,1,Mark-10,"Zagreb, Croatia",Quectel_EC21,219,Croatia,hr,2,3G,Op B
20361,1,Mark-10,"Zagreb, Croatia",Quectel_EC21,219,Croatia,hr,2,3G,Op B
20397,1,Mark-10,"Zagreb, Croatia",Quectel_EC21,219,Croatia,hr,2,3G,Op B
20433,1,Mark-10,"Zagreb, Croatia",Quectel_EC21,219,Croatia,hr,2,3G,Op B
22297,1,Mark-10,"Zagreb, Croatia",Quectel_EC21,219,Croatia,hr,2,3G,Op B
22298,1,Mark-10,"Zagreb, Croatia",Quectel_EC21,219,Croatia,hr,2,3G,Op B
22299,1,Mark-10,"Zagreb, Croatia",Quectel_EC21,219,Croatia,hr,2,3G,Op B
22300,1,Mark-10,"Zagreb, Croatia",Quectel_EC21,219,Croatia,hr,2,3G,Op B
22301,1,Mark-10,"Zagreb, Croatia",Quectel_EC21,219,Croatia,hr,2,3G,Op B
22982,1,Mark-10,"Zagreb, Croatia",Quectel_EC21,219,Croatia,hr,2,3G,Op B
23118,1,Mark-10,"Zagreb, Croatia",Quectel_EC21,219,Croatia,hr,2,3G,Op B
23119,1,Mark-10,"Zagreb, Croatia",Quectel_EC21,219,Croatia,hr,2,3G,Op B
23120,1,Mark-10,"Zagreb, Croatia",Quectel_EC21,219,Croatia,hr,2,3G,Op B
23121,1,Mark-10,"Zagreb, Croatia",Quectel_EC21,219,Croatia,hr,2,3G,Op B
23122,1,Mark-10,"Zagreb, Croatia",Quectel_EC21,219,Croatia,hr,2,3G,Op B
23123,1,Mark-10,"Zagreb, Croatia",Quectel_EC21,219,Croatia,hr,2,3G,Op B
23124,1,Mark-10,"Zagreb, Croatia",Quectel_EC21,219,Croatia,hr,2,3G,Op B
23125,1,Mark-10,"Zagreb, Croatia",Quectel_EC21,219,Croatia,hr,2,3G,Op B
23126,1,Mark-10,"Zagreb, Croatia",Quectel_EC21,219,Croatia,hr,2,3G,Op B
23127,1,Mark-10,"Zagreb, Croatia",Quectel_EC21,219,Croatia,hr,2,3G,Op B
23179,1,Mark-10,"Zagreb, Croatia",Quectel_EC21,219,Croatia,hr,2,3G,Op B
23238,1,Mark-10,"Zagreb, Croatia",Quectel_EC21,219,Croatia,hr,2,3G,Op B
23560,1,Mark-10,"Zagreb, Croatia",Quectel_EC21,219,Croatia,hr,2,3G,Op B
17377,1,Mark-10,"Zagreb, Croatia",Quectel_EC21,219,Croatia,hr,7,LTE CAT1,Op B
17549,1,Mark-10,"Zagreb, Croatia",Quectel_EC21,219,Croatia,hr,7,LTE CAT1,Op B
17551,1,Mark-10,"Zagreb, Croatia",Quectel_EC21,219,Croatia,hr,7,LTE CAT1,Op B
17552,1,Mark-10,"Zagreb, Croatia",Quectel_EC21,219,Croatia,hr,7,LTE CAT1,Op B
17555,1,Mark-10,"Zagreb, Croatia",Quectel_EC21,219,Croatia,hr,7,LTE CAT1,Op B
17685,1,Mark-10,"Zagreb, Croatia",Quectel_EC21,219,Croatia,hr,7,LTE CAT1,Op B
17764,1,Mark-10,"Zagreb, Croatia",Quectel_EC21,219,Croatia,hr,7,LTE CAT1,Op B
18820,1,Mark-10,"Zagreb, Croatia",Quectel_EC21,219,Croatia,hr,7,LTE CAT1,Op B
18884,1,Mark-10,"Zagreb, Croatia",Quectel_EC21,219,Croatia,hr,7,LTE CAT1,Op B
18898,1,Mark-10,"Zagreb, Croatia",Quectel_EC21,219,Croatia,hr,7,LTE CAT1,Op B
19044,1,Mark-10,"Zagreb, Croatia",Quectel_EC21,219,Croatia,hr,7,LTE CAT1,Op B
19117,1,Mark-10,"Zagreb, Croatia",Quectel_EC21,219,Croatia,hr,7,LTE CAT1,Op B
19158,1,Mark-10,"Zagreb, Croatia",Quectel_EC21,219,Croatia,hr,7,LTE CAT1,Op B
19659,1,Mark-10,"Zagreb, Croatia",Quectel_EC21,219,Croatia,hr,7,LTE CAT1,Op B
19918,1,Mark-10,"Zagreb, Croatia",Quectel_EC21,219,Croatia,hr,7,LTE CAT1,Op B
19957,1,Mark-10,"Zagreb, Croatia",Quectel_EC21,219,Croatia,hr,7,LTE CAT1,Op B
20110,1,Mark-10,"Zagreb, Croatia",Quectel_EC21,219,Croatia,hr,7,LTE CAT1,Op B
20146,1,Mark-10,"Zagreb, Croatia",Quectel_EC21,219,Croatia,hr,7,LTE CAT1,Op B
20182,1,Mark-10,"Zagreb, Croatia",Quectel_EC21,219,Croatia,hr,7,LTE CAT1,Op B
20218,1,Mark-10,"Zagreb, Croatia",Quectel_EC21,219,Croatia,hr,7,LTE CAT1,Op B
20254,1,Mark-10,"Zagreb, Croatia",Quectel_EC21,219,Croatia,hr,7,LTE CAT1,Op B
20290,1,Mark-10,"Zagreb, Croatia",Quectel_EC21,219,Croatia,hr,7,LTE CAT1,Op B
20326,1,Mark-10,"Zagreb, Croatia",Quectel_EC21,219,Croatia,hr,7,LTE CAT1,Op B
20362,1,Mark-10,"Zagreb, Croatia",Quectel_EC21,219,Croatia,hr,7,LTE CAT1,Op B
20398,1,Mark-10,"Zagreb, Croatia",Quectel_EC21,219,Croatia,hr,7,LTE CAT1,Op B
20434,1,Mark-10,"Zagreb, Croatia",Quectel_EC21,219,Croatia,hr,7,LTE CAT1,Op B
22983,1,Mark-10,"Zagreb, Croatia",Quectel_EC21,219,Croatia,hr,7,LTE CAT1,Op B
23180,1,Mark-10,"Zagreb, Croatia",Quectel_EC21,219,Croatia,hr,7,LTE CAT1,Op B
23239,1,Mark-10,"Zagreb, Croatia",Quectel_EC21,219,Croatia,hr,7,LTE CAT1,Op B
23561,1,Mark-10,"Zagreb, Croatia",Quectel_EC21,219,Croatia,hr,7,LTE CAT1,Op B
17564,1,Mark-10,"Zagreb, Croatia",Quectel_BG96,219,Croatia,hr,8,LTE-M,Op B
17772,1,Mark-10,"Zagreb, Croatia",Quectel_BG96,219,Croatia,hr,8,LTE-M,Op B
18894,1,Mark-10,"Zagreb, Croatia",Quectel_BG96,219,Croatia,hr,8,LTE-M,Op B
18908,1,Mark-10,"Zagreb, Croatia",Quectel_BG96,219,Croatia,hr,8,LTE-M,Op B
19035,1,Mark-10,"Zagreb, Croatia",Quectel_BG96,219,Croatia,hr,8,LTE-M,Op B
19138,1,Mark-10,"Zagreb, Croatia",Quectel_BG96,219,Croatia,hr,8,LTE-M,Op B
20503,1,Mark-10,"Zagreb, Croatia",Quectel_BG96,219,Croatia,hr,8,LTE-M,Op B
20572,1,Mark-10,"Zagreb, Croatia",Quectel_BG96,219,Croatia,hr,8,LTE-M,Op B
20752,1,Mark-10,"Zagreb, Croatia",Quectel_BG96,219,Croatia,hr,8,LTE-M,Op B
20779,1,Mark-10,"Zagreb, Croatia",Quectel_BG96,219,Croatia,hr,8,LTE-M,Op B
20806,1,Mark-10,"Zagreb, Croatia",Quectel_BG96,219,Croatia,hr,8,LTE-M,Op B
20833,1,Mark-10,"Zagreb, Croatia",Quectel_BG96,219,Croatia,hr,8,LTE-M,Op B
20860,1,Mark-10,"Zagreb, Croatia",Quectel_BG96,219,Croatia,hr,8,LTE-M,Op B
20887,1,Mark-10,"Zagreb, Croatia",Quectel_BG96,219,Croatia,hr,8,LTE-M,Op B
20914,1,Mark-10,"Zagreb, Croatia",Quectel_BG96,219,Croatia,hr,8,LTE-M,Op B
20941,1,Mark-10,"Zagreb, Croatia",Quectel_BG96,219,Croatia,hr,8,LTE-M,Op B
20968,1,Mark-10,"Zagreb, Croatia",Quectel_BG96,219,Croatia,hr,8,LTE-M,Op B
20995,1,Mark-10,"Zagreb, Croatia",Quectel_BG96,219,Croatia,hr,8,LTE-M,Op B
23208,1,Mark-10,"Zagreb, Croatia",Quectel_BG96,219,Croatia,hr,8,LTE-M,Op B
23267,1,Mark-10,"Zagreb, Croatia",Quectel_BG96,219,Croatia,hr,8,LTE-M,Op B
23589,1,Mark-10,"Zagreb, Croatia",Quectel_BG96,219,Croatia,hr,8,LTE-M,Op B
17378,1,Mark-10,"Zagreb, Croatia",Quectel_BG96,219,Croatia,hr,9,NB-IoT,Op B
17435,1,Mark-10,"Zagreb, Croatia",Quectel_BG96,219,Croatia,hr,9,NB-IoT,Op B
17439,1,Mark-10,"Zagreb, Croatia",Quectel_BG96,219,Croatia,hr,9,NB-IoT,Op B
17445,1,Mark-10,"Zagreb, Croatia",Quectel_BG96,219,Croatia,hr,9,NB-IoT,Op B
17446,1,Mark-10,"Zagreb, Croatia",Quectel_BG96,219,Croatia,hr,9,NB-IoT,Op B
17566,1,Mark-10,"Zagreb, Croatia",Quectel_BG96,219,Croatia,hr,9,NB-IoT,Op B
17773,1,Mark-10,"Zagreb, Croatia",Quectel_BG96,219,Croatia,hr,9,NB-IoT,Op B
18819,1,Mark-10,"Zagreb, Croatia",Quectel_BG96,219,Croatia,hr,9,NB-IoT,Op B
18835,1,Mark-10,"Zagreb, Croatia",Quectel_BG96,219,Croatia,hr,9,NB-IoT,Op B
18896,1,Mark-10,"Zagreb, Croatia",Quectel_BG96,219,Croatia,hr,9,NB-IoT,Op B
18910,1,Mark-10,"Zagreb, Croatia",Quectel_BG96,219,Croatia,hr,9,NB-IoT,Op B
19034,1,Mark-10,"Zagreb, Croatia",Quectel_BG96,219,Croatia,hr,9,NB-IoT,Op B
19125,1,Mark-10,"Zagreb, Croatia",Quectel_BG96,219,Croatia,hr,9,NB-IoT,Op B
20497,1,Mark-10,"Zagreb, Croatia",Quectel_BG96,219,Croatia,hr,9,NB-IoT,Op B
20529,1,Mark-10,"Zagreb, Croatia",Quectel_BG96,219,Croatia,hr,9,NB-IoT,Op B
20566,1,Mark-10,"Zagreb, Croatia",Quectel_BG96,219,Croatia,hr,9,NB-IoT,Op B
20746,1,Mark-10,"Zagreb, Croatia",Quectel_BG96,219,Croatia,hr,9,NB-IoT,Op B
20773,1,Mark-10,"Zagreb, Croatia",Quectel_BG96,219,Croatia,hr,9,NB-IoT,Op B
20800,1,Mark-10,"Zagreb, Croatia",Quectel_BG96,219,Croatia,hr,9,NB-IoT,Op B
20827,1,Mark-10,"Zagreb, Croatia",Quectel_BG96,219,Croatia,hr,9,NB-IoT,Op B
20854,1,Mark-10,"Zagreb, Croatia",Quectel_BG96,219,Croatia,hr,9,NB-IoT,Op B
20881,1,Mark-10,"Zagreb, Croatia",Quectel_BG96,219,Croatia,hr,9,NB-IoT,Op B
20908,1,Mark-10,"Zagreb, Croatia",Quectel_BG96,219,Croatia,hr,9,NB-IoT,Op B
20935,1,Mark-10,"Zagreb, Croatia",Quectel_BG96,219,Croatia,hr,9,NB-IoT,Op B
20962,1,Mark-10,"Zagreb, Croatia",Quectel_BG96,219,Croatia,hr,9,NB-IoT,Op B
20989,1,Mark-10,"Zagreb, Croatia",Quectel_BG96,219,Croatia,hr,9,NB-IoT,Op B
23003,1,Mark-10,"Zagreb, Croatia",Quectel_BG96,219,Croatia,hr,9,NB-IoT,Op B
23200,1,Mark-10,"Zagreb, Croatia",Quectel_BG96,219,Croatia,hr,9,NB-IoT,Op B
23259,1,Mark-10,"Zagreb, Croatia",Quectel_BG96,219,Croatia,hr,9,NB-IoT,Op B
23581,1,Mark-10,"Zagreb, Croatia",Quectel_BG96,219,Croatia,hr,9,NB-IoT,Op B
17442,1,Mark-10,"Zagreb, Croatia",Quectel_EC21,219,Croatia,hr,0,2G,Op C
17556,1,Mark-10,"Zagreb, Croatia",Quectel_EC21,219,Croatia,hr,0,2G,Op C
17765,1,Mark-10,"Zagreb, Croatia",Quectel_EC21,219,Croatia,hr,0,2G,Op C
18824,1,Mark-10,"Zagreb, Croatia",Quectel_EC21,219,Croatia,hr,0,2G,Op C
18885,1,Mark-10,"Zagreb, Croatia",Quectel_EC21,219,Croatia,hr,0,2G,Op C
18899,1,Mark-10,"Zagreb, Croatia",Quectel_EC21,219,Croatia,hr,0,2G,Op C
19043,1,Mark-10,"Zagreb, Croatia",Quectel_EC21,219,Croatia,hr,0,2G,Op C
19118,1,Mark-10,"Zagreb, Croatia",Quectel_EC21,219,Croatia,hr,0,2G,Op C
19159,1,Mark-10,"Zagreb, Croatia",Quectel_EC21,219,Croatia,hr,0,2G,Op C
20115,1,Mark-10,"Zagreb, Croatia",Quectel_EC21,219,Croatia,hr,0,2G,Op C
20151,1,Mark-10,"Zagreb, Croatia",Quectel_EC21,219,Croatia,hr,0,2G,Op C
20187,1,Mark-10,"Zagreb, Croatia",Quectel_EC21,219,Croatia,hr,0,2G,Op C
20223,1,Mark-10,"Zagreb, Croatia",Quectel_EC21,219,Croatia,hr,0,2G,Op C
20259,1,Mark-10,"Zagreb, Croatia",Quectel_EC21,219,Croatia,hr,0,2G,Op C
20295,1,Mark-10,"Zagreb, Croatia",Quectel_EC21,219,Croatia,hr,0,2G,Op C
20331,1,Mark-10,"Zagreb, Croatia",Quectel_EC21,219,Croatia,hr,0,2G,Op C
20367,1,Mark-10,"Zagreb, Croatia",Quectel_EC21,219,Croatia,hr,0,2G,Op C
20403,1,Mark-10,"Zagreb, Croatia",Quectel_EC21,219,Croatia,hr,0,2G,Op C
20439,1,Mark-10,"Zagreb, Croatia",Quectel_EC21,219,Croatia,hr,0,2G,Op C
22990,1,Mark-10,"Zagreb, Croatia",Quectel_EC21,219,Croatia,hr,0,2G,Op C
23187,1,Mark-10,"Zagreb, Croatia",Quectel_EC21,219,Croatia,hr,0,2G,Op C
23246,1,Mark-10,"Zagreb, Croatia",Quectel_EC21,219,Croatia,hr,0,2G,Op C
23568,1,Mark-10,"Zagreb, Croatia",Quectel_EC21,219,Croatia,hr,0,2G,Op C
17417,1,Mark-10,"Zagreb, Croatia",Quectel_EC21,219,Croatia,hr,7,LTE CAT1,Op C
17567,1,Mark-10,"Zagreb, Croatia",Quectel_EC21,219,Croatia,hr,7,LTE CAT1,Op C
17762,1,Mark-10,"Zagreb, Croatia",Quectel_EC21,219,Croatia,hr,7,LTE CAT1,Op C
17841,1,Mark-10,"Zagreb, Croatia",Quectel_EC21,219,Croatia,hr,7,LTE CAT1,Op C
18589,1,Mark-10,"Zagreb, Croatia",Quectel_EC21,219,Croatia,hr,7,LTE CAT1,Op C
18590,1,Mark-10,"Zagreb, Croatia",Quectel_EC21,219,Croatia,hr,7,LTE CAT1,Op C
18615,1,Mark-10,"Zagreb, Croatia",Quectel_EC21,219,Croatia,hr,7,LTE CAT1,Op C
18825,1,Mark-10,"Zagreb, Croatia",Quectel_EC21,219,Croatia,hr,7,LTE CAT1,Op C
18886,1,Mark-10,"Zagreb, Croatia",Quectel_EC21,219,Croatia,hr,7,LTE CAT1,Op C
18900,1,Mark-10,"Zagreb, Croatia",Quectel_EC21,219,Croatia,hr,7,LTE CAT1,Op C
19119,1,Mark-10,"Zagreb, Croatia",Quectel_EC21,219,Croatia,hr,7,LTE CAT1,Op C
19160,1,Mark-10,"Zagreb, Croatia",Quectel_EC21,219,Croatia,hr,7,LTE CAT1,Op C
20124,1,Mark-10,"Zagreb, Croatia",Quectel_EC21,219,Croatia,hr,7,LTE CAT1,Op C
20160,1,Mark-10,"Zagreb, Croatia",Quectel_EC21,219,Croatia,hr,7,LTE CAT1,Op C
20196,1,Mark-10,"Zagreb, Croatia",Quectel_EC21,219,Croatia,hr,7,LTE CAT1,Op C
20232,1,Mark-10,"Zagreb, Croatia",Quectel_EC21,219,Croatia,hr,7,LTE CAT1,Op C
20268,1,Mark-10,"Zagreb, Croatia",Quectel_EC21,219,Croatia,hr,7,LTE CAT1,Op C
20304,1,Mark-10,"Zagreb, Croatia",Quectel_EC21,219,Croatia,hr,7,LTE CAT1,Op C
20376,1,Mark-10,"Zagreb, Croatia",Quectel_EC21,219,Croatia,hr,7,LTE CAT1,Op C
20412,1,Mark-10,"Zagreb, Croatia",Quectel_EC21,219,Croatia,hr,7,LTE CAT1,Op C
22303,1,Mark-10,"Zagreb, Croatia",Quectel_EC21,219,Croatia,hr,7,LTE CAT1,Op C
22304,1,Mark-10,"Zagreb, Croatia",Quectel_EC21,219,Croatia,hr,7,LTE CAT1,Op C
22816,1,Mark-10,"Zagreb, Croatia",Quectel_EC21,219,Croatia,hr,7,LTE CAT1,Op C
23001,1,Mark-10,"Zagreb, Croatia",Quectel_EC21,219,Croatia,hr,7,LTE CAT1,Op C
23198,1,Mark-10,"Zagreb, Croatia",Quectel_EC21,219,Croatia,hr,7,LTE CAT1,Op C
23257,1,Mark-10,"Zagreb, Croatia",Quectel_EC21,219,Croatia,hr,7,LTE CAT1,Op C
17440,1,Mark-10,"Zagreb, Croatia",Quectel_BG96,219,Croatia,hr,0,2G,Op A
17444,1,Mark-10,"Zagreb, Croatia",Quectel_EC21,219,Croatia,hr,0,2G,Op A
17547,1,Mark-10,"Zagreb, Croatia",Quectel_EC21,219,Croatia,hr,0,2G,Op A
17550,1,Mark-10,"Zagreb, Croatia",Quectel_BG96,219,Croatia,hr,0,2G,Op A
17557,1,Mark-10,"Zagreb, Croatia",Quectel_EC21,219,Croatia,hr,0,2G,Op A
17562,1,Mark-10,"Zagreb, Croatia",Quectel_BG96,219,Croatia,hr,0,2G,Op A
17766,1,Mark-10,"Zagreb, Croatia",Quectel_EC21,219,Croatia,hr,0,2G,Op A
17771,1,Mark-10,"Zagreb, Croatia",Quectel_BG96,219,Croatia,hr,0,2G,Op A
18810,1,Mark-10,"Zagreb, Croatia",Quectel_BG96,219,Croatia,hr,0,2G,Op A
18827,1,Mark-10,"Zagreb, Croatia",Quectel_EC21,219,Croatia,hr,0,2G,Op A
18831,1,Mark-10,"Zagreb, Croatia",Quectel_BG96,219,Croatia,hr,0,2G,Op A
18888,1,Mark-10,"Zagreb, Croatia",Quectel_EC21,219,Croatia,hr,0,2G,Op A
18892,1,Mark-10,"Zagreb, Croatia",Quectel_BG96,219,Croatia,hr,0,2G,Op A
18902,1,Mark-10,"Zagreb, Croatia",Quectel_EC21,219,Croatia,hr,0,2G,Op A
18906,1,Mark-10,"Zagreb, Croatia",Quectel_BG96,219,Croatia,hr,0,2G,Op A
19036,1,Mark-10,"Zagreb, Croatia",Quectel_BG96,219,Croatia,hr,0,2G,Op A
19040,1,Mark-10,"Zagreb, Croatia",Quectel_EC21,219,Croatia,hr,0,2G,Op A
19114,1,Mark-10,"Zagreb, Croatia",Quectel_BG96,219,Croatia,hr,0,2G,Op A
19121,1,Mark-10,"Zagreb, Croatia",Quectel_EC21,219,Croatia,hr,0,2G,Op A
19155,1,Mark-10,"Zagreb, Croatia",Quectel_BG96,219,Croatia,hr,0,2G,Op A
19162,1,Mark-10,"Zagreb, Croatia",Quectel_EC21,219,Croatia,hr,0,2G,Op A
20117,1,Mark-10,"Zagreb, Croatia",Quectel_EC21,219,Croatia,hr,0,2G,Op A
20153,1,Mark-10,"Zagreb, Croatia",Quectel_EC21,219,Croatia,hr,0,2G,Op A
20189,1,Mark-10,"Zagreb, Croatia",Quectel_EC21,219,Croatia,hr,0,2G,Op A
20225,1,Mark-10,"Zagreb, Croatia",Quectel_EC21,219,Croatia,hr,0,2G,Op A
20261,1,Mark-10,"Zagreb, Croatia",Quectel_EC21,219,Croatia,hr,0,2G,Op A
20297,1,Mark-10,"Zagreb, Croatia",Quectel_EC21,219,Croatia,hr,0,2G,Op A
20333,1,Mark-10,"Zagreb, Croatia",Quectel_EC21,219,Croatia,hr,0,2G,Op A
20369,1,Mark-10,"Zagreb, Croatia",Quectel_EC21,219,Croatia,hr,0,2G,Op A
20405,1,Mark-10,"Zagreb, Croatia",Quectel_EC21,219,Croatia,hr,0,2G,Op A
20441,1,Mark-10,"Zagreb, Croatia",Quectel_EC21,219,Croatia,hr,0,2G,Op A
20504,1,Mark-10,"Zagreb, Croatia",Quectel_BG96,219,Croatia,hr,0,2G,Op A
20536,1,Mark-10,"Zagreb, Croatia",Quectel_BG96,219,Croatia,hr,0,2G,Op A
20573,1,Mark-10,"Zagreb, Croatia",Quectel_BG96,219,Croatia,hr,0,2G,Op A
20753,1,Mark-10,"Zagreb, Croatia",Quectel_BG96,219,Croatia,hr,0,2G,Op A
20780,1,Mark-10,"Zagreb, Croatia",Quectel_BG96,219,Croatia,hr,0,2G,Op A
20807,1,Mark-10,"Zagreb, Croatia",Quectel_BG96,219,Croatia,hr,0,2G,Op A
20834,1,Mark-10,"Zagreb, Croatia",Quectel_BG96,219,Croatia,hr,0,2G,Op A
20861,1,Mark-10,"Zagreb, Croatia",Quectel_BG96,219,Croatia,hr,0,2G,Op A
20888,1,Mark-10,"Zagreb, Croatia",Quectel_BG96,219,Croatia,hr,0,2G,Op A
20915,1,Mark-10,"Zagreb, Croatia",Quectel_BG96,219,Croatia,hr,0,2G,Op A
20942,1,Mark-10,"Zagreb, Croatia",Quectel_BG96,219,Croatia,hr,0,2G,Op A
20969,1,Mark-10,"Zagreb, Croatia",Quectel_BG96,219,Croatia,hr,0,2G,Op A
20996,1,Mark-10,"Zagreb, Croatia",Quectel_BG96,219,Croatia,hr,0,2G,Op A
22992,1,Mark-10,"Zagreb, Croatia",Quectel_EC21,219,Croatia,hr,0,2G,Op A
23014,1,Mark-10,"Zagreb, Croatia",Quectel_BG96,219,Croatia,hr,0,2G,Op A
23189,1,Mark-10,"Zagreb, Croatia",Quectel_EC21,219,Croatia,hr,0,2G,Op A
23211,1,Mark-10,"Zagreb, Croatia",Quectel_BG96,219,Croatia,hr,0,2G,Op A
23248,1,Mark-10,"Zagreb, Croatia",Quectel_EC21,219,Croatia,hr,0,2G,Op A
23270,1,Mark-10,"Zagreb, Croatia",Quectel_BG96,219,Croatia,hr,0,2G,Op A
23570,1,Mark-10,"Zagreb, Croatia",Quectel_EC21,219,Croatia,hr,0,2G,Op A
23592,1,Mark-10,"Zagreb, Croatia",Quectel_BG96,219,Croatia,hr,0,2G,Op A
17441,1,Mark-10,"Zagreb, Croatia",Quectel_EC21,219,Croatia,hr,2,3G,Op A
17559,1,Mark-10,"Zagreb, Croatia",Quectel_EC21,219,Croatia,hr,2,3G,Op A
17769,1,Mark-10,"Zagreb, Croatia",Quectel_EC21,219,Croatia,hr,2,3G,Op A
18809,1,Mark-10,"Zagreb, Croatia",Quectel_EC21,219,Croatia,hr,2,3G,Op A
18826,1,Mark-10,"Zagreb, Croatia",Quectel_EC21,219,Croatia,hr,2,3G,Op A
18887,1,Mark-10,"Zagreb, Croatia",Quectel_EC21,219,Croatia,hr,2,3G,Op A
18901,1,Mark-10,"Zagreb, Croatia",Quectel_EC21,219,Croatia,hr,2,3G,Op A
19041,1,Mark-10,"Zagreb, Croatia",Quectel_EC21,219,Croatia,hr,2,3G,Op A
19120,1,Mark-10,"Zagreb, Croatia",Quectel_EC21,219,Croatia,hr,2,3G,Op A
19161,1,Mark-10,"Zagreb, Croatia",Quectel_EC21,219,Croatia,hr,2,3G,Op A
19640,1,Mark-10,"Zagreb, Croatia",Quectel_EC21,219,Croatia,hr,2,3G,Op A
19731,1,Mark-10,"Zagreb, Croatia",Quectel_EC21,219,Croatia,hr,2,3G,Op A
19733,1,Mark-10,"Zagreb, Croatia",Quectel_EC21,219,Croatia,hr,2,3G,Op A
19735,1,Mark-10,"Zagreb, Croatia",Quectel_EC21,219,Croatia,hr,2,3G,Op A
19737,1,Mark-10,"Zagreb, Croatia",Quectel_EC21,219,Croatia,hr,2,3G,Op A
19738,1,Mark-10,"Zagreb, Croatia",Quectel_EC21,219,Croatia,hr,2,3G,Op A
19741,1,Mark-10,"Zagreb, Croatia",Quectel_EC21,219,Croatia,hr,2,3G,Op A
20132,1,Mark-10,"Zagreb, Croatia",Quectel_EC21,219,Croatia,hr,2,3G,Op A
20168,1,Mark-10,"Zagreb, Croatia",Quectel_EC21,219,Croatia,hr,2,3G,Op A
20204,1,Mark-10,"Zagreb, Croatia",Quectel_EC21,219,Croatia,hr,2,3G,Op A
20276,1,Mark-10,"Zagreb, Croatia",Quectel_EC21,219,Croatia,hr,2,3G,Op A
20312,1,Mark-10,"Zagreb, Croatia",Quectel_EC21,219,Croatia,hr,2,3G,Op A
20348,1,Mark-10,"Zagreb, Croatia",Quectel_EC21,219,Croatia,hr,2,3G,Op A
20384,1,Mark-10,"Zagreb, Croatia",Quectel_EC21,219,Croatia,hr,2,3G,Op A
20420,1,Mark-10,"Zagreb, Croatia",Quectel_EC21,219,Croatia,hr,2,3G,Op A
20456,1,Mark-10,"Zagreb, Croatia",Quectel_EC21,219,Croatia,hr,2,3G,Op A
22291,1,Mark-10,"Zagreb, Croatia",Quectel_EC21,219,Croatia,hr,2,3G,Op A
22293,1,Mark-10,"Zagreb, Croatia",Quectel_EC21,219,Croatia,hr,2,3G,Op A
22294,1,Mark-10,"Zagreb, Croatia",Quectel_EC21,219,Croatia,hr,2,3G,Op A
22295,1,Mark-10,"Zagreb, Croatia",Quectel_EC21,219,Croatia,hr,2,3G,Op A
22296,1,Mark-10,"Zagreb, Croatia",Quectel_EC21,219,Croatia,hr,2,3G,Op A
22818,1,Mark-10,"Zagreb, Croatia",Quectel_EC21,219,Croatia,hr,2,3G,Op A
23018,1,Mark-10,"Zagreb, Croatia",Quectel_EC21,219,Croatia,hr,2,3G,Op A
23108,1,Mark-10,"Zagreb, Croatia",Quectel_EC21,219,Croatia,hr,2,3G,Op A
23110,1,Mark-10,"Zagreb, Croatia",Quectel_EC21,219,Croatia,hr,2,3G,Op A
23111,1,Mark-10,"Zagreb, Croatia",Quectel_EC21,219,Croatia,hr,2,3G,Op A
23112,1,Mark-10,"Zagreb, Croatia",Quectel_EC21,219,Croatia,hr,2,3G,Op A
23113,1,Mark-10,"Zagreb, Croatia",Quectel_EC21,219,Croatia,hr,2,3G,Op A
23114,1,Mark-10,"Zagreb, Croatia",Quectel_EC21,219,Croatia,hr,2,3G,Op A
23115,1,Mark-10,"Zagreb, Croatia",Quectel_EC21,219,Croatia,hr,2,3G,Op A
23116,1,Mark-10,"Zagreb, Croatia",Quectel_EC21,219,Croatia,hr,2,3G,Op A
23117,1,Mark-10,"Zagreb, Croatia",Quectel_EC21,219,Croatia,hr,2,3G,Op A
23149,1,Mark-10,"Zagreb, Croatia",Quectel_EC21,219,Croatia,hr,2,3G,Op A
23150,1,Mark-10,"Zagreb, Croatia",Quectel_EC21,219,Croatia,hr,2,3G,Op A
23215,1,Mark-10,"Zagreb, Croatia",Quectel_EC21,219,Croatia,hr,2,3G,Op A
17438,1,Mark-10,"Zagreb, Croatia",Quectel_EC21,219,Croatia,hr,7,LTE CAT1,Op A
17554,1,Mark-10,"Zagreb, Croatia",Quectel_EC21,219,Croatia,hr,7,LTE CAT1,Op A
17763,1,Mark-10,"Zagreb, Croatia",Quectel_EC21,219,Croatia,hr,7,LTE CAT1,Op A
18828,1,Mark-10,"Zagreb, Croatia",Quectel_EC21,219,Croatia,hr,7,LTE CAT1,Op A
18889,1,Mark-10,"Zagreb, Croatia",Quectel_EC21,219,Croatia,hr,7,LTE CAT1,Op A
18903,1,Mark-10,"Zagreb, Croatia",Quectel_EC21,219,Croatia,hr,7,LTE CAT1,Op A
19039,1,Mark-10,"Zagreb, Croatia",Quectel_EC21,219,Croatia,hr,7,LTE CAT1,Op A
19122,1,Mark-10,"Zagreb, Croatia",Quectel_EC21,219,Croatia,hr,7,LTE CAT1,Op A
19163,1,Mark-10,"Zagreb, Croatia",Quectel_EC21,219,Croatia,hr,7,LTE CAT1,Op A
20173,1,Mark-10,"Zagreb, Croatia",Quectel_EC21,219,Croatia,hr,7,LTE CAT1,Op A
20209,1,Mark-10,"Zagreb, Croatia",Quectel_EC21,219,Croatia,hr,7,LTE CAT1,Op A
20281,1,Mark-10,"Zagreb, Croatia",Quectel_EC21,219,Croatia,hr,7,LTE CAT1,Op A
20317,1,Mark-10,"Zagreb, Croatia",Quectel_EC21,219,Croatia,hr,7,LTE CAT1,Op A
20353,1,Mark-10,"Zagreb, Croatia",Quectel_EC21,219,Croatia,hr,7,LTE CAT1,Op A
20389,1,Mark-10,"Zagreb, Croatia",Quectel_EC21,219,Croatia,hr,7,LTE CAT1,Op A
22964,1,Mark-10,"Zagreb, Croatia",Quectel_EC21,219,Croatia,hr,7,LTE CAT1,Op A
23161,1,Mark-10,"Zagreb, Croatia",Quectel_EC21,219,Croatia,hr,7,LTE CAT1,Op A
23220,1,Mark-10,"Zagreb, Croatia",Quectel_EC21,219,Croatia,hr,7,LTE CAT1,Op A
23542,1,Mark-10,"Zagreb, Croatia",Quectel_EC21,219,Croatia,hr,7,LTE CAT1,Op A
10048,1,Mark-7,"Trondheim, Norway",Quectel_EC21,262,Germany,de,0,2G,Op A
10049,1,Mark-7,"Trondheim, Norway",Quectel_EC21,262,Germany,de,0,2G,Op A
10054,1,Mark-7,"Trondheim, Norway",Quectel_EC21,262,Germany,de,0,2G,Op A
10055,1,Mark-7,"Trondheim, Norway",Quectel_EC21,262,Germany,de,0,2G,Op A
10057,1,Mark-7,"Trondheim, Norway",Quectel_EC21,262,Germany,de,0,2G,Op A
10058,1,Mark-7,"Trondheim, Norway",Quectel_EC21,262,Germany,de,0,2G,Op A
10059,1,Mark-7,"Trondheim, Norway",Quectel_EC21,262,Germany,de,0,2G,Op A
10060,1,Mark-7,"Trondheim, Norway",Quectel_EC21,262,Germany,de,0,2G,Op A
10071,1,Mark-7,"Trondheim, Norway",Quectel_EC21,262,Germany,de,0,2G,Op A
10072,1,Mark-7,"Trondheim, Norway",Quectel_EC21,262,Germany,de,0,2G,Op A
10073,1,Mark-7,"Trondheim, Norway",Quectel_EC21,262,Germany,de,0,2G,Op A
10076,1,Mark-7,"Trondheim, Norway",Quectel_EC21,262,Germany,de,0,2G,Op A
10077,1,Mark-7,"Trondheim, Norway",Quectel_EC21,262,Germany,de,0,2G,Op A
10080,1,Mark-7,"Trondheim, Norway",Quectel_EC21,262,Germany,de,0,2G,Op A
10082,1,Mark-7,"Trondheim, Norway",Quectel_EC21,262,Germany,de,0,2G,Op A
10085,1,Mark-7,"Trondheim, Norway",Quectel_EC21,262,Germany,de,0,2G,Op A
10087,1,Mark-7,"Trondheim, Norway",Quectel_EC21,262,Germany,de,0,2G,Op A
10091,1,Mark-7,"Trondheim, Norway",Quectel_EC21,262,Germany,de,0,2G,Op A
10098,1,Mark-7,"Trondheim, Norway",Quectel_EC21,262,Germany,de,0,2G,Op A
10100,1,Mark-7,"Trondheim, Norway",Quectel_EC21,262,Germany,de,0,2G,Op A
10102,1,Mark-7,"Trondheim, Norway",Quectel_EC21,262,Germany,de,0,2G,Op A
10103,1,Mark-7,"Trondheim, Norway",Quectel_EC21,262,Germany,de,0,2G,Op A
10104,1,Mark-7,"Trondheim, Norway",Quectel_EC21,262,Germany,de,0,2G,Op A
10106,1,Mark-7,"Trondheim, Norway",Quectel_EC21,262,Germany,de,0,2G,Op A
10107,1,Mark-7,"Trondheim, Norway",Quectel_EC21,262,Germany,de,0,2G,Op A
10108,1,Mark-7,"Trondheim, Norway",Quectel_EC21,262,Germany,de,0,2G,Op A
10115,1,Mark-7,"Trondheim, Norway",Quectel_EC21,262,Germany,de,0,2G,Op A
10117,1,Mark-7,"Trondheim, Norway",Quectel_EC21,262,Germany,de,0,2G,Op A
10130,1,Mark-7,"Trondheim, Norway",Quectel_EC21,262,Germany,de,0,2G,Op A
10142,1,Mark-7,"Trondheim, Norway",Quectel_EC21,262,Germany,de,0,2G,Op A
10458,1,Mark-5,"Würzburg, Germany",Quectel_EC21,262,Germany,de,0,2G,Op A
10465,1,Mark-5,"Würzburg, Germany",Quectel_EC21,262,Germany,de,0,2G,Op A
10466,1,Mark-5,"Würzburg, Germany",Quectel_EC21,262,Germany,de,0,2G,Op A
10468,1,Mark-5,"Würzburg, Germany",Quectel_EC21,262,Germany,de,0,2G,Op A
10470,1,Mark-5,"Würzburg, Germany",Quectel_EC21,262,Germany,de,0,2G,Op A
10481,1,Mark-5,"Würzburg, Germany",Quectel_EC21,262,Germany,de,0,2G,Op A
10482,1,Mark-5,"Würzburg, Germany",Quectel_EC21,262,Germany,de,0,2G,Op A
10487,1,Mark-5,"Würzburg, Germany",Quectel_EC21,262,Germany,de,0,2G,Op A
10488,1,Mark-5,"Würzburg, Germany",Quectel_EC21,262,Germany,de,0,2G,Op A
10489,1,Mark-5,"Würzburg, Germany",Quectel_EC21,262,Germany,de,0,2G,Op A
10490,1,Mark-5,"Würzburg, Germany",Quectel_EC21,262,Germany,de,0,2G,Op A
10498,1,Mark-5,"Würzburg, Germany",Quectel_EC21,262,Germany,de,0,2G,Op A
10500,1,Mark-5,"Würzburg, Germany",Quectel_EC21,262,Germany,de,0,2G,Op A
10502,1,Mark-5,"Würzburg, Germany",Quectel_EC21,262,Germany,de,0,2G,Op A
10504,1,Mark-5,"Würzburg, Germany",Quectel_EC21,262,Germany,de,0,2G,Op A
10521,1,Mark-5,"Würzburg, Germany",Quectel_EC21,262,Germany,de,0,2G,Op A
10522,1,Mark-5,"Würzburg, Germany",Quectel_EC21,262,Germany,de,0,2G,Op A
10523,1,Mark-5,"Würzburg, Germany",Quectel_EC21,262,Germany,de,0,2G,Op A
10526,1,Mark-5,"Würzburg, Germany",Quectel_EC21,262,Germany,de,0,2G,Op A
10530,1,Mark-5,"Würzburg, Germany",Quectel_EC21,262,Germany,de,0,2G,Op A
10533,1,Mark-5,"Würzburg, Germany",Quectel_EC21,262,Germany,de,0,2G,Op A
10535,1,Mark-5,"Würzburg, Germany",Quectel_EC21,262,Germany,de,0,2G,Op A
10539,1,Mark-5,"Würzburg, Germany",Quectel_EC21,262,Germany,de,0,2G,Op A
10540,1,Mark-5,"Würzburg, Germany",Quectel_EC21,262,Germany,de,0,2G,Op A
10559,1,Mark-5,"Würzburg, Germany",Quectel_EC21,262,Germany,de,0,2G,Op A
10560,1,Mark-5,"Würzburg, Germany",Quectel_EC21,262,Germany,de,0,2G,Op A
10561,1,Mark-5,"Würzburg, Germany",Quectel_EC21,262,Germany,de,0,2G,Op A
10562,1,Mark-5,"Würzburg, Germany",Quectel_EC21,262,Germany,de,0,2G,Op A
10563,1,Mark-5,"Würzburg, Germany",Quectel_EC21,262,Germany,de,0,2G,Op A
10564,1,Mark-5,"Würzburg, Germany",Quectel_EC21,262,Germany,de,0,2G,Op A
10565,1,Mark-5,"Würzburg, Germany",Quectel_EC21,262,Germany,de,0,2G,Op A
10566,1,Mark-5,"Würzburg, Germany",Quectel_EC21,262,Germany,de,0,2G,Op A
10567,1,Mark-5,"Würzburg, Germany",Quectel_EC21,262,Germany,de,0,2G,Op A
10568,1,Mark-5,"Würzburg, Germany",Quectel_EC21,262,Germany,de,0,2G,Op A
10569,1,Mark-5,"Würzburg, Germany",Quectel_EC21,262,Germany,de,0,2G,Op A
10570,1,Mark-5,"Würzburg, Germany",Quectel_EC21,262,Germany,de,0,2G,Op A
10571,1,Mark-5,"Würzburg, Germany",Quectel_EC21,262,Germany,de,0,2G,Op A
10572,1,Mark-5,"Würzburg, Germany",Quectel_EC21,262,Germany,de,0,2G,Op A
10573,1,Mark-5,"Würzburg, Germany",Quectel_EC21,262,Germany,de,0,2G,Op A
10574,1,Mark-5,"Würzburg, Germany",Quectel_EC21,262,Germany,de,0,2G,Op A
10575,1,Mark-5,"Würzburg, Germany",Quectel_EC21,262,Germany,de,0,2G,Op A
10576,1,Mark-5,"Würzburg, Germany",Quectel_EC21,262,Germany,de,0,2G,Op A
10577,1,Mark-5,"Würzburg, Germany",Quectel_EC21,262,Germany,de,0,2G,Op A
10578,1,Mark-5,"Würzburg, Germany",Quectel_EC21,262,Germany,de,0,2G,Op A
10579,1,Mark-5,"Würzburg, Germany",Quectel_EC21,262,Germany,de,0,2G,Op A
10580,1,Mark-5,"Würzburg, Germany",Quectel_EC21,262,Germany,de,0,2G,Op A
10581,1,Mark-5,"Würzburg, Germany",Quectel_EC21,262,Germany,de,0,2G,Op A
10582,1,Mark-5,"Würzburg, Germany",Quectel_EC21,262,Germany,de,0,2G,Op A
10583,1,Mark-5,"Würzburg, Germany",Quectel_EC21,262,Germany,de,0,2G,Op A
10584,1,Mark-5,"Würzburg, Germany",Quectel_EC21,262,Germany,de,0,2G,Op A
10585,1,Mark-5,"Würzburg, Germany",Quectel_EC21,262,Germany,de,0,2G,Op A
10586,1,Mark-5,"Würzburg, Germany",Quectel_EC21,262,Germany,de,0,2G,Op A
10587,1,Mark-5,"Würzburg, Germany",Quectel_EC21,262,Germany,de,0,2G,Op A
10588,1,Mark-5,"Würzburg, Germany",Quectel_EC21,262,Germany,de,0,2G,Op A
10589,1,Mark-5,"Würzburg, Germany",Quectel_EC21,262,Germany,de,0,2G,Op A
10590,1,Mark-5,"Würzburg, Germany",Quectel_EC21,262,Germany,de,0,2G,Op A
10591,1,Mark-5,"Würzburg, Germany",Quectel_EC21,262,Germany,de,0,2G,Op A
10592,1,Mark-5,"Würzburg, Germany",Quectel_EC21,262,Germany,de,0,2G,Op A
10593,1,Mark-5,"Würzburg, Germany",Quectel_EC21,262,Germany,de,0,2G,Op A
10594,1,Mark-5,"Würzburg, Germany",Quectel_EC21,262,Germany,de,0,2G,Op A
10595,1,Mark-5,"Würzburg, Germany",Quectel_EC21,262,Germany,de,0,2G,Op A
10596,1,Mark-5,"Würzburg, Germany",Quectel_EC21,262,Germany,de,0,2G,Op A
10597,1,Mark-5,"Würzburg, Germany",Quectel_EC21,262,Germany,de,0,2G,Op A
10598,1,Mark-5,"Würzburg, Germany",Quectel_EC21,262,Germany,de,0,2G,Op A
10599,1,Mark-5,"Würzburg, Germany",Quectel_EC21,262,Germany,de,0,2G,Op A
10600,1,Mark-5,"Würzburg, Germany",Quectel_EC21,262,Germany,de,0,2G,Op A
10601,1,Mark-5,"Würzburg, Germany",Quectel_EC21,262,Germany,de,0,2G,Op A
10602,1,Mark-5,"Würzburg, Germany",Quectel_EC21,262,Germany,de,0,2G,Op A
10603,1,Mark-5,"Würzburg, Germany",Quectel_EC21,262,Germany,de,0,2G,Op A
10604,1,Mark-5,"Würzburg, Germany",Quectel_EC21,262,Germany,de,0,2G,Op A
10605,1,Mark-5,"Würzburg, Germany",Quectel_EC21,262,Germany,de,0,2G,Op A
10606,1,Mark-5,"Würzburg, Germany",Quectel_EC21,262,Germany,de,0,2G,Op A
10607,1,Mark-5,"Würzburg, Germany",Quectel_EC21,262,Germany,de,0,2G,Op A
10608,1,Mark-5,"Würzburg, Germany",Quectel_EC21,262,Germany,de,0,2G,Op A
10609,1,Mark-5,"Würzburg, Germany",Quectel_EC21,262,Germany,de,0,2G,Op A
10610,1,Mark-5,"Würzburg, Germany",Quectel_EC21,262,Germany,de,0,2G,Op A
10611,1,Mark-5,"Würzburg, Germany",Quectel_EC21,262,Germany,de,0,2G,Op A
10612,1,Mark-5,"Würzburg, Germany",Quectel_EC21,262,Germany,de,0,2G,Op A
10613,1,Mark-5,"Würzburg, Germany",Quectel_EC21,262,Germany,de,0,2G,Op A
10614,1,Mark-5,"Würzburg, Germany",Quectel_EC21,262,Germany,de,0,2G,Op A
10615,1,Mark-5,"Würzburg, Germany",Quectel_EC21,262,Germany,de,0,2G,Op A
10616,1,Mark-5,"Würzburg, Germany",Quectel_EC21,262,Germany,de,0,2G,Op A
10617,1,Mark-5,"Würzburg, Germany",Quectel_EC21,262,Germany,de,0,2G,Op A
10618,1,Mark-5,"Würzburg, Germany",Quectel_EC21,262,Germany,de,0,2G,Op A
10619,1,Mark-5,"Würzburg, Germany",Quectel_EC21,262,Germany,de,0,2G,Op A
10620,1,Mark-5,"Würzburg, Germany",Quectel_EC21,262,Germany,de,0,2G,Op A
10621,1,Mark-5,"Würzburg, Germany",Quectel_EC21,262,Germany,de,0,2G,Op A
10622,1,Mark-5,"Würzburg, Germany",Quectel_EC21,262,Germany,de,0,2G,Op A
10623,1,Mark-5,"Würzburg, Germany",Quectel_EC21,262,Germany,de,0,2G,Op A
10624,1,Mark-5,"Würzburg, Germany",Quectel_EC21,262,Germany,de,0,2G,Op A
10625,1,Mark-5,"Würzburg, Germany",Quectel_EC21,262,Germany,de,0,2G,Op A
10626,1,Mark-5,"Würzburg, Germany",Quectel_EC21,262,Germany,de,0,2G,Op A
10627,1,Mark-5,"Würzburg, Germany",Quectel_EC21,262,Germany,de,0,2G,Op A
10628,1,Mark-5,"Würzburg, Germany",Quectel_EC21,262,Germany,de,0,2G,Op A
10629,1,Mark-5,"Würzburg, Germany",Quectel_EC21,262,Germany,de,0,2G,Op A
10630,1,Mark-5,"Würzburg, Germany",Quectel_EC21,262,Germany,de,0,2G,Op A
10631,1,Mark-5,"Würzburg, Germany",Quectel_EC21,262,Germany,de,0,2G,Op A
10632,1,Mark-5,"Würzburg, Germany",Quectel_EC21,262,Germany,de,0,2G,Op A
10633,1,Mark-5,"Würzburg, Germany",Quectel_EC21,262,Germany,de,0,2G,Op A
10634,1,Mark-5,"Würzburg, Germany",Quectel_EC21,262,Germany,de,0,2G,Op A
10635,1,Mark-5,"Würzburg, Germany",Quectel_EC21,262,Germany,de,0,2G,Op A
10636,1,Mark-5,"Würzburg, Germany",Quectel_EC21,262,Germany,de,0,2G,Op A
10637,1,Mark-5,"Würzburg, Germany",Quectel_EC21,262,Germany,de,0,2G,Op A
10638,1,Mark-5,"Würzburg, Germany",Quectel_EC21,262,Germany,de,0,2G,Op A
10639,1,Mark-5,"Würzburg, Germany",Quectel_EC21,262,Germany,de,0,2G,Op A
10640,1,Mark-5,"Würzburg, Germany",Quectel_EC21,262,Germany,de,0,2G,Op A
10641,1,Mark-5,"Würzburg, Germany",Quectel_EC21,262,Germany,de,0,2G,Op A
10642,1,Mark-5,"Würzburg, Germany",Quectel_EC21,262,Germany,de,0,2G,Op A
10643,1,Mark-5,"Würzburg, Germany",Quectel_EC21,262,Germany,de,0,2G,Op A
10644,1,Mark-5,"Würzburg, Germany",Quectel_EC21,262,Germany,de,0,2G,Op A
10645,1,Mark-5,"Würzburg, Germany",Quectel_EC21,262,Germany,de,0,2G,Op A
10646,1,Mark-5,"Würzburg, Germany",Quectel_BG96,262,Germany,de,0,2G,Op A
10657,1,Mark-5,"Würzburg, Germany",Quectel_BG96,262,Germany,de,0,2G,Op A
10659,1,Mark-5,"Würzburg, Germany",Quectel_BG96,262,Germany,de,0,2G,Op A
10665,1,Mark-5,"Würzburg, Germany",Quectel_BG96,262,Germany,de,0,2G,Op A
10674,1,Mark-5,"Würzburg, Germany",Quectel_BG96,262,Germany,de,0,2G,Op A
10678,1,Mark-5,"Würzburg, Germany",Quectel_BG96,262,Germany,de,0,2G,Op A
10683,1,Mark-5,"Würzburg, Germany",Quectel_BG96,262,Germany,de,0,2G,Op A
10684,1,Mark-5,"Würzburg, Germany",Quectel_BG96,262,Germany,de,0,2G,Op A
10686,1,Mark-5,"Würzburg, Germany",Quectel_BG96,262,Germany,de,0,2G,Op A
10687,1,Mark-5,"Würzburg, Germany",Quectel_BG96,262,Germany,de,0,2G,Op A
10850,1,Mark-2,"Würzburg, Germany",Quectel_EC21,262,Germany,de,0,2G,Op A
10853,1,Mark-2,"Würzburg, Germany",Quectel_EC21,262,Germany,de,0,2G,Op A
10856,1,Mark-2,"Würzburg, Germany",Quectel_EC21,262,Germany,de,0,2G,Op A
10857,1,Mark-2,"Würzburg, Germany",Quectel_EC21,262,Germany,de,0,2G,Op A
10858,1,Mark-2,"Würzburg, Germany",Quectel_EC21,262,Germany,de,0,2G,Op A
10859,1,Mark-2,"Würzburg, Germany",Quectel_EC21,262,Germany,de,0,2G,Op A
10865,1,Mark-2,"Würzburg, Germany",Quectel_EC21,262,Germany,de,0,2G,Op A
10870,1,Mark-2,"Würzburg, Germany",Quectel_EC21,262,Germany,de,0,2G,Op A
10891,1,Mark-2,"Würzburg, Germany",Quectel_EC21,262,Germany,de,0,2G,Op A
10892,1,Mark-2,"Würzburg, Germany",Quectel_EC21,262,Germany,de,0,2G,Op A
10895,1,Mark-2,"Würzburg, Germany",Quectel_EC21,262,Germany,de,0,2G,Op A
10897,1,Mark-2,"Würzburg, Germany",Quectel_EC21,262,Germany,de,0,2G,Op A
10907,1,Mark-2,"Würzburg, Germany",Quectel_EC21,262,Germany,de,0,2G,Op A
10908,1,Mark-2,"Würzburg, Germany",Quectel_EC21,262,Germany,de,0,2G,Op A
10920,1,Mark-2,"Würzburg, Germany",Quectel_EC21,262,Germany,de,0,2G,Op A
10923,1,Mark-2,"Würzburg, Germany",Quectel_EC21,262,Germany,de,0,2G,Op A
10924,1,Mark-2,"Würzburg, Germany",Quectel_EC21,262,Germany,de,0,2G,Op A
10926,1,Mark-2,"Würzburg, Germany",Quectel_EC21,262,Germany,de,0,2G,Op A
10928,1,Mark-2,"Würzburg, Germany",Quectel_EC21,262,Germany,de,0,2G,Op A
10930,1,Mark-2,"Würzburg, Germany",Quectel_EC21,262,Germany,de,0,2G,Op A
10934,1,Mark-2,"Würzburg, Germany",Quectel_EC21,262,Germany,de,0,2G,Op A
10945,1,Mark-2,"Würzburg, Germany",Quectel_EC21,262,Germany,de,0,2G,Op A
10946,1,Mark-2,"Würzburg, Germany",Quectel_EC21,262,Germany,de,0,2G,Op A
10947,1,Mark-2,"Würzburg, Germany",Quectel_EC21,262,Germany,de,0,2G,Op A
10948,1,Mark-2,"Würzburg, Germany",Quectel_EC21,262,Germany,de,0,2G,Op A
10949,1,Mark-2,"Würzburg, Germany",Quectel_EC21,262,Germany,de,0,2G,Op A
10950,1,Mark-2,"Würzburg, Germany",Quectel_EC21,262,Germany,de,0,2G,Op A
10951,1,Mark-2,"Würzburg, Germany",Quectel_EC21,262,Germany,de,0,2G,Op A
10952,1,Mark-2,"Würzburg, Germany",Quectel_EC21,262,Germany,de,0,2G,Op A
10953,1,Mark-2,"Würzburg, Germany",Quectel_EC21,262,Germany,de,0,2G,Op A
10954,1,Mark-2,"Würzburg, Germany",Quectel_EC21,262,Germany,de,0,2G,Op A
10955,1,Mark-2,"Würzburg, Germany",Quectel_EC21,262,Germany,de,0,2G,Op A
10956,1,Mark-2,"Würzburg, Germany",Quectel_EC21,262,Germany,de,0,2G,Op A
10957,1,Mark-2,"Würzburg, Germany",Quectel_EC21,262,Germany,de,0,2G,Op A
10958,1,Mark-2,"Würzburg, Germany",Quectel_EC21,262,Germany,de,0,2G,Op A
10959,1,Mark-2,"Würzburg, Germany",Quectel_EC21,262,Germany,de,0,2G,Op A
10960,1,Mark-2,"Würzburg, Germany",Quectel_EC21,262,Germany,de,0,2G,Op A
10961,1,Mark-2,"Würzburg, Germany",Quectel_EC21,262,Germany,de,0,2G,Op A
10962,1,Mark-2,"Würzburg, Germany",Quectel_EC21,262,Germany,de,0,2G,Op A
10963,1,Mark-2,"Würzburg, Germany",Quectel_EC21,262,Germany,de,0,2G,Op A
10964,1,Mark-2,"Würzburg, Germany",Quectel_EC21,262,Germany,de,0,2G,Op A
10965,1,Mark-2,"Würzburg, Germany",Quectel_EC21,262,Germany,de,0,2G,Op A
10966,1,Mark-2,"Würzburg, Germany",Quectel_EC21,262,Germany,de,0,2G,Op A
10967,1,Mark-2,"Würzburg, Germany",Quectel_EC21,262,Germany,de,0,2G,Op A
10968,1,Mark-2,"Würzburg, Germany",Quectel_EC21,262,Germany,de,0,2G,Op A
10969,1,Mark-2,"Würzburg, Germany",Quectel_EC21,262,Germany,de,0,2G,Op A
10970,1,Mark-2,"Würzburg, Germany",Quectel_EC21,262,Germany,de,0,2G,Op A
10971,1,Mark-2,"Würzburg, Germany",Quectel_EC21,262,Germany,de,0,2G,Op A
10972,1,Mark-2,"Würzburg, Germany",Quectel_EC21,262,Germany,de,0,2G,Op A
10973,1,Mark-2,"Würzburg, Germany",Quectel_EC21,262,Germany,de,0,2G,Op A
10974,1,Mark-2,"Würzburg, Germany",Quectel_EC21,262,Germany,de,0,2G,Op A
10975,1,Mark-2,"Würzburg, Germany",Quectel_EC21,262,Germany,de,0,2G,Op A
10976,1,Mark-2,"Würzburg, Germany",Quectel_EC21,262,Germany,de,0,2G,Op A
10977,1,Mark-2,"Würzburg, Germany",Quectel_EC21,262,Germany,de,0,2G,Op A
10978,1,Mark-2,"Würzburg, Germany",Quectel_EC21,262,Germany,de,0,2G,Op A
10979,1,Mark-2,"Würzburg, Germany",Quectel_EC21,262,Germany,de,0,2G,Op A
10980,1,Mark-2,"Würzburg, Germany",Quectel_EC21,262,Germany,de,0,2G,Op A
10981,1,Mark-2,"Würzburg, Germany",Quectel_EC21,262,Germany,de,0,2G,Op A
10982,1,Mark-2,"Würzburg, Germany",Quectel_EC21,262,Germany,de,0,2G,Op A
10983,1,Mark-2,"Würzburg, Germany",Quectel_EC21,262,Germany,de,0,2G,Op A
10984,1,Mark-2,"Würzburg, Germany",Quectel_EC21,262,Germany,de,0,2G,Op A
10985,1,Mark-2,"Würzburg, Germany",Quectel_EC21,262,Germany,de,0,2G,Op A
10986,1,Mark-2,"Würzburg, Germany",Quectel_EC21,262,Germany,de,0,2G,Op A
10987,1,Mark-2,"Würzburg, Germany",Quectel_EC21,262,Germany,de,0,2G,Op A
10988,1,Mark-2,"Würzburg, Germany",Quectel_EC21,262,Germany,de,0,2G,Op A
10989,1,Mark-2,"Würzburg, Germany",Quectel_EC21,262,Germany,de,0,2G,Op A
10990,1,Mark-2,"Würzburg, Germany",Quectel_EC21,262,Germany,de,0,2G,Op A
10991,1,Mark-2,"Würzburg, Germany",Quectel_EC21,262,Germany,de,0,2G,Op A
10992,1,Mark-2,"Würzburg, Germany",Quectel_EC21,262,Germany,de,0,2G,Op A
10993,1,Mark-2,"Würzburg, Germany",Quectel_EC21,262,Germany,de,0,2G,Op A
10994,1,Mark-2,"Würzburg, Germany",Quectel_EC21,262,Germany,de,0,2G,Op A
10995,1,Mark-2,"Würzburg, Germany",Quectel_EC21,262,Germany,de,0,2G,Op A
10996,1,Mark-2,"Würzburg, Germany",Quectel_EC21,262,Germany,de,0,2G,Op A
10997,1,Mark-2,"Würzburg, Germany",Quectel_EC21,262,Germany,de,0,2G,Op A
10998,1,Mark-2,"Würzburg, Germany",Quectel_EC21,262,Germany,de,0,2G,Op A
10999,1,Mark-2,"Würzburg, Germany",Quectel_EC21,262,Germany,de,0,2G,Op A
11000,1,Mark-2,"Würzburg, Germany",Quectel_EC21,262,Germany,de,0,2G,Op A
11001,1,Mark-2,"Würzburg, Germany",Quectel_EC21,262,Germany,de,0,2G,Op A
11002,1,Mark-2,"Würzburg, Germany",Quectel_EC21,262,Germany,de,0,2G,Op A
11003,1,Mark-2,"Würzburg, Germany",Quectel_EC21,262,Germany,de,0,2G,Op A
11004,1,Mark-2,"Würzburg, Germany",Quectel_EC21,262,Germany,de,0,2G,Op A
11005,1,Mark-2,"Würzburg, Germany",Quectel_EC21,262,Germany,de,0,2G,Op A
11006,1,Mark-2,"Würzburg, Germany",Quectel_EC21,262,Germany,de,0,2G,Op A
11007,1,Mark-2,"Würzburg, Germany",Quectel_EC21,262,Germany,de,0,2G,Op A
11008,1,Mark-2,"Würzburg, Germany",Quectel_EC21,262,Germany,de,0,2G,Op A
11009,1,Mark-2,"Würzburg, Germany",Quectel_EC21,262,Germany,de,0,2G,Op A
11010,1,Mark-2,"Würzburg, Germany",Quectel_EC21,262,Germany,de,0,2G,Op A
11011,1,Mark-2,"Würzburg, Germany",Quectel_EC21,262,Germany,de,0,2G,Op A
11012,1,Mark-2,"Würzburg, Germany",Quectel_EC21,262,Germany,de,0,2G,Op A
11013,1,Mark-2,"Würzburg, Germany",Quectel_EC21,262,Germany,de,0,2G,Op A
11014,1,Mark-2,"Würzburg, Germany",Quectel_EC21,262,Germany,de,0,2G,Op A
11015,1,Mark-2,"Würzburg, Germany",Quectel_EC21,262,Germany,de,0,2G,Op A
11016,1,Mark-2,"Würzburg, Germany",Quectel_EC21,262,Germany,de,0,2G,Op A
11017,1,Mark-2,"Würzburg, Germany",Quectel_EC21,262,Germany,de,0,2G,Op A
11018,1,Mark-2,"Würzburg, Germany",Quectel_EC21,262,Germany,de,0,2G,Op A
11019,1,Mark-2,"Würzburg, Germany",Quectel_EC21,262,Germany,de,0,2G,Op A
11020,1,Mark-2,"Würzburg, Germany",Quectel_EC21,262,Germany,de,0,2G,Op A
11021,1,Mark-2,"Würzburg, Germany",Quectel_EC21,262,Germany,de,0,2G,Op A
11022,1,Mark-2,"Würzburg, Germany",Quectel_EC21,262,Germany,de,0,2G,Op A
11023,1,Mark-2,"Würzburg, Germany",Quectel_EC21,262,Germany,de,0,2G,Op A
11024,1,Mark-2,"Würzburg, Germany",Quectel_EC21,262,Germany,de,0,2G,Op A
11025,1,Mark-2,"Würzburg, Germany",Quectel_EC21,262,Germany,de,0,2G,Op A
11026,1,Mark-2,"Würzburg, Germany",Quectel_EC21,262,Germany,de,0,2G,Op A
11027,1,Mark-2,"Würzburg, Germany",Quectel_EC21,262,Germany,de,0,2G,Op A
11028,1,Mark-2,"Würzburg, Germany",Quectel_EC21,262,Germany,de,0,2G,Op A
11029,1,Mark-2,"Würzburg, Germany",Quectel_EC21,262,Germany,de,0,2G,Op A
11030,1,Mark-2,"Würzburg, Germany",Quectel_EC21,262,Germany,de,0,2G,Op A
11031,1,Mark-2,"Würzburg, Germany",Quectel_EC21,262,Germany,de,0,2G,Op A
11032,1,Mark-2,"Würzburg, Germany",Quectel_EC21,262,Germany,de,0,2G,Op A
11033,1,Mark-2,"Würzburg, Germany",Quectel_EC21,262,Germany,de,0,2G,Op A
11034,1,Mark-2,"Würzburg, Germany",Quectel_EC21,262,Germany,de,0,2G,Op A
11035,1,Mark-2,"Würzburg, Germany",Quectel_EC21,262,Germany,de,0,2G,Op A
11036,1,Mark-2,"Würzburg, Germany",Quectel_EC21,262,Germany,de,0,2G,Op A
11037,1,Mark-2,"Würzburg, Germany",Quectel_EC21,262,Germany,de,0,2G,Op A
11038,1,Mark-2,"Würzburg, Germany",Quectel_EC21,262,Germany,de,0,2G,Op A
11039,1,Mark-2,"Würzburg, Germany",Quectel_EC21,262,Germany,de,0,2G,Op A
11040,1,Mark-2,"Würzburg, Germany",Quectel_EC21,262,Germany,de,0,2G,Op A
11041,1,Mark-2,"Würzburg, Germany",Quectel_EC21,262,Germany,de,0,2G,Op A
11042,1,Mark-2,"Würzburg, Germany",Quectel_EC21,262,Germany,de,0,2G,Op A
11043,1,Mark-2,"Würzburg, Germany",Quectel_EC21,262,Germany,de,0,2G,Op A
11044,1,Mark-2,"Würzburg, Germany",Quectel_EC21,262,Germany,de,0,2G,Op A
11045,1,Mark-2,"Würzburg, Germany",Quectel_EC21,262,Germany,de,0,2G,Op A
11162,1,Mark-2,"Würzburg, Germany",Quectel_BG96,262,Germany,de,0,2G,Op A
13198,1,Mark-7,"Trondheim, Norway",Quectel_EC21,262,Germany,de,0,2G,Op A
13206,1,Mark-7,"Trondheim, Norway",Quectel_EC21,262,Germany,de,0,2G,Op A
13217,1,Mark-5,"Würzburg, Germany",Quectel_BG96,262,Germany,de,0,2G,Op A
13220,1,Mark-5,"Würzburg, Germany",Quectel_BG96,262,Germany,de,0,2G,Op A
13230,1,Mark-5,"Würzburg, Germany",Quectel_BG96,262,Germany,de,0,2G,Op A
13382,1,Mark-7,"Trondheim, Norway",Quectel_EC21,262,Germany,de,0,2G,Op A
13706,1,Mark-4,"Würzburg, Germany",Quectel_EC21,262,Germany,de,0,2G,Op A
13717,1,Mark-4,"Würzburg, Germany",Quectel_EC21,262,Germany,de,0,2G,Op A
13718,1,Mark-4,"Würzburg, Germany",Quectel_EC21,262,Germany,de,0,2G,Op A
13720,1,Mark-4,"Würzburg, Germany",Quectel_EC21,262,Germany,de,0,2G,Op A
13721,1,Mark-4,"Würzburg, Germany",Quectel_EC21,262,Germany,de,0,2G,Op A
13722,1,Mark-4,"Würzburg, Germany",Quectel_EC21,262,Germany,de,0,2G,Op A
13723,1,Mark-4,"Würzburg, Germany",Quectel_EC21,262,Germany,de,0,2G,Op A
13730,1,Mark-4,"Würzburg, Germany",Quectel_EC21,262,Germany,de,0,2G,Op A
13735,1,Mark-4,"Würzburg, Germany",Quectel_EC21,262,Germany,de,0,2G,Op A
13741,1,Mark-4,"Würzburg, Germany",Quectel_EC21,262,Germany,de,0,2G,Op A
13744,1,Mark-4,"Würzburg, Germany",Quectel_EC21,262,Germany,de,0,2G,Op A
13751,1,Mark-4,"Würzburg, Germany",Quectel_EC21,262,Germany,de,0,2G,Op A
13754,1,Mark-4,"Würzburg, Germany",Quectel_EC21,262,Germany,de,0,2G,Op A
13755,1,Mark-4,"Würzburg, Germany",Quectel_EC21,262,Germany,de,0,2G,Op A
13766,1,Mark-4,"Würzburg, Germany",Quectel_EC21,262,Germany,de,0,2G,Op A
13767,1,Mark-4,"Würzburg, Germany",Quectel_EC21,262,Germany,de,0,2G,Op A
13773,1,Mark-4,"Würzburg, Germany",Quectel_EC21,262,Germany,de,0,2G,Op A
13774,1,Mark-4,"Würzburg, Germany",Quectel_EC21,262,Germany,de,0,2G,Op A
13775,1,Mark-4,"Würzburg, Germany",Quectel_EC21,262,Germany,de,0,2G,Op A
13776,1,Mark-4,"Würzburg, Germany",Quectel_EC21,262,Germany,de,0,2G,Op A
13787,1,Mark-4,"Würzburg, Germany",Quectel_EC21,262,Germany,de,0,2G,Op A
13789,1,Mark-4,"Würzburg, Germany",Quectel_EC21,262,Germany,de,0,2G,Op A
13792,1,Mark-4,"Würzburg, Germany",Quectel_EC21,262,Germany,de,0,2G,Op A
13799,1,Mark-4,"Würzburg, Germany",Quectel_EC21,262,Germany,de,0,2G,Op A
13801,1,Mark-4,"Würzburg, Germany",Quectel_EC21,262,Germany,de,0,2G,Op A
13802,1,Mark-4,"Würzburg, Germany",Quectel_EC21,262,Germany,de,0,2G,Op A
13803,1,Mark-4,"Würzburg, Germany",Quectel_EC21,262,Germany,de,0,2G,Op A
14199,1,Mark-4,"Würzburg, Germany",Quectel_BG96,262,Germany,de,0,2G,Op A
14205,1,Mark-4,"Würzburg, Germany",Quectel_BG96,262,Germany,de,0,2G,Op A
14207,1,Mark-4,"Würzburg, Germany",Quectel_BG96,262,Germany,de,0,2G,Op A
14209,1,Mark-4,"Würzburg, Germany",Quectel_BG96,262,Germany,de,0,2G,Op A
14210,1,Mark-4,"Würzburg, Germany",Quectel_BG96,262,Germany,de,0,2G,Op A
14211,1,Mark-4,"Würzburg, Germany",Quectel_BG96,262,Germany,de,0,2G,Op A
14219,1,Mark-4,"Würzburg, Germany",Quectel_BG96,262,Germany,de,0,2G,Op A
14227,1,Mark-4,"Würzburg, Germany",Quectel_BG96,262,Germany,de,0,2G,Op A
14256,1,Mark-4,"Würzburg, Germany",Quectel_BG96,262,Germany,de,0,2G,Op A
14257,1,Mark-4,"Würzburg, Germany",Quectel_BG96,262,Germany,de,0,2G,Op A
14261,1,Mark-4,"Würzburg, Germany",Quectel_BG96,262,Germany,de,0,2G,Op A
14271,1,Mark-4,"Würzburg, Germany",Quectel_BG96,262,Germany,de,0,2G,Op A
14278,1,Mark-4,"Würzburg, Germany",Quectel_BG96,262,Germany,de,0,2G,Op A
14280,1,Mark-4,"Würzburg, Germany",Quectel_BG96,262,Germany,de,0,2G,Op A
14282,1,Mark-4,"Würzburg, Germany",Quectel_BG96,262,Germany,de,0,2G,Op A
14284,1,Mark-4,"Würzburg, Germany",Quectel_BG96,262,Germany,de,0,2G,Op A
14287,1,Mark-4,"Würzburg, Germany",Quectel_BG96,262,Germany,de,0,2G,Op A
14291,1,Mark-4,"Würzburg, Germany",Quectel_BG96,262,Germany,de,0,2G,Op A
14292,1,Mark-4,"Würzburg, Germany",Quectel_BG96,262,Germany,de,0,2G,Op A
14296,1,Mark-4,"Würzburg, Germany",Quectel_BG96,262,Germany,de,0,2G,Op A
14408,1,Mark-2,"Würzburg, Germany",Quectel_BG96,262,Germany,de,0,2G,Op A
14413,1,Mark-2,"Würzburg, Germany",Quectel_BG96,262,Germany,de,0,2G,Op A
14469,1,Mark-2,"Würzburg, Germany",Quectel_BG96,262,Germany,de,0,2G,Op A
15502,1,Mark-5,"Würzburg, Germany",Quectel_EC21,262,Germany,de,0,2G,Op A
15503,1,Mark-5,"Würzburg, Germany",Quectel_EC21,262,Germany,de,0,2G,Op A
15504,1,Mark-5,"Würzburg, Germany",Quectel_EC21,262,Germany,de,0,2G,Op A
15506,1,Mark-5,"Würzburg, Germany",Quectel_EC21,262,Germany,de,0,2G,Op A
15507,1,Mark-5,"Würzburg, Germany",Quectel_EC21,262,Germany,de,0,2G,Op A
15508,1,Mark-5,"Würzburg, Germany",Quectel_EC21,262,Germany,de,0,2G,Op A
15509,1,Mark-5,"Würzburg, Germany",Quectel_EC21,262,Germany,de,0,2G,Op A
15510,1,Mark-5,"Würzburg, Germany",Quectel_EC21,262,Germany,de,0,2G,Op A
16740,1,Mark-4,"Würzburg, Germany",Quectel_EC21,262,Germany,de,0,2G,Op A
16753,1,Mark-3,"Würzburg, Germany",Quectel_EC21,262,Germany,de,0,2G,Op A
16778,1,Mark-4,"Würzburg, Germany",Quectel_EC21,262,Germany,de,0,2G,Op A
17037,1,Mark-1,"Würzburg, Germany",Quectel_EC21,262,Germany,de,0,2G,Op A
17073,1,Mark-6,"Munich, Germany",Quectel_EC21,262,Germany,de,0,2G,Op A
17157,1,Mark-4,"Würzburg, Germany",Quectel_EC21,262,Germany,de,0,2G,Op A
17203,1,Mark-10,"Würzburg, Germany",Quectel_EC21,262,Germany,de,0,2G,Op A
17254,1,Mark-2,"Würzburg, Germany",Quectel_EC21,262,Germany,de,0,2G,Op A
17345,1,Mark-3,"Würzburg, Germany",Quectel_EC21,262,Germany,de,0,2G,Op A
17359,1,Mark-3,"Würzburg, Germany",Quectel_EC21,262,Germany,de,0,2G,Op A
17457,1,Mark-3,"Würzburg, Germany",Quectel_BG96,262,Germany,de,0,2G,Op A
18939,1,Mark-1,"Würzburg, Germany",Quectel_EC21,262,Germany,de,0,2G,Op A
19021,1,Mark-4,"Würzburg, Germany",Quectel_EC21,262,Germany,de,0,2G,Op A
19029,1,Mark-4,"Würzburg, Germany",Quectel_EC21,262,Germany,de,0,2G,Op A
19033,1,Mark-4,"Würzburg, Germany",Quectel_EC21,262,Germany,de,0,2G,Op A
19262,1,Mark-4,"Würzburg, Germany",Quectel_EC21,262,Germany,de,0,2G,Op A
19263,1,Mark-4,"Würzburg, Germany",Quectel_EC21,262,Germany,de,0,2G,Op A
19264,1,Mark-4,"Würzburg, Germany",Quectel_EC21,262,Germany,de,0,2G,Op A
19276,1,Mark-4,"Würzburg, Germany",Quectel_EC21,262,Germany,de,0,2G,Op A
19278,1,Mark-4,"Würzburg, Germany",Quectel_EC21,262,Germany,de,0,2G,Op A
19622,1,Mark-3,"Würzburg, Germany",Quectel_EC21,262,Germany,de,0,2G,Op A
19635,1,Mark-3,"Würzburg, Germany",Quectel_EC21,262,Germany,de,0,2G,Op A
19643,1,Mark-2,"Würzburg, Germany",Quectel_EC21,262,Germany,de,0,2G,Op A
19723,1,Mark-6,"Munich, Germany",Quectel_BG96,262,Germany,de,0,2G,Op A
19777,1,Mark-1,"Würzburg, Germany",Quectel_EC21,262,Germany,de,0,2G,Op A
19792,1,Mark-4,"Würzburg, Germany",Quectel_EC21,262,Germany,de,0,2G,Op A
19811,1,Mark-6,"Munich, Germany",Quectel_BG96,262,Germany,de,0,2G,Op A
19817,1,Mark-2,"Würzburg, Germany",Quectel_EC21,262,Germany,de,0,2G,Op A
19828,1,Mark-3,"Würzburg, Germany",Quectel_EC21,262,Germany,de,0,2G,Op A
20105,1,Mark-6,"Munich, Germany",Quectel_EC21,262,Germany,de,0,2G,Op A
20125,1,Mark-1,"Würzburg, Germany",Quectel_EC21,262,Germany,de,0,2G,Op A
20141,1,Mark-6,"Munich, Germany",Quectel_EC21,262,Germany,de,0,2G,Op A
20161,1,Mark-1,"Würzburg, Germany",Quectel_EC21,262,Germany,de,0,2G,Op A
20197,1,Mark-1,"Würzburg, Germany",Quectel_EC21,262,Germany,de,0,2G,Op A
20213,1,Mark-6,"Munich, Germany",Quectel_EC21,262,Germany,de,0,2G,Op A
20233,1,Mark-1,"Würzburg, Germany",Quectel_EC21,262,Germany,de,0,2G,Op A
20269,1,Mark-1,"Würzburg, Germany",Quectel_EC21,262,Germany,de,0,2G,Op A
20285,1,Mark-6,"Munich, Germany",Quectel_EC21,262,Germany,de,0,2G,Op A
20305,1,Mark-1,"Würzburg, Germany",Quectel_EC21,262,Germany,de,0,2G,Op A
20321,1,Mark-6,"Munich, Germany",Quectel_EC21,262,Germany,de,0,2G,Op A
20341,1,Mark-1,"Würzburg, Germany",Quectel_EC21,262,Germany,de,0,2G,Op A
20357,1,Mark-6,"Munich, Germany",Quectel_EC21,262,Germany,de,0,2G,Op A
20377,1,Mark-1,"Würzburg, Germany",Quectel_EC21,262,Germany,de,0,2G,Op A
20393,1,Mark-6,"Munich, Germany",Quectel_EC21,262,Germany,de,0,2G,Op A
20413,1,Mark-1,"Würzburg, Germany",Quectel_EC21,262,Germany,de,0,2G,Op A
20449,1,Mark-1,"Würzburg, Germany",Quectel_EC21,262,Germany,de,0,2G,Op A
20463,1,Mark-4,"Würzburg, Germany",Quectel_BG96,262,Germany,de,0,2G,Op A
20471,1,Mark-4,"Würzburg, Germany",Quectel_BG96,262,Germany,de,0,2G,Op A
20495,1,Mark-6,"Munich, Germany",Quectel_BG96,262,Germany,de,0,2G,Op A
20527,1,Mark-6,"Munich, Germany",Quectel_BG96,262,Germany,de,0,2G,Op A
20564,1,Mark-6,"Munich, Germany",Quectel_BG96,262,Germany,de,0,2G,Op A
20744,1,Mark-6,"Munich, Germany",Quectel_BG96,262,Germany,de,0,2G,Op A
20759,1,Mark-1,"Würzburg, Germany",Quectel_BG96,262,Germany,de,0,2G,Op A
20771,1,Mark-6,"Munich, Germany",Quectel_BG96,262,Germany,de,0,2G,Op A
20798,1,Mark-6,"Munich, Germany",Quectel_BG96,262,Germany,de,0,2G,Op A
20825,1,Mark-6,"Munich, Germany",Quectel_BG96,262,Germany,de,0,2G,Op A
20852,1,Mark-6,"Munich, Germany",Quectel_BG96,262,Germany,de,0,2G,Op A
20879,1,Mark-6,"Munich, Germany",Quectel_BG96,262,Germany,de,0,2G,Op A
20906,1,Mark-6,"Munich, Germany",Quectel_BG96,262,Germany,de,0,2G,Op A
20933,1,Mark-6,"Munich, Germany",Quectel_BG96,262,Germany,de,0,2G,Op A
20948,1,Mark-1,"Würzburg, Germany",Quectel_BG96,262,Germany,de,0,2G,Op A
20960,1,Mark-6,"Munich, Germany",Quectel_BG96,262,Germany,de,0,2G,Op A
20987,1,Mark-6,"Munich, Germany",Quectel_BG96,262,Germany,de,0,2G,Op A
22773,1,Mark-1,"Würzburg, Germany",Quectel_BG96,262,Germany,de,0,2G,Op A
22774,1,Mark-1,"Würzburg, Germany",Quectel_BG96,262,Germany,de,0,2G,Op A
22775,1,Mark-1,"Würzburg, Germany",Quectel_BG96,262,Germany,de,0,2G,Op A
22777,1,Mark-1,"Würzburg, Germany",Quectel_BG96,262,Germany,de,0,2G,Op A
22778,1,Mark-1,"Würzburg, Germany",Quectel_BG96,262,Germany,de,0,2G,Op A
22813,1,Mark-6,"Munich, Germany",Quectel_EC21,262,Germany,de,0,2G,Op A
23002,1,Mark-6,"Munich, Germany",Quectel_BG96,262,Germany,de,0,2G,Op A
23004,1,Mark-1,"Würzburg, Germany",Quectel_EC21,262,Germany,de,0,2G,Op A
23199,1,Mark-6,"Munich, Germany",Quectel_BG96,262,Germany,de,0,2G,Op A
23201,1,Mark-1,"Würzburg, Germany",Quectel_EC21,262,Germany,de,0,2G,Op A
23258,1,Mark-6,"Munich, Germany",Quectel_BG96,262,Germany,de,0,2G,Op A
23260,1,Mark-1,"Würzburg, Germany",Quectel_EC21,262,Germany,de,0,2G,Op A
23580,1,Mark-6,"Munich, Germany",Quectel_BG96,262,Germany,de,0,2G,Op A
23582,1,Mark-1,"Würzburg, Germany",Quectel_EC21,262,Germany,de,0,2G,Op A
24063,1,Mark-4,"Würzburg, Germany",Quectel_EC21,262,Germany,de,0,2G,Op A
24063,2,Mark-4,"Würzburg, Germany",Quectel_EC21,262,Germany,de,0,2G,Op A
10046,1,Mark-7,"Trondheim, Norway",Quectel_EC21,262,Germany,de,7,LTE CAT1,Op A
10051,1,Mark-7,"Trondheim, Norway",Quectel_EC21,262,Germany,de,7,LTE CAT1,Op A
10061,1,Mark-7,"Trondheim, Norway",Quectel_EC21,262,Germany,de,7,LTE CAT1,Op A
10063,1,Mark-7,"Trondheim, Norway",Quectel_EC21,262,Germany,de,7,LTE CAT1,Op A
10066,1,Mark-7,"Trondheim, Norway",Quectel_EC21,262,Germany,de,7,LTE CAT1,Op A
10068,1,Mark-7,"Trondheim, Norway",Quectel_EC21,262,Germany,de,7,LTE CAT1,Op A
10078,1,Mark-7,"Trondheim, Norway",Quectel_EC21,262,Germany,de,7,LTE CAT1,Op A
10079,1,Mark-7,"Trondheim, Norway",Quectel_EC21,262,Germany,de,7,LTE CAT1,Op A
10086,1,Mark-7,"Trondheim, Norway",Quectel_EC21,262,Germany,de,7,LTE CAT1,Op A
10092,1,Mark-7,"Trondheim, Norway",Quectel_EC21,262,Germany,de,7,LTE CAT1,Op A
10093,1,Mark-7,"Trondheim, Norway",Quectel_EC21,262,Germany,de,7,LTE CAT1,Op A
10095,1,Mark-7,"Trondheim, Norway",Quectel_EC21,262,Germany,de,7,LTE CAT1,Op A
10097,1,Mark-7,"Trondheim, Norway",Quectel_EC21,262,Germany,de,7,LTE CAT1,Op A
10110,1,Mark-7,"Trondheim, Norway",Quectel_EC21,262,Germany,de,7,LTE CAT1,Op A
10112,1,Mark-7,"Trondheim, Norway",Quectel_EC21,262,Germany,de,7,LTE CAT1,Op A
10114,1,Mark-7,"Trondheim, Norway",Quectel_EC21,262,Germany,de,7,LTE CAT1,Op A
10116,1,Mark-7,"Trondheim, Norway",Quectel_EC21,262,Germany,de,7,LTE CAT1,Op A
10121,1,Mark-7,"Trondheim, Norway",Quectel_EC21,262,Germany,de,7,LTE CAT1,Op A
10125,1,Mark-7,"Trondheim, Norway",Quectel_EC21,262,Germany,de,7,LTE CAT1,Op A
10126,1,Mark-7,"Trondheim, Norway",Quectel_EC21,262,Germany,de,7,LTE CAT1,Op A
10127,1,Mark-7,"Trondheim, Norway",Quectel_EC21,262,Germany,de,7,LTE CAT1,Op A
10129,1,Mark-7,"Trondheim, Norway",Quectel_EC21,262,Germany,de,7,LTE CAT1,Op A
10131,1,Mark-7,"Trondheim, Norway",Quectel_EC21,262,Germany,de,7,LTE CAT1,Op A
10136,1,Mark-7,"Trondheim, Norway",Quectel_EC21,262,Germany,de,7,LTE CAT1,Op A
10137,1,Mark-7,"Trondheim, Norway",Quectel_EC21,262,Germany,de,7,LTE CAT1,Op A
10140,1,Mark-7,"Trondheim, Norway",Quectel_EC21,262,Germany,de,7,LTE CAT1,Op A
10141,1,Mark-7,"Trondheim, Norway",Quectel_EC21,262,Germany,de,7,LTE CAT1,Op A
10143,1,Mark-7,"Trondheim, Norway",Quectel_EC21,262,Germany,de,7,LTE CAT1,Op A
10446,1,Mark-5,"Würzburg, Germany",Quectel_EC21,262,Germany,de,7,LTE CAT1,Op A
10447,1,Mark-5,"Würzburg, Germany",Quectel_EC21,262,Germany,de,7,LTE CAT1,Op A
10452,1,Mark-5,"Würzburg, Germany",Quectel_EC21,262,Germany,de,7,LTE CAT1,Op A
10457,1,Mark-5,"Würzburg, Germany",Quectel_EC21,262,Germany,de,7,LTE CAT1,Op A
10459,1,Mark-5,"Würzburg, Germany",Quectel_EC21,262,Germany,de,7,LTE CAT1,Op A
10462,1,Mark-5,"Würzburg, Germany",Quectel_EC21,262,Germany,de,7,LTE CAT1,Op A
10463,1,Mark-5,"Würzburg, Germany",Quectel_EC21,262,Germany,de,7,LTE CAT1,Op A
10467,1,Mark-5,"Würzburg, Germany",Quectel_EC21,262,Germany,de,7,LTE CAT1,Op A
10474,1,Mark-5,"Würzburg, Germany",Quectel_EC21,262,Germany,de,7,LTE CAT1,Op A
10476,1,Mark-5,"Würzburg, Germany",Quectel_EC21,262,Germany,de,7,LTE CAT1,Op A
10486,1,Mark-5,"Würzburg, Germany",Quectel_EC21,262,Germany,de,7,LTE CAT1,Op A
10491,1,Mark-5,"Würzburg, Germany",Quectel_EC21,262,Germany,de,7,LTE CAT1,Op A
10492,1,Mark-5,"Würzburg, Germany",Quectel_EC21,262,Germany,de,7,LTE CAT1,Op A
10495,1,Mark-5,"Würzburg, Germany",Quectel_EC21,262,Germany,de,7,LTE CAT1,Op A
10497,1,Mark-5,"Würzburg, Germany",Quectel_EC21,262,Germany,de,7,LTE CAT1,Op A
10499,1,Mark-5,"Würzburg, Germany",Quectel_EC21,262,Germany,de,7,LTE CAT1,Op A
10501,1,Mark-5,"Würzburg, Germany",Quectel_EC21,262,Germany,de,7,LTE CAT1,Op A
10503,1,Mark-5,"Würzburg, Germany",Quectel_EC21,262,Germany,de,7,LTE CAT1,Op A
10508,1,Mark-5,"Würzburg, Germany",Quectel_EC21,262,Germany,de,7,LTE CAT1,Op A
10513,1,Mark-5,"Würzburg, Germany",Quectel_EC21,262,Germany,de,7,LTE CAT1,Op A
10518,1,Mark-5,"Würzburg, Germany",Quectel_EC21,262,Germany,de,7,LTE CAT1,Op A
10528,1,Mark-5,"Würzburg, Germany",Quectel_EC21,262,Germany,de,7,LTE CAT1,Op A
10529,1,Mark-5,"Würzburg, Germany",Quectel_EC21,262,Germany,de,7,LTE CAT1,Op A
10531,1,Mark-5,"Würzburg, Germany",Quectel_EC21,262,Germany,de,7,LTE CAT1,Op A
10542,1,Mark-5,"Würzburg, Germany",Quectel_EC21,262,Germany,de,7,LTE CAT1,Op A
10851,1,Mark-2,"Würzburg, Germany",Quectel_EC21,262,Germany,de,7,LTE CAT1,Op A
10852,1,Mark-2,"Würzburg, Germany",Quectel_EC21,262,Germany,de,7,LTE CAT1,Op A
10854,1,Mark-2,"Würzburg, Germany",Quectel_EC21,262,Germany,de,7,LTE CAT1,Op A
10860,1,Mark-2,"Würzburg, Germany",Quectel_EC21,262,Germany,de,7,LTE CAT1,Op A
10864,1,Mark-2,"Würzburg, Germany",Quectel_EC21,262,Germany,de,7,LTE CAT1,Op A
10868,1,Mark-2,"Würzburg, Germany",Quectel_EC21,262,Germany,de,7,LTE CAT1,Op A
10871,1,Mark-2,"Würzburg, Germany",Quectel_EC21,262,Germany,de,7,LTE CAT1,Op A
10873,1,Mark-2,"Würzburg, Germany",Quectel_EC21,262,Germany,de,7,LTE CAT1,Op A
10877,1,Mark-2,"Würzburg, Germany",Quectel_EC21,262,Germany,de,7,LTE CAT1,Op A
10884,1,Mark-2,"Würzburg, Germany",Quectel_EC21,262,Germany,de,7,LTE CAT1,Op A
10890,1,Mark-2,"Würzburg, Germany",Quectel_EC21,262,Germany,de,7,LTE CAT1,Op A
10898,1,Mark-2,"Würzburg, Germany",Quectel_EC21,262,Germany,de,7,LTE CAT1,Op A
10899,1,Mark-2,"Würzburg, Germany",Quectel_EC21,262,Germany,de,7,LTE CAT1,Op A
10900,1,Mark-2,"Würzburg, Germany",Quectel_EC21,262,Germany,de,7,LTE CAT1,Op A
10903,1,Mark-2,"Würzburg, Germany",Quectel_EC21,262,Germany,de,7,LTE CAT1,Op A
10906,1,Mark-2,"Würzburg, Germany",Quectel_EC21,262,Germany,de,7,LTE CAT1,Op A
10910,1,Mark-2,"Würzburg, Germany",Quectel_EC21,262,Germany,de,7,LTE CAT1,Op A
10911,1,Mark-2,"Würzburg, Germany",Quectel_EC21,262,Germany,de,7,LTE CAT1,Op A
10912,1,Mark-2,"Würzburg, Germany",Quectel_EC21,262,Germany,de,7,LTE CAT1,Op A
10915,1,Mark-2,"Würzburg, Germany",Quectel_EC21,262,Germany,de,7,LTE CAT1,Op A
10917,1,Mark-2,"Würzburg, Germany",Quectel_EC21,262,Germany,de,7,LTE CAT1,Op A
10919,1,Mark-2,"Würzburg, Germany",Quectel_EC21,262,Germany,de,7,LTE CAT1,Op A
10921,1,Mark-2,"Würzburg, Germany",Quectel_EC21,262,Germany,de,7,LTE CAT1,Op A
10927,1,Mark-2,"Würzburg, Germany",Quectel_EC21,262,Germany,de,7,LTE CAT1,Op A
10929,1,Mark-2,"Würzburg, Germany",Quectel_EC21,262,Germany,de,7,LTE CAT1,Op A
10936,1,Mark-2,"Würzburg, Germany",Quectel_EC21,262,Germany,de,7,LTE CAT1,Op A
10937,1,Mark-2,"Würzburg, Germany",Quectel_EC21,262,Germany,de,7,LTE CAT1,Op A
13192,1,Mark-7,"Trondheim, Norway",Quectel_EC21,262,Germany,de,7,LTE CAT1,Op A
13197,1,Mark-7,"Trondheim, Norway",Quectel_EC21,262,Germany,de,7,LTE CAT1,Op A
13199,1,Mark-7,"Trondheim, Norway",Quectel_EC21,262,Germany,de,7,LTE CAT1,Op A
13203,1,Mark-7,"Trondheim, Norway",Quectel_EC21,262,Germany,de,7,LTE CAT1,Op A
13380,1,Mark-7,"Trondheim, Norway",Quectel_EC21,262,Germany,de,7,LTE CAT1,Op A
13707,1,Mark-4,"Würzburg, Germany",Quectel_EC21,262,Germany,de,7,LTE CAT1,Op A
13708,1,Mark-4,"Würzburg, Germany",Quectel_EC21,262,Germany,de,7,LTE CAT1,Op A
13709,1,Mark-4,"Würzburg, Germany",Quectel_EC21,262,Germany,de,7,LTE CAT1,Op A
13711,1,Mark-4,"Würzburg, Germany",Quectel_EC21,262,Germany,de,7,LTE CAT1,Op A
13712,1,Mark-4,"Würzburg, Germany",Quectel_EC21,262,Germany,de,7,LTE CAT1,Op A
13715,1,Mark-4,"Würzburg, Germany",Quectel_EC21,262,Germany,de,7,LTE CAT1,Op A
13719,1,Mark-4,"Würzburg, Germany",Quectel_EC21,262,Germany,de,7,LTE CAT1,Op A
13726,1,Mark-4,"Würzburg, Germany",Quectel_EC21,262,Germany,de,7,LTE CAT1,Op A
13728,1,Mark-4,"Würzburg, Germany",Quectel_EC21,262,Germany,de,7,LTE CAT1,Op A
13732,1,Mark-4,"Würzburg, Germany",Quectel_EC21,262,Germany,de,7,LTE CAT1,Op A
13736,1,Mark-4,"Würzburg, Germany",Quectel_EC21,262,Germany,de,7,LTE CAT1,Op A
13745,1,Mark-4,"Würzburg, Germany",Quectel_EC21,262,Germany,de,7,LTE CAT1,Op A
13752,1,Mark-4,"Würzburg, Germany",Quectel_EC21,262,Germany,de,7,LTE CAT1,Op A
13753,1,Mark-4,"Würzburg, Germany",Quectel_EC21,262,Germany,de,7,LTE CAT1,Op A
13760,1,Mark-4,"Würzburg, Germany",Quectel_EC21,262,Germany,de,7,LTE CAT1,Op A
13763,1,Mark-4,"Würzburg, Germany",Quectel_EC21,262,Germany,de,7,LTE CAT1,Op A
13764,1,Mark-4,"Würzburg, Germany",Quectel_EC21,262,Germany,de,7,LTE CAT1,Op A
13765,1,Mark-4,"Würzburg, Germany",Quectel_EC21,262,Germany,de,7,LTE CAT1,Op A
13777,1,Mark-4,"Würzburg, Germany",Quectel_EC21,262,Germany,de,7,LTE CAT1,Op A
13780,1,Mark-4,"Würzburg, Germany",Quectel_EC21,262,Germany,de,7,LTE CAT1,Op A
13784,1,Mark-4,"Würzburg, Germany",Quectel_EC21,262,Germany,de,7,LTE CAT1,Op A
13785,1,Mark-4,"Würzburg, Germany",Quectel_EC21,262,Germany,de,7,LTE CAT1,Op A
13788,1,Mark-4,"Würzburg, Germany",Quectel_EC21,262,Germany,de,7,LTE CAT1,Op A
13794,1,Mark-4,"Würzburg, Germany",Quectel_EC21,262,Germany,de,7,LTE CAT1,Op A
13800,1,Mark-4,"Würzburg, Germany",Quectel_EC21,262,Germany,de,7,LTE CAT1,Op A
16371,1,Mark-9,"Würzburg, Germany",Quectel_EC21,262,Germany,de,7,LTE CAT1,Op A
16431,1,Mark-9,"Würzburg, Germany",Quectel_EC21,262,Germany,de,7,LTE CAT1,Op A
16432,1,Mark-9,"Würzburg, Germany",Quectel_EC21,262,Germany,de,7,LTE CAT1,Op A
16433,1,Mark-9,"Würzburg, Germany",Quectel_EC21,262,Germany,de,7,LTE CAT1,Op A
16434,1,Mark-9,"Würzburg, Germany",Quectel_EC21,262,Germany,de,7,LTE CAT1,Op A
16436,1,Mark-9,"Würzburg, Germany",Quectel_EC21,262,Germany,de,7,LTE CAT1,Op A
16522,1,Mark-9,"Würzburg, Germany",Quectel_EC21,262,Germany,de,7,LTE CAT1,Op A
16603,1,Mark-9,"Würzburg, Germany",Quectel_EC21,262,Germany,de,7,LTE CAT1,Op A
16677,1,Mark-9,"Würzburg, Germany",Quectel_EC21,262,Germany,de,7,LTE CAT1,Op A
16678,1,Mark-9,"Würzburg, Germany",Quectel_EC21,262,Germany,de,7,LTE CAT1,Op A
16680,1,Mark-9,"Würzburg, Germany",Quectel_EC21,262,Germany,de,7,LTE CAT1,Op A
16681,1,Mark-9,"Würzburg, Germany",Quectel_EC21,262,Germany,de,7,LTE CAT1,Op A
16682,1,Mark-9,"Würzburg, Germany",Quectel_EC21,262,Germany,de,7,LTE CAT1,Op A
16685,1,Mark-9,"Würzburg, Germany",Quectel_EC21,262,Germany,de,7,LTE CAT1,Op A
16686,1,Mark-9,"Würzburg, Germany",Quectel_EC21,262,Germany,de,7,LTE CAT1,Op A
16687,1,Mark-9,"Würzburg, Germany",Quectel_EC21,262,Germany,de,7,LTE CAT1,Op A
16688,1,Mark-9,"Würzburg, Germany",Quectel_EC21,262,Germany,de,7,LTE CAT1,Op A
16689,1,Mark-9,"Würzburg, Germany",Quectel_EC21,262,Germany,de,7,LTE CAT1,Op A
16690,1,Mark-9,"Würzburg, Germany",Quectel_EC21,262,Germany,de,7,LTE CAT1,Op A
16691,1,Mark-9,"Würzburg, Germany",Quectel_EC21,262,Germany,de,7,LTE CAT1,Op A
16692,1,Mark-9,"Würzburg, Germany",Quectel_EC21,262,Germany,de,7,LTE CAT1,Op A
16693,1,Mark-9,"Würzburg, Germany",Quectel_EC21,262,Germany,de,7,LTE CAT1,Op A
16694,1,Mark-9,"Würzburg, Germany",Quectel_EC21,262,Germany,de,7,LTE CAT1,Op A
16737,1,Mark-1,"Würzburg, Germany",Quectel_EC21,262,Germany,de,7,LTE CAT1,Op A
16743,1,Mark-5,"Würzburg, Germany",Quectel_EC21,262,Germany,de,7,LTE CAT1,Op A
16744,1,Mark-1,"Würzburg, Germany",Quectel_EC21,262,Germany,de,7,LTE CAT1,Op A
16750,1,Mark-1,"Würzburg, Germany",Quectel_EC21,262,Germany,de,7,LTE CAT1,Op A
16752,1,Mark-2,"Würzburg, Germany",Quectel_EC21,262,Germany,de,7,LTE CAT1,Op A
16775,1,Mark-1,"Würzburg, Germany",Quectel_EC21,262,Germany,de,7,LTE CAT1,Op A
16781,1,Mark-2,"Würzburg, Germany",Quectel_EC21,262,Germany,de,7,LTE CAT1,Op A
16814,1,Mark-1,"Würzburg, Germany",Quectel_EC21,262,Germany,de,7,LTE CAT1,Op A
16816,1,Mark-1,"Würzburg, Germany",Quectel_EC21,262,Germany,de,7,LTE CAT1,Op A
17035,1,Mark-3,"Würzburg, Germany",Quectel_EC21,262,Germany,de,7,LTE CAT1,Op A
17039,1,Mark-6,"Munich, Germany",Quectel_EC21,262,Germany,de,7,LTE CAT1,Op A
17040,1,Mark-6,"Munich, Germany",Quectel_EC21,262,Germany,de,7,LTE CAT1,Op A
17078,1,Mark-4,"Würzburg, Germany",Quectel_EC21,262,Germany,de,7,LTE CAT1,Op A
17177,1,Mark-3,"Würzburg, Germany",Quectel_EC21,262,Germany,de,7,LTE CAT1,Op A
17178,1,Mark-1,"Würzburg, Germany",Quectel_EC21,262,Germany,de,7,LTE CAT1,Op A
17206,1,Mark-11,"Würzburg, Germany",Quectel_EC21,262,Germany,de,7,LTE CAT1,Op A
17215,1,Mark-11,"Würzburg, Germany",Quectel_EC21,262,Germany,de,7,LTE CAT1,Op A
17239,1,Mark-1,"Würzburg, Germany",Quectel_EC21,262,Germany,de,7,LTE CAT1,Op A
17240,1,Mark-2,"Würzburg, Germany",Quectel_EC21,262,Germany,de,7,LTE CAT1,Op A
17241,1,Mark-1,"Würzburg, Germany",Quectel_EC21,262,Germany,de,7,LTE CAT1,Op A
17242,1,Mark-1,"Würzburg, Germany",Quectel_EC21,262,Germany,de,7,LTE CAT1,Op A
17243,1,Mark-2,"Würzburg, Germany",Quectel_EC21,262,Germany,de,7,LTE CAT1,Op A
17244,1,Mark-3,"Würzburg, Germany",Quectel_EC21,262,Germany,de,7,LTE CAT1,Op A
17250,1,Mark-10,"Würzburg, Germany",Quectel_EC21,262,Germany,de,7,LTE CAT1,Op A
17251,1,Mark-11,"Würzburg, Germany",Quectel_EC21,262,Germany,de,7,LTE CAT1,Op A
17252,1,Mark-12,"Würzburg, Germany",Quectel_EC21,262,Germany,de,7,LTE CAT1,Op A
17256,1,Mark-4,"Würzburg, Germany",Quectel_EC21,262,Germany,de,7,LTE CAT1,Op A
17259,1,Mark-4,"Würzburg, Germany",Quectel_EC21,262,Germany,de,7,LTE CAT1,Op A
17260,1,Mark-4,"Würzburg, Germany",Quectel_EC21,262,Germany,de,7,LTE CAT1,Op A
17261,1,Mark-4,"Würzburg, Germany",Quectel_EC21,262,Germany,de,7,LTE CAT1,Op A
17266,1,Mark-4,"Würzburg, Germany",Quectel_EC21,262,Germany,de,7,LTE CAT1,Op A
17332,1,Mark-4,"Würzburg, Germany",Quectel_EC21,262,Germany,de,7,LTE CAT1,Op A
17333,1,Mark-4,"Würzburg, Germany",Quectel_EC21,262,Germany,de,7,LTE CAT1,Op A
17334,1,Mark-4,"Würzburg, Germany",Quectel_EC21,262,Germany,de,7,LTE CAT1,Op A
17335,1,Mark-4,"Würzburg, Germany",Quectel_EC21,262,Germany,de,7,LTE CAT1,Op A
17337,1,Mark-4,"Würzburg, Germany",Quectel_EC21,262,Germany,de,7,LTE CAT1,Op A
17340,1,Mark-12,"Würzburg, Germany",Quectel_EC21,262,Germany,de,7,LTE CAT1,Op A
17343,1,Mark-6,"Munich, Germany",Quectel_EC21,262,Germany,de,7,LTE CAT1,Op A
17344,1,Mark-2,"Würzburg, Germany",Quectel_EC21,262,Germany,de,7,LTE CAT1,Op A
17357,1,Mark-6,"Munich, Germany",Quectel_EC21,262,Germany,de,7,LTE CAT1,Op A
17358,1,Mark-6,"Munich, Germany",Quectel_EC21,262,Germany,de,7,LTE CAT1,Op A
17387,1,Mark-11,"Würzburg, Germany",Quectel_EC21,262,Germany,de,7,LTE CAT1,Op A
17388,1,Mark-12,"Würzburg, Germany",Quectel_EC21,262,Germany,de,7,LTE CAT1,Op A
17396,1,Mark-1,"Würzburg, Germany",Quectel_EC21,262,Germany,de,7,LTE CAT1,Op A
17447,1,Mark-1,"Würzburg, Germany",Quectel_EC21,262,Germany,de,7,LTE CAT1,Op A
17449,1,Mark-3,"Würzburg, Germany",Quectel_EC21,262,Germany,de,7,LTE CAT1,Op A
17453,1,Mark-11,"Würzburg, Germany",Quectel_EC21,262,Germany,de,7,LTE CAT1,Op A
17465,1,Mark-6,"Munich, Germany",Quectel_EC21,262,Germany,de,7,LTE CAT1,Op A
17775,1,Mark-11,"Würzburg, Germany",Quectel_EC21,262,Germany,de,7,LTE CAT1,Op A
18049,1,Mark-4,"Würzburg, Germany",Quectel_EC21,262,Germany,de,7,LTE CAT1,Op A
18941,1,Mark-1,"Würzburg, Germany",Quectel_EC21,262,Germany,de,7,LTE CAT1,Op A
19020,1,Mark-4,"Würzburg, Germany",Quectel_EC21,262,Germany,de,7,LTE CAT1,Op A
19022,1,Mark-4,"Würzburg, Germany",Quectel_EC21,262,Germany,de,7,LTE CAT1,Op A
19025,1,Mark-4,"Würzburg, Germany",Quectel_EC21,262,Germany,de,7,LTE CAT1,Op A
19032,1,Mark-4,"Würzburg, Germany",Quectel_EC21,262,Germany,de,7,LTE CAT1,Op A
19531,1,Mark-4,"Würzburg, Germany",Quectel_EC21,262,Germany,de,7,LTE CAT1,Op A
19610,1,Mark-4,"Würzburg, Germany",Quectel_EC21,262,Germany,de,7,LTE CAT1,Op A
19611,1,Mark-4,"Würzburg, Germany",Quectel_EC21,262,Germany,de,7,LTE CAT1,Op A
19619,1,Mark-4,"Würzburg, Germany",Quectel_EC21,262,Germany,de,7,LTE CAT1,Op A
19624,1,Mark-6,"Munich, Germany",Quectel_EC21,262,Germany,de,7,LTE CAT1,Op A
19625,1,Mark-1,"Würzburg, Germany",Quectel_EC21,262,Germany,de,7,LTE CAT1,Op A
19637,1,Mark-6,"Munich, Germany",Quectel_EC21,262,Germany,de,7,LTE CAT1,Op A
19641,1,Mark-1,"Würzburg, Germany",Quectel_EC21,262,Germany,de,7,LTE CAT1,Op A
19644,1,Mark-3,"Würzburg, Germany",Quectel_EC21,262,Germany,de,7,LTE CAT1,Op A
19654,1,Mark-4,"Würzburg, Germany",Quectel_EC21,262,Germany,de,7,LTE CAT1,Op A
19656,1,Mark-6,"Munich, Germany",Quectel_EC21,262,Germany,de,7,LTE CAT1,Op A
19778,1,Mark-1,"Würzburg, Germany",Quectel_EC21,262,Germany,de,7,LTE CAT1,Op A
19793,1,Mark-4,"Würzburg, Germany",Quectel_EC21,262,Germany,de,7,LTE CAT1,Op A
19809,1,Mark-6,"Munich, Germany",Quectel_EC21,262,Germany,de,7,LTE CAT1,Op A
19818,1,Mark-2,"Würzburg, Germany",Quectel_EC21,262,Germany,de,7,LTE CAT1,Op A
19825,1,Mark-2,"Würzburg, Germany",Quectel_EC21,262,Germany,de,7,LTE CAT1,Op A
19829,1,Mark-3,"Würzburg, Germany",Quectel_EC21,262,Germany,de,7,LTE CAT1,Op A
20123,1,Mark-6,"Munich, Germany",Quectel_EC21,262,Germany,de,7,LTE CAT1,Op A
20130,1,Mark-1,"Würzburg, Germany",Quectel_EC21,262,Germany,de,7,LTE CAT1,Op A
20159,1,Mark-6,"Munich, Germany",Quectel_EC21,262,Germany,de,7,LTE CAT1,Op A
20166,1,Mark-1,"Würzburg, Germany",Quectel_EC21,262,Germany,de,7,LTE CAT1,Op A
20195,1,Mark-6,"Munich, Germany",Quectel_EC21,262,Germany,de,7,LTE CAT1,Op A
20231,1,Mark-6,"Munich, Germany",Quectel_EC21,262,Germany,de,7,LTE CAT1,Op A
20238,1,Mark-1,"Würzburg, Germany",Quectel_EC21,262,Germany,de,7,LTE CAT1,Op A
20267,1,Mark-6,"Munich, Germany",Quectel_EC21,262,Germany,de,7,LTE CAT1,Op A
20274,1,Mark-1,"Würzburg, Germany",Quectel_EC21,262,Germany,de,7,LTE CAT1,Op A
20303,1,Mark-6,"Munich, Germany",Quectel_EC21,262,Germany,de,7,LTE CAT1,Op A
20310,1,Mark-1,"Würzburg, Germany",Quectel_EC21,262,Germany,de,7,LTE CAT1,Op A
20339,1,Mark-6,"Munich, Germany",Quectel_EC21,262,Germany,de,7,LTE CAT1,Op A
20346,1,Mark-1,"Würzburg, Germany",Quectel_EC21,262,Germany,de,7,LTE CAT1,Op A
20375,1,Mark-6,"Munich, Germany",Quectel_EC21,262,Germany,de,7,LTE CAT1,Op A
20382,1,Mark-1,"Würzburg, Germany",Quectel_EC21,262,Germany,de,7,LTE CAT1,Op A
20411,1,Mark-6,"Munich, Germany",Quectel_EC21,262,Germany,de,7,LTE CAT1,Op A
20418,1,Mark-1,"Würzburg, Germany",Quectel_EC21,262,Germany,de,7,LTE CAT1,Op A
20454,1,Mark-1,"Würzburg, Germany",Quectel_EC21,262,Germany,de,7,LTE CAT1,Op A
23000,1,Mark-6,"Munich, Germany",Quectel_EC21,262,Germany,de,7,LTE CAT1,Op A
23013,1,Mark-1,"Würzburg, Germany",Quectel_EC21,262,Germany,de,7,LTE CAT1,Op A
23197,1,Mark-6,"Munich, Germany",Quectel_EC21,262,Germany,de,7,LTE CAT1,Op A
23210,1,Mark-1,"Würzburg, Germany",Quectel_EC21,262,Germany,de,7,LTE CAT1,Op A
23269,1,Mark-1,"Würzburg, Germany",Quectel_EC21,262,Germany,de,7,LTE CAT1,Op A
23578,1,Mark-6,"Munich, Germany",Quectel_EC21,262,Germany,de,7,LTE CAT1,Op A
23591,1,Mark-1,"Würzburg, Germany",Quectel_EC21,262,Germany,de,7,LTE CAT1,Op A
10006,1,Mark-1,"Würzburg, Germany",Quectel_BG96,262,Germany,de,8,LTE-M,Op A
10020,1,Mark-1,"Würzburg, Germany",Quectel_BG96,262,Germany,de,8,LTE-M,Op A
10654,1,Mark-5,"Würzburg, Germany",Quectel_BG96,262,Germany,de,8,LTE-M,Op A
10655,1,Mark-5,"Würzburg, Germany",Quectel_BG96,262,Germany,de,8,LTE-M,Op A
11158,1,Mark-2,"Würzburg, Germany",Quectel_BG96,262,Germany,de,8,LTE-M,Op A
11237,1,Mark-2,"Würzburg, Germany",Quectel_BG96,262,Germany,de,8,LTE-M,Op A
11241,1,Mark-2,"Würzburg, Germany",Quectel_BG96,262,Germany,de,8,LTE-M,Op A
13227,1,Mark-5,"Würzburg, Germany",Quectel_BG96,262,Germany,de,8,LTE-M,Op A
13819,1,Mark-4,"Würzburg, Germany",Quectel_BG96,262,Germany,de,8,LTE-M,Op A
14099,1,Mark-4,"Würzburg, Germany",Quectel_BG96,262,Germany,de,8,LTE-M,Op A
14156,1,Mark-4,"Würzburg, Germany",Quectel_BG96,262,Germany,de,8,LTE-M,Op A
14216,1,Mark-4,"Würzburg, Germany",Quectel_BG96,262,Germany,de,8,LTE-M,Op A
14274,1,Mark-4,"Würzburg, Germany",Quectel_BG96,262,Germany,de,8,LTE-M,Op A
14322,1,Mark-2,"Würzburg, Germany",Quectel_BG96,262,Germany,de,8,LTE-M,Op A
14429,1,Mark-2,"Würzburg, Germany",Quectel_BG96,262,Germany,de,8,LTE-M,Op A
14452,1,Mark-2,"Würzburg, Germany",Quectel_BG96,262,Germany,de,8,LTE-M,Op A
14490,1,Mark-2,"Würzburg, Germany",Quectel_BG96,262,Germany,de,8,LTE-M,Op A
17046,1,Mark-6,"Munich, Germany",Quectel_BG96,262,Germany,de,8,LTE-M,Op A
17217,1,Mark-10,"Würzburg, Germany",Quectel_BG96,262,Germany,de,8,LTE-M,Op A
17458,1,Mark-4,"Würzburg, Germany",Quectel_BG96,262,Germany,de,8,LTE-M,Op A
17459,1,Mark-6,"Munich, Germany",Quectel_BG96,262,Germany,de,8,LTE-M,Op A
17461,1,Mark-11,"Würzburg, Germany",Quectel_BG96,262,Germany,de,8,LTE-M,Op A
17776,1,Mark-11,"Würzburg, Germany",Quectel_BG96,262,Germany,de,8,LTE-M,Op A
18812,1,Mark-4,"Würzburg, Germany",Quectel_BG96,262,Germany,de,8,LTE-M,Op A
19023,1,Mark-4,"Würzburg, Germany",Quectel_BG96,262,Germany,de,8,LTE-M,Op A
19079,1,Mark-3,"Würzburg, Germany",Quectel_BG96,262,Germany,de,8,LTE-M,Op A
19080,1,Mark-3,"Würzburg, Germany",Quectel_BG96,262,Germany,de,8,LTE-M,Op A
19110,1,Mark-4,"Würzburg, Germany",Quectel_BG96,262,Germany,de,8,LTE-M,Op A
19724,1,Mark-6,"Munich, Germany",Quectel_BG96,262,Germany,de,8,LTE-M,Op A
19813,1,Mark-6,"Munich, Germany",Quectel_BG96,262,Germany,de,8,LTE-M,Op A
19833,1,Mark-3,"Würzburg, Germany",Quectel_BG96,262,Germany,de,8,LTE-M,Op A
20032,1,Mark-4,"Würzburg, Germany",Quectel_BG96,262,Germany,de,8,LTE-M,Op A
20470,1,Mark-4,"Würzburg, Germany",Quectel_BG96,262,Germany,de,8,LTE-M,Op A
20480,1,Mark-3,"Würzburg, Germany",Quectel_BG96,262,Germany,de,8,LTE-M,Op A
20481,1,Mark-6,"Munich, Germany",Quectel_BG96,262,Germany,de,8,LTE-M,Op A
20490,1,Mark-1,"Würzburg, Germany",Quectel_BG96,262,Germany,de,8,LTE-M,Op A
20513,1,Mark-6,"Munich, Germany",Quectel_BG96,262,Germany,de,8,LTE-M,Op A
20522,1,Mark-1,"Würzburg, Germany",Quectel_BG96,262,Germany,de,8,LTE-M,Op A
20550,1,Mark-6,"Munich, Germany",Quectel_BG96,262,Germany,de,8,LTE-M,Op A
20730,1,Mark-6,"Munich, Germany",Quectel_BG96,262,Germany,de,8,LTE-M,Op A
20739,1,Mark-1,"Würzburg, Germany",Quectel_BG96,262,Germany,de,8,LTE-M,Op A
20757,1,Mark-6,"Munich, Germany",Quectel_BG96,262,Germany,de,8,LTE-M,Op A
20766,1,Mark-1,"Würzburg, Germany",Quectel_BG96,262,Germany,de,8,LTE-M,Op A
20784,1,Mark-6,"Munich, Germany",Quectel_BG96,262,Germany,de,8,LTE-M,Op A
20793,1,Mark-1,"Würzburg, Germany",Quectel_BG96,262,Germany,de,8,LTE-M,Op A
20811,1,Mark-6,"Munich, Germany",Quectel_BG96,262,Germany,de,8,LTE-M,Op A
20847,1,Mark-1,"Würzburg, Germany",Quectel_BG96,262,Germany,de,8,LTE-M,Op A
20865,1,Mark-6,"Munich, Germany",Quectel_BG96,262,Germany,de,8,LTE-M,Op A
20892,1,Mark-6,"Munich, Germany",Quectel_BG96,262,Germany,de,8,LTE-M,Op A
20901,1,Mark-1,"Würzburg, Germany",Quectel_BG96,262,Germany,de,8,LTE-M,Op A
20919,1,Mark-6,"Munich, Germany",Quectel_BG96,262,Germany,de,8,LTE-M,Op A
20928,1,Mark-1,"Würzburg, Germany",Quectel_BG96,262,Germany,de,8,LTE-M,Op A
20946,1,Mark-6,"Munich, Germany",Quectel_BG96,262,Germany,de,8,LTE-M,Op A
20973,1,Mark-6,"Munich, Germany",Quectel_BG96,262,Germany,de,8,LTE-M,Op A
20982,1,Mark-1,"Würzburg, Germany",Quectel_BG96,262,Germany,de,8,LTE-M,Op A
22780,1,Mark-1,"Würzburg, Germany",Quectel_BG96,262,Germany,de,8,LTE-M,Op A
22781,1,Mark-1,"Würzburg, Germany",Quectel_BG96,262,Germany,de,8,LTE-M,Op A
22966,1,Mark-6,"Munich, Germany",Quectel_BG96,262,Germany,de,8,LTE-M,Op A
23163,1,Mark-6,"Munich, Germany",Quectel_BG96,262,Germany,de,8,LTE-M,Op A
23178,1,Mark-1,"Würzburg, Germany",Quectel_BG96,262,Germany,de,8,LTE-M,Op A
23222,1,Mark-6,"Munich, Germany",Quectel_BG96,262,Germany,de,8,LTE-M,Op A
23544,1,Mark-6,"Munich, Germany",Quectel_BG96,262,Germany,de,8,LTE-M,Op A
23559,1,Mark-1,"Würzburg, Germany",Quectel_BG96,262,Germany,de,8,LTE-M,Op A
10011,1,Mark-1,"Würzburg, Germany",Quectel_BG96,262,Germany,de,9,NB-IoT,Op A
10035,1,Mark-1,"Würzburg, Germany",Quectel_BG96,262,Germany,de,9,NB-IoT,Op A
10040,1,Mark-1,"Würzburg, Germany",Quectel_BG96,262,Germany,de,9,NB-IoT,Op A
10681,1,Mark-5,"Würzburg, Germany",Quectel_BG96,262,Germany,de,9,NB-IoT,Op A
10682,1,Mark-5,"Würzburg, Germany",Quectel_BG96,262,Germany,de,9,NB-IoT,Op A
10685,1,Mark-5,"Würzburg, Germany",Quectel_BG96,262,Germany,de,9,NB-IoT,Op A
10688,1,Mark-5,"Würzburg, Germany",Quectel_BG96,262,Germany,de,9,NB-IoT,Op A
11151,1,Mark-2,"Würzburg, Germany",Quectel_BG96,262,Germany,de,9,NB-IoT,Op A
11182,1,Mark-2,"Würzburg, Germany",Quectel_BG96,262,Germany,de,9,NB-IoT,Op A
11183,1,Mark-2,"Würzburg, Germany",Quectel_BG96,262,Germany,de,9,NB-IoT,Op A
11185,1,Mark-2,"Würzburg, Germany",Quectel_BG96,262,Germany,de,9,NB-IoT,Op A
11191,1,Mark-2,"Würzburg, Germany",Quectel_BG96,262,Germany,de,9,NB-IoT,Op A
11196,1,Mark-2,"Würzburg, Germany",Quectel_BG96,262,Germany,de,9,NB-IoT,Op A
11199,1,Mark-2,"Würzburg, Germany",Quectel_BG96,262,Germany,de,9,NB-IoT,Op A
11205,1,Mark-2,"Würzburg, Germany",Quectel_BG96,262,Germany,de,9,NB-IoT,Op A
11210,1,Mark-2,"Würzburg, Germany",Quectel_BG96,262,Germany,de,9,NB-IoT,Op A
11215,1,Mark-2,"Würzburg, Germany",Quectel_BG96,262,Germany,de,9,NB-IoT,Op A
11216,1,Mark-2,"Würzburg, Germany",Quectel_BG96,262,Germany,de,9,NB-IoT,Op A
11217,1,Mark-2,"Würzburg, Germany",Quectel_BG96,262,Germany,de,9,NB-IoT,Op A
11225,1,Mark-2,"Würzburg, Germany",Quectel_BG96,262,Germany,de,9,NB-IoT,Op A
11226,1,Mark-2,"Würzburg, Germany",Quectel_BG96,262,Germany,de,9,NB-IoT,Op A
11233,1,Mark-2,"Würzburg, Germany",Quectel_BG96,262,Germany,de,9,NB-IoT,Op A
11244,1,Mark-2,"Würzburg, Germany",Quectel_BG96,262,Germany,de,9,NB-IoT,Op A
13215,1,Mark-5,"Würzburg, Germany",Quectel_BG96,262,Germany,de,9,NB-IoT,Op A
13216,1,Mark-5,"Würzburg, Germany",Quectel_BG96,262,Germany,de,9,NB-IoT,Op A
13424,1,Mark-4,"Würzburg, Germany",Quectel_BG96,262,Germany,de,9,NB-IoT,Op A
14108,1,Mark-4,"Würzburg, Germany",Quectel_BG96,262,Germany,de,9,NB-IoT,Op A
14111,1,Mark-4,"Würzburg, Germany",Quectel_BG96,262,Germany,de,9,NB-IoT,Op A
14138,1,Mark-4,"Würzburg, Germany",Quectel_BG96,262,Germany,de,9,NB-IoT,Op A
14142,1,Mark-4,"Würzburg, Germany",Quectel_BG96,262,Germany,de,9,NB-IoT,Op A
14159,1,Mark-4,"Würzburg, Germany",Quectel_BG96,262,Germany,de,9,NB-IoT,Op A
14162,1,Mark-4,"Würzburg, Germany",Quectel_BG96,262,Germany,de,9,NB-IoT,Op A
14170,1,Mark-4,"Würzburg, Germany",Quectel_BG96,262,Germany,de,9,NB-IoT,Op A
14178,1,Mark-4,"Würzburg, Germany",Quectel_BG96,262,Germany,de,9,NB-IoT,Op A
14198,1,Mark-4,"Würzburg, Germany",Quectel_BG96,262,Germany,de,9,NB-IoT,Op A
14203,1,Mark-4,"Würzburg, Germany",Quectel_BG96,262,Germany,de,9,NB-IoT,Op A
14213,1,Mark-4,"Würzburg, Germany",Quectel_BG96,262,Germany,de,9,NB-IoT,Op A
14214,1,Mark-4,"Würzburg, Germany",Quectel_BG96,262,Germany,de,9,NB-IoT,Op A
14225,1,Mark-4,"Würzburg, Germany",Quectel_BG96,262,Germany,de,9,NB-IoT,Op A
14232,1,Mark-4,"Würzburg, Germany",Quectel_BG96,262,Germany,de,9,NB-IoT,Op A
14234,1,Mark-4,"Würzburg, Germany",Quectel_BG96,262,Germany,de,9,NB-IoT,Op A
14237,1,Mark-4,"Würzburg, Germany",Quectel_BG96,262,Germany,de,9,NB-IoT,Op A
14241,1,Mark-4,"Würzburg, Germany",Quectel_BG96,262,Germany,de,9,NB-IoT,Op A
14252,1,Mark-4,"Würzburg, Germany",Quectel_BG96,262,Germany,de,9,NB-IoT,Op A
14253,1,Mark-4,"Würzburg, Germany",Quectel_BG96,262,Germany,de,9,NB-IoT,Op A
14255,1,Mark-4,"Würzburg, Germany",Quectel_BG96,262,Germany,de,9,NB-IoT,Op A
14264,1,Mark-4,"Würzburg, Germany",Quectel_BG96,262,Germany,de,9,NB-IoT,Op A
14265,1,Mark-4,"Würzburg, Germany",Quectel_BG96,262,Germany,de,9,NB-IoT,Op A
14266,1,Mark-4,"Würzburg, Germany",Quectel_BG96,262,Germany,de,9,NB-IoT,Op A
14268,1,Mark-4,"Würzburg, Germany",Quectel_BG96,262,Germany,de,9,NB-IoT,Op A
14439,1,Mark-2,"Würzburg, Germany",Quectel_BG96,262,Germany,de,9,NB-IoT,Op A
14457,1,Mark-2,"Würzburg, Germany",Quectel_BG96,262,Germany,de,9,NB-IoT,Op A
14466,1,Mark-2,"Würzburg, Germany",Quectel_BG96,262,Germany,de,9,NB-IoT,Op A
14474,1,Mark-2,"Würzburg, Germany",Quectel_BG96,262,Germany,de,9,NB-IoT,Op A
14475,1,Mark-2,"Würzburg, Germany",Quectel_BG96,262,Germany,de,9,NB-IoT,Op A
14478,1,Mark-2,"Würzburg, Germany",Quectel_BG96,262,Germany,de,9,NB-IoT,Op A
14482,1,Mark-2,"Würzburg, Germany",Quectel_BG96,262,Germany,de,9,NB-IoT,Op A
14487,1,Mark-2,"Würzburg, Germany",Quectel_BG96,262,Germany,de,9,NB-IoT,Op A
14499,1,Mark-2,"Würzburg, Germany",Quectel_BG96,262,Germany,de,9,NB-IoT,Op A
14501,1,Mark-2,"Würzburg, Germany",Quectel_BG96,262,Germany,de,9,NB-IoT,Op A
17394,1,Mark-11,"Würzburg, Germany",Quectel_BG96,262,Germany,de,9,NB-IoT,Op A
18946,1,Mark-2,"Würzburg, Germany",Quectel_BG96,262,Germany,de,9,NB-IoT,Op A
19071,1,Mark-2,"Würzburg, Germany",Quectel_BG96,262,Germany,de,9,NB-IoT,Op A
19073,1,Mark-2,"Würzburg, Germany",Quectel_BG96,262,Germany,de,9,NB-IoT,Op A
19075,1,Mark-2,"Würzburg, Germany",Quectel_BG96,262,Germany,de,9,NB-IoT,Op A
19627,1,Mark-2,"Würzburg, Germany",Quectel_BG96,262,Germany,de,9,NB-IoT,Op A
19628,1,Mark-3,"Würzburg, Germany",Quectel_BG96,262,Germany,de,9,NB-IoT,Op A
19725,1,Mark-6,"Munich, Germany",Quectel_BG96,262,Germany,de,9,NB-IoT,Op A
19789,1,Mark-1,"Würzburg, Germany",Quectel_BG96,262,Germany,de,9,NB-IoT,Op A
19815,1,Mark-6,"Munich, Germany",Quectel_BG96,262,Germany,de,9,NB-IoT,Op A
19835,1,Mark-3,"Würzburg, Germany",Quectel_BG96,262,Germany,de,9,NB-IoT,Op A
20461,1,Mark-4,"Würzburg, Germany",Quectel_BG96,262,Germany,de,9,NB-IoT,Op A
20477,1,Mark-4,"Würzburg, Germany",Quectel_BG96,262,Germany,de,9,NB-IoT,Op A
20493,1,Mark-6,"Munich, Germany",Quectel_BG96,262,Germany,de,9,NB-IoT,Op A
20562,1,Mark-6,"Munich, Germany",Quectel_BG96,262,Germany,de,9,NB-IoT,Op A
20567,1,Mark-1,"Würzburg, Germany",Quectel_BG96,262,Germany,de,9,NB-IoT,Op A
20742,1,Mark-6,"Munich, Germany",Quectel_BG96,262,Germany,de,9,NB-IoT,Op A
20769,1,Mark-6,"Munich, Germany",Quectel_BG96,262,Germany,de,9,NB-IoT,Op A
20796,1,Mark-6,"Munich, Germany",Quectel_BG96,262,Germany,de,9,NB-IoT,Op A
20801,1,Mark-1,"Würzburg, Germany",Quectel_BG96,262,Germany,de,9,NB-IoT,Op A
20823,1,Mark-6,"Munich, Germany",Quectel_BG96,262,Germany,de,9,NB-IoT,Op A
20850,1,Mark-6,"Munich, Germany",Quectel_BG96,262,Germany,de,9,NB-IoT,Op A
20877,1,Mark-6,"Munich, Germany",Quectel_BG96,262,Germany,de,9,NB-IoT,Op A
20882,1,Mark-1,"Würzburg, Germany",Quectel_BG96,262,Germany,de,9,NB-IoT,Op A
20909,1,Mark-1,"Würzburg, Germany",Quectel_BG96,262,Germany,de,9,NB-IoT,Op A
20931,1,Mark-6,"Munich, Germany",Quectel_BG96,262,Germany,de,9,NB-IoT,Op A
20936,1,Mark-1,"Würzburg, Germany",Quectel_BG96,262,Germany,de,9,NB-IoT,Op A
20963,1,Mark-1,"Würzburg, Germany",Quectel_BG96,262,Germany,de,9,NB-IoT,Op A
20985,1,Mark-6,"Munich, Germany",Quectel_BG96,262,Germany,de,9,NB-IoT,Op A
20990,1,Mark-1,"Würzburg, Germany",Quectel_BG96,262,Germany,de,9,NB-IoT,Op A
22782,1,Mark-1,"Würzburg, Germany",Quectel_BG96,262,Germany,de,9,NB-IoT,Op A
22783,1,Mark-1,"Würzburg, Germany",Quectel_BG96,262,Germany,de,9,NB-IoT,Op A
22784,1,Mark-1,"Würzburg, Germany",Quectel_BG96,262,Germany,de,9,NB-IoT,Op A
22785,1,Mark-1,"Würzburg, Germany",Quectel_BG96,262,Germany,de,9,NB-IoT,Op A
22786,1,Mark-1,"Würzburg, Germany",Quectel_BG96,262,Germany,de,9,NB-IoT,Op A
22996,1,Mark-6,"Munich, Germany",Quectel_BG96,262,Germany,de,9,NB-IoT,Op A
23193,1,Mark-6,"Munich, Germany",Quectel_BG96,262,Germany,de,9,NB-IoT,Op A
23202,1,Mark-1,"Würzburg, Germany",Quectel_BG96,262,Germany,de,9,NB-IoT,Op A
23261,1,Mark-1,"Würzburg, Germany",Quectel_BG96,262,Germany,de,9,NB-IoT,Op A
23574,1,Mark-6,"Munich, Germany",Quectel_BG96,262,Germany,de,9,NB-IoT,Op A
23583,1,Mark-1,"Würzburg, Germany",Quectel_BG96,262,Germany,de,9,NB-IoT,Op A
12087,1,Mark-3,"Würzburg, Germany",Quectel_EC21,262,Germany,de,0,2G,Op C
12090,1,Mark-3,"Würzburg, Germany",Quectel_EC21,262,Germany,de,0,2G,Op C
12091,1,Mark-3,"Würzburg, Germany",Quectel_EC21,262,Germany,de,0,2G,Op C
12092,1,Mark-3,"Würzburg, Germany",Quectel_EC21,262,Germany,de,0,2G,Op C
12093,1,Mark-3,"Würzburg, Germany",Quectel_EC21,262,Germany,de,0,2G,Op C
12096,1,Mark-3,"Würzburg, Germany",Quectel_EC21,262,Germany,de,0,2G,Op C
12098,1,Mark-3,"Würzburg, Germany",Quectel_EC21,262,Germany,de,0,2G,Op C
12099,1,Mark-3,"Würzburg, Germany",Quectel_EC21,262,Germany,de,0,2G,Op C
12101,1,Mark-3,"Würzburg, Germany",Quectel_EC21,262,Germany,de,0,2G,Op C
12102,1,Mark-3,"Würzburg, Germany",Quectel_EC21,262,Germany,de,0,2G,Op C
12103,1,Mark-3,"Würzburg, Germany",Quectel_EC21,262,Germany,de,0,2G,Op C
12106,1,Mark-3,"Würzburg, Germany",Quectel_EC21,262,Germany,de,0,2G,Op C
12108,1,Mark-3,"Würzburg, Germany",Quectel_EC21,262,Germany,de,0,2G,Op C
12109,1,Mark-3,"Würzburg, Germany",Quectel_EC21,262,Germany,de,0,2G,Op C
12112,1,Mark-3,"Würzburg, Germany",Quectel_EC21,262,Germany,de,0,2G,Op C
12113,1,Mark-3,"Würzburg, Germany",Quectel_EC21,262,Germany,de,0,2G,Op C
12114,1,Mark-3,"Würzburg, Germany",Quectel_EC21,262,Germany,de,0,2G,Op C
12116,1,Mark-3,"Würzburg, Germany",Quectel_EC21,262,Germany,de,0,2G,Op C
12117,1,Mark-3,"Würzburg, Germany",Quectel_EC21,262,Germany,de,0,2G,Op C
12118,1,Mark-3,"Würzburg, Germany",Quectel_EC21,262,Germany,de,0,2G,Op C
12119,1,Mark-3,"Würzburg, Germany",Quectel_EC21,262,Germany,de,0,2G,Op C
12120,1,Mark-3,"Würzburg, Germany",Quectel_EC21,262,Germany,de,0,2G,Op C
12121,1,Mark-3,"Würzburg, Germany",Quectel_EC21,262,Germany,de,0,2G,Op C
12122,1,Mark-3,"Würzburg, Germany",Quectel_EC21,262,Germany,de,0,2G,Op C
12123,1,Mark-3,"Würzburg, Germany",Quectel_EC21,262,Germany,de,0,2G,Op C
12124,1,Mark-3,"Würzburg, Germany",Quectel_EC21,262,Germany,de,0,2G,Op C
12125,1,Mark-3,"Würzburg, Germany",Quectel_EC21,262,Germany,de,0,2G,Op C
12126,1,Mark-3,"Würzburg, Germany",Quectel_EC21,262,Germany,de,0,2G,Op C
12128,1,Mark-3,"Würzburg, Germany",Quectel_EC21,262,Germany,de,0,2G,Op C
12134,1,Mark-3,"Würzburg, Germany",Quectel_EC21,262,Germany,de,0,2G,Op C
12135,1,Mark-3,"Würzburg, Germany",Quectel_EC21,262,Germany,de,0,2G,Op C
12138,1,Mark-3,"Würzburg, Germany",Quectel_EC21,262,Germany,de,0,2G,Op C
12139,1,Mark-3,"Würzburg, Germany",Quectel_EC21,262,Germany,de,0,2G,Op C
12143,1,Mark-3,"Würzburg, Germany",Quectel_EC21,262,Germany,de,0,2G,Op C
12149,1,Mark-3,"Würzburg, Germany",Quectel_EC21,262,Germany,de,0,2G,Op C
12153,1,Mark-3,"Würzburg, Germany",Quectel_EC21,262,Germany,de,0,2G,Op C
12154,1,Mark-3,"Würzburg, Germany",Quectel_EC21,262,Germany,de,0,2G,Op C
12155,1,Mark-3,"Würzburg, Germany",Quectel_EC21,262,Germany,de,0,2G,Op C
12158,1,Mark-3,"Würzburg, Germany",Quectel_EC21,262,Germany,de,0,2G,Op C
12159,1,Mark-3,"Würzburg, Germany",Quectel_EC21,262,Germany,de,0,2G,Op C
12160,1,Mark-3,"Würzburg, Germany",Quectel_EC21,262,Germany,de,0,2G,Op C
12163,1,Mark-3,"Würzburg, Germany",Quectel_EC21,262,Germany,de,0,2G,Op C
12164,1,Mark-3,"Würzburg, Germany",Quectel_EC21,262,Germany,de,0,2G,Op C
12170,1,Mark-3,"Würzburg, Germany",Quectel_EC21,262,Germany,de,0,2G,Op C
12171,1,Mark-3,"Würzburg, Germany",Quectel_EC21,262,Germany,de,0,2G,Op C
12172,1,Mark-3,"Würzburg, Germany",Quectel_EC21,262,Germany,de,0,2G,Op C
12173,1,Mark-3,"Würzburg, Germany",Quectel_EC21,262,Germany,de,0,2G,Op C
12177,1,Mark-3,"Würzburg, Germany",Quectel_EC21,262,Germany,de,0,2G,Op C
12179,1,Mark-3,"Würzburg, Germany",Quectel_EC21,262,Germany,de,0,2G,Op C
12180,1,Mark-3,"Würzburg, Germany",Quectel_EC21,262,Germany,de,0,2G,Op C
12181,1,Mark-3,"Würzburg, Germany",Quectel_EC21,262,Germany,de,0,2G,Op C
12182,1,Mark-3,"Würzburg, Germany",Quectel_EC21,262,Germany,de,0,2G,Op C
12183,1,Mark-3,"Würzburg, Germany",Quectel_EC21,262,Germany,de,0,2G,Op C
12184,1,Mark-3,"Würzburg, Germany",Quectel_EC21,262,Germany,de,0,2G,Op C
12388,1,Mark-3,"Würzburg, Germany",Quectel_BG96,262,Germany,de,0,2G,Op C
12390,1,Mark-3,"Würzburg, Germany",Quectel_BG96,262,Germany,de,0,2G,Op C
12391,1,Mark-3,"Würzburg, Germany",Quectel_BG96,262,Germany,de,0,2G,Op C
12393,1,Mark-3,"Würzburg, Germany",Quectel_BG96,262,Germany,de,0,2G,Op C
12395,1,Mark-3,"Würzburg, Germany",Quectel_BG96,262,Germany,de,0,2G,Op C
12397,1,Mark-3,"Würzburg, Germany",Quectel_BG96,262,Germany,de,0,2G,Op C
12402,1,Mark-3,"Würzburg, Germany",Quectel_BG96,262,Germany,de,0,2G,Op C
12403,1,Mark-3,"Würzburg, Germany",Quectel_BG96,262,Germany,de,0,2G,Op C
12404,1,Mark-3,"Würzburg, Germany",Quectel_BG96,262,Germany,de,0,2G,Op C
12408,1,Mark-3,"Würzburg, Germany",Quectel_BG96,262,Germany,de,0,2G,Op C
12410,1,Mark-3,"Würzburg, Germany",Quectel_BG96,262,Germany,de,0,2G,Op C
12411,1,Mark-3,"Würzburg, Germany",Quectel_BG96,262,Germany,de,0,2G,Op C
12415,1,Mark-3,"Würzburg, Germany",Quectel_BG96,262,Germany,de,0,2G,Op C
12416,1,Mark-3,"Würzburg, Germany",Quectel_BG96,262,Germany,de,0,2G,Op C
12418,1,Mark-3,"Würzburg, Germany",Quectel_BG96,262,Germany,de,0,2G,Op C
12419,1,Mark-3,"Würzburg, Germany",Quectel_BG96,262,Germany,de,0,2G,Op C
12420,1,Mark-3,"Würzburg, Germany",Quectel_BG96,262,Germany,de,0,2G,Op C
12422,1,Mark-3,"Würzburg, Germany",Quectel_BG96,262,Germany,de,0,2G,Op C
12424,1,Mark-3,"Würzburg, Germany",Quectel_BG96,262,Germany,de,0,2G,Op C
12426,1,Mark-3,"Würzburg, Germany",Quectel_BG96,262,Germany,de,0,2G,Op C
12427,1,Mark-3,"Würzburg, Germany",Quectel_BG96,262,Germany,de,0,2G,Op C
12428,1,Mark-3,"Würzburg, Germany",Quectel_BG96,262,Germany,de,0,2G,Op C
12429,1,Mark-3,"Würzburg, Germany",Quectel_BG96,262,Germany,de,0,2G,Op C
12431,1,Mark-3,"Würzburg, Germany",Quectel_BG96,262,Germany,de,0,2G,Op C
12432,1,Mark-3,"Würzburg, Germany",Quectel_BG96,262,Germany,de,0,2G,Op C
12437,1,Mark-3,"Würzburg, Germany",Quectel_BG96,262,Germany,de,0,2G,Op C
12439,1,Mark-3,"Würzburg, Germany",Quectel_BG96,262,Germany,de,0,2G,Op C
12444,1,Mark-3,"Würzburg, Germany",Quectel_BG96,262,Germany,de,0,2G,Op C
12445,1,Mark-3,"Würzburg, Germany",Quectel_BG96,262,Germany,de,0,2G,Op C
12446,1,Mark-3,"Würzburg, Germany",Quectel_BG96,262,Germany,de,0,2G,Op C
12447,1,Mark-3,"Würzburg, Germany",Quectel_BG96,262,Germany,de,0,2G,Op C
12449,1,Mark-3,"Würzburg, Germany",Quectel_BG96,262,Germany,de,0,2G,Op C
12451,1,Mark-3,"Würzburg, Germany",Quectel_BG96,262,Germany,de,0,2G,Op C
12452,1,Mark-3,"Würzburg, Germany",Quectel_BG96,262,Germany,de,0,2G,Op C
12457,1,Mark-3,"Würzburg, Germany",Quectel_BG96,262,Germany,de,0,2G,Op C
12460,1,Mark-3,"Würzburg, Germany",Quectel_BG96,262,Germany,de,0,2G,Op C
12462,1,Mark-3,"Würzburg, Germany",Quectel_BG96,262,Germany,de,0,2G,Op C
12465,1,Mark-3,"Würzburg, Germany",Quectel_BG96,262,Germany,de,0,2G,Op C
12468,1,Mark-3,"Würzburg, Germany",Quectel_BG96,262,Germany,de,0,2G,Op C
12470,1,Mark-3,"Würzburg, Germany",Quectel_BG96,262,Germany,de,0,2G,Op C
12472,1,Mark-3,"Würzburg, Germany",Quectel_BG96,262,Germany,de,0,2G,Op C
12473,1,Mark-3,"Würzburg, Germany",Quectel_BG96,262,Germany,de,0,2G,Op C
12474,1,Mark-3,"Würzburg, Germany",Quectel_BG96,262,Germany,de,0,2G,Op C
12479,1,Mark-3,"Würzburg, Germany",Quectel_BG96,262,Germany,de,0,2G,Op C
12482,1,Mark-3,"Würzburg, Germany",Quectel_BG96,262,Germany,de,0,2G,Op C
12484,1,Mark-3,"Würzburg, Germany",Quectel_BG96,262,Germany,de,0,2G,Op C
12485,1,Mark-3,"Würzburg, Germany",Quectel_BG96,262,Germany,de,0,2G,Op C
13376,1,Mark-3,"Würzburg, Germany",Quectel_EC21,262,Germany,de,0,2G,Op C
13378,1,Mark-3,"Würzburg, Germany",Quectel_EC21,262,Germany,de,0,2G,Op C
16191,1,Mark-3,"Würzburg, Germany",Quectel_EC21,262,Germany,de,0,2G,Op C
16192,1,Mark-3,"Würzburg, Germany",Quectel_EC21,262,Germany,de,0,2G,Op C
16193,1,Mark-3,"Würzburg, Germany",Quectel_EC21,262,Germany,de,0,2G,Op C
16194,1,Mark-3,"Würzburg, Germany",Quectel_EC21,262,Germany,de,0,2G,Op C
16195,1,Mark-3,"Würzburg, Germany",Quectel_EC21,262,Germany,de,0,2G,Op C
16196,1,Mark-3,"Würzburg, Germany",Quectel_EC21,262,Germany,de,0,2G,Op C
16197,1,Mark-3,"Würzburg, Germany",Quectel_EC21,262,Germany,de,0,2G,Op C
16198,1,Mark-3,"Würzburg, Germany",Quectel_EC21,262,Germany,de,0,2G,Op C
16199,1,Mark-3,"Würzburg, Germany",Quectel_EC21,262,Germany,de,0,2G,Op C
16200,1,Mark-3,"Würzburg, Germany",Quectel_EC21,262,Germany,de,0,2G,Op C
16221,1,Mark-3,"Würzburg, Germany",Quectel_BG96,262,Germany,de,0,2G,Op C
16222,1,Mark-3,"Würzburg, Germany",Quectel_BG96,262,Germany,de,0,2G,Op C
16223,1,Mark-3,"Würzburg, Germany",Quectel_BG96,262,Germany,de,0,2G,Op C
16224,1,Mark-3,"Würzburg, Germany",Quectel_BG96,262,Germany,de,0,2G,Op C
16225,1,Mark-3,"Würzburg, Germany",Quectel_BG96,262,Germany,de,0,2G,Op C
16226,1,Mark-3,"Würzburg, Germany",Quectel_BG96,262,Germany,de,0,2G,Op C
16227,1,Mark-3,"Würzburg, Germany",Quectel_BG96,262,Germany,de,0,2G,Op C
16228,1,Mark-3,"Würzburg, Germany",Quectel_BG96,262,Germany,de,0,2G,Op C
16229,1,Mark-3,"Würzburg, Germany",Quectel_BG96,262,Germany,de,0,2G,Op C
16230,1,Mark-3,"Würzburg, Germany",Quectel_BG96,262,Germany,de,0,2G,Op C
24303,1,Mark-1,"Würzburg, Germany",Quectel_EC21,262,Germany,de,0,2G,Op C
24306,1,Mark-1,"Würzburg, Germany",Quectel_BG96,262,Germany,de,0,2G,Op C
24327,1,Mark-1,"Würzburg, Germany",Quectel_EC21,262,Germany,de,0,2G,Op C
24330,1,Mark-1,"Würzburg, Germany",Quectel_BG96,262,Germany,de,0,2G,Op C
24351,1,Mark-1,"Würzburg, Germany",Quectel_EC21,262,Germany,de,0,2G,Op C
24354,1,Mark-1,"Würzburg, Germany",Quectel_BG96,262,Germany,de,0,2G,Op C
24375,1,Mark-1,"Würzburg, Germany",Quectel_EC21,262,Germany,de,0,2G,Op C
24378,1,Mark-1,"Würzburg, Germany",Quectel_BG96,262,Germany,de,0,2G,Op C
24399,1,Mark-1,"Würzburg, Germany",Quectel_EC21,262,Germany,de,0,2G,Op C
24402,1,Mark-1,"Würzburg, Germany",Quectel_BG96,262,Germany,de,0,2G,Op C
24423,1,Mark-1,"Würzburg, Germany",Quectel_EC21,262,Germany,de,0,2G,Op C
24426,1,Mark-1,"Würzburg, Germany",Quectel_BG96,262,Germany,de,0,2G,Op C
24447,1,Mark-1,"Würzburg, Germany",Quectel_EC21,262,Germany,de,0,2G,Op C
24471,1,Mark-1,"Würzburg, Germany",Quectel_EC21,262,Germany,de,0,2G,Op C
24474,1,Mark-1,"Würzburg, Germany",Quectel_BG96,262,Germany,de,0,2G,Op C
24495,1,Mark-1,"Würzburg, Germany",Quectel_EC21,262,Germany,de,0,2G,Op C
24498,1,Mark-1,"Würzburg, Germany",Quectel_BG96,262,Germany,de,0,2G,Op C
24519,1,Mark-1,"Würzburg, Germany",Quectel_EC21,262,Germany,de,0,2G,Op C
24522,1,Mark-1,"Würzburg, Germany",Quectel_BG96,262,Germany,de,0,2G,Op C
12088,1,Mark-3,"Würzburg, Germany",Quectel_EC21,262,Germany,de,7,LTE CAT1,Op C
12089,1,Mark-3,"Würzburg, Germany",Quectel_EC21,262,Germany,de,7,LTE CAT1,Op C
12094,1,Mark-3,"Würzburg, Germany",Quectel_EC21,262,Germany,de,7,LTE CAT1,Op C
12095,1,Mark-3,"Würzburg, Germany",Quectel_EC21,262,Germany,de,7,LTE CAT1,Op C
12097,1,Mark-3,"Würzburg, Germany",Quectel_EC21,262,Germany,de,7,LTE CAT1,Op C
12100,1,Mark-3,"Würzburg, Germany",Quectel_EC21,262,Germany,de,7,LTE CAT1,Op C
12104,1,Mark-3,"Würzburg, Germany",Quectel_EC21,262,Germany,de,7,LTE CAT1,Op C
12105,1,Mark-3,"Würzburg, Germany",Quectel_EC21,262,Germany,de,7,LTE CAT1,Op C
12107,1,Mark-3,"Würzburg, Germany",Quectel_EC21,262,Germany,de,7,LTE CAT1,Op C
12110,1,Mark-3,"Würzburg, Germany",Quectel_EC21,262,Germany,de,7,LTE CAT1,Op C
12111,1,Mark-3,"Würzburg, Germany",Quectel_EC21,262,Germany,de,7,LTE CAT1,Op C
12115,1,Mark-3,"Würzburg, Germany",Quectel_EC21,262,Germany,de,7,LTE CAT1,Op C
12127,1,Mark-3,"Würzburg, Germany",Quectel_EC21,262,Germany,de,7,LTE CAT1,Op C
12129,1,Mark-3,"Würzburg, Germany",Quectel_EC21,262,Germany,de,7,LTE CAT1,Op C
12130,1,Mark-3,"Würzburg, Germany",Quectel_EC21,262,Germany,de,7,LTE CAT1,Op C
12131,1,Mark-3,"Würzburg, Germany",Quectel_EC21,262,Germany,de,7,LTE CAT1,Op C
12132,1,Mark-3,"Würzburg, Germany",Quectel_EC21,262,Germany,de,7,LTE CAT1,Op C
12133,1,Mark-3,"Würzburg, Germany",Quectel_EC21,262,Germany,de,7,LTE CAT1,Op C
12136,1,Mark-3,"Würzburg, Germany",Quectel_EC21,262,Germany,de,7,LTE CAT1,Op C
12137,1,Mark-3,"Würzburg, Germany",Quectel_EC21,262,Germany,de,7,LTE CAT1,Op C
12140,1,Mark-3,"Würzburg, Germany",Quectel_EC21,262,Germany,de,7,LTE CAT1,Op C
12141,1,Mark-3,"Würzburg, Germany",Quectel_EC21,262,Germany,de,7,LTE CAT1,Op C
12142,1,Mark-3,"Würzburg, Germany",Quectel_EC21,262,Germany,de,7,LTE CAT1,Op C
12144,1,Mark-3,"Würzburg, Germany",Quectel_EC21,262,Germany,de,7,LTE CAT1,Op C
12145,1,Mark-3,"Würzburg, Germany",Quectel_EC21,262,Germany,de,7,LTE CAT1,Op C
12146,1,Mark-3,"Würzburg, Germany",Quectel_EC21,262,Germany,de,7,LTE CAT1,Op C
12147,1,Mark-3,"Würzburg, Germany",Quectel_EC21,262,Germany,de,7,LTE CAT1,Op C
12148,1,Mark-3,"Würzburg, Germany",Quectel_EC21,262,Germany,de,7,LTE CAT1,Op C
12150,1,Mark-3,"Würzburg, Germany",Quectel_EC21,262,Germany,de,7,LTE CAT1,Op C
12151,1,Mark-3,"Würzburg, Germany",Quectel_EC21,262,Germany,de,7,LTE CAT1,Op C
12152,1,Mark-3,"Würzburg, Germany",Quectel_EC21,262,Germany,de,7,LTE CAT1,Op C
12156,1,Mark-3,"Würzburg, Germany",Quectel_EC21,262,Germany,de,7,LTE CAT1,Op C
12157,1,Mark-3,"Würzburg, Germany",Quectel_EC21,262,Germany,de,7,LTE CAT1,Op C
12161,1,Mark-3,"Würzburg, Germany",Quectel_EC21,262,Germany,de,7,LTE CAT1,Op C
12162,1,Mark-3,"Würzburg, Germany",Quectel_EC21,262,Germany,de,7,LTE CAT1,Op C
12165,1,Mark-3,"Würzburg, Germany",Quectel_EC21,262,Germany,de,7,LTE CAT1,Op C
12166,1,Mark-3,"Würzburg, Germany",Quectel_EC21,262,Germany,de,7,LTE CAT1,Op C
12167,1,Mark-3,"Würzburg, Germany",Quectel_EC21,262,Germany,de,7,LTE CAT1,Op C
12168,1,Mark-3,"Würzburg, Germany",Quectel_EC21,262,Germany,de,7,LTE CAT1,Op C
12169,1,Mark-3,"Würzburg, Germany",Quectel_EC21,262,Germany,de,7,LTE CAT1,Op C
12174,1,Mark-3,"Würzburg, Germany",Quectel_EC21,262,Germany,de,7,LTE CAT1,Op C
12175,1,Mark-3,"Würzburg, Germany",Quectel_EC21,262,Germany,de,7,LTE CAT1,Op C
12176,1,Mark-3,"Würzburg, Germany",Quectel_EC21,262,Germany,de,7,LTE CAT1,Op C
12178,1,Mark-3,"Würzburg, Germany",Quectel_EC21,262,Germany,de,7,LTE CAT1,Op C
12185,1,Mark-3,"Würzburg, Germany",Quectel_EC21,262,Germany,de,7,LTE CAT1,Op C
12186,1,Mark-3,"Würzburg, Germany",Quectel_EC21,262,Germany,de,7,LTE CAT1,Op C
12187,1,Mark-3,"Würzburg, Germany",Quectel_EC21,262,Germany,de,7,LTE CAT1,Op C
12188,1,Mark-3,"Würzburg, Germany",Quectel_EC21,262,Germany,de,7,LTE CAT1,Op C
12189,1,Mark-3,"Würzburg, Germany",Quectel_EC21,262,Germany,de,7,LTE CAT1,Op C
12190,1,Mark-3,"Würzburg, Germany",Quectel_EC21,262,Germany,de,7,LTE CAT1,Op C
12191,1,Mark-3,"Würzburg, Germany",Quectel_EC21,262,Germany,de,7,LTE CAT1,Op C
12192,1,Mark-3,"Würzburg, Germany",Quectel_EC21,262,Germany,de,7,LTE CAT1,Op C
12193,1,Mark-3,"Würzburg, Germany",Quectel_EC21,262,Germany,de,7,LTE CAT1,Op C
12194,1,Mark-3,"Würzburg, Germany",Quectel_EC21,262,Germany,de,7,LTE CAT1,Op C
12195,1,Mark-3,"Würzburg, Germany",Quectel_EC21,262,Germany,de,7,LTE CAT1,Op C
12196,1,Mark-3,"Würzburg, Germany",Quectel_EC21,262,Germany,de,7,LTE CAT1,Op C
12197,1,Mark-3,"Würzburg, Germany",Quectel_EC21,262,Germany,de,7,LTE CAT1,Op C
12198,1,Mark-3,"Würzburg, Germany",Quectel_EC21,262,Germany,de,7,LTE CAT1,Op C
12199,1,Mark-3,"Würzburg, Germany",Quectel_EC21,262,Germany,de,7,LTE CAT1,Op C
12200,1,Mark-3,"Würzburg, Germany",Quectel_EC21,262,Germany,de,7,LTE CAT1,Op C
12201,1,Mark-3,"Würzburg, Germany",Quectel_EC21,262,Germany,de,7,LTE CAT1,Op C
12202,1,Mark-3,"Würzburg, Germany",Quectel_EC21,262,Germany,de,7,LTE CAT1,Op C
12203,1,Mark-3,"Würzburg, Germany",Quectel_EC21,262,Germany,de,7,LTE CAT1,Op C
12204,1,Mark-3,"Würzburg, Germany",Quectel_EC21,262,Germany,de,7,LTE CAT1,Op C
12205,1,Mark-3,"Würzburg, Germany",Quectel_EC21,262,Germany,de,7,LTE CAT1,Op C
12206,1,Mark-3,"Würzburg, Germany",Quectel_EC21,262,Germany,de,7,LTE CAT1,Op C
12207,1,Mark-3,"Würzburg, Germany",Quectel_EC21,262,Germany,de,7,LTE CAT1,Op C
12208,1,Mark-3,"Würzburg, Germany",Quectel_EC21,262,Germany,de,7,LTE CAT1,Op C
12209,1,Mark-3,"Würzburg, Germany",Quectel_EC21,262,Germany,de,7,LTE CAT1,Op C
12210,1,Mark-3,"Würzburg, Germany",Quectel_EC21,262,Germany,de,7,LTE CAT1,Op C
12211,1,Mark-3,"Würzburg, Germany",Quectel_EC21,262,Germany,de,7,LTE CAT1,Op C
12212,1,Mark-3,"Würzburg, Germany",Quectel_EC21,262,Germany,de,7,LTE CAT1,Op C
12213,1,Mark-3,"Würzburg, Germany",Quectel_EC21,262,Germany,de,7,LTE CAT1,Op C
12214,1,Mark-3,"Würzburg, Germany",Quectel_EC21,262,Germany,de,7,LTE CAT1,Op C
12215,1,Mark-3,"Würzburg, Germany",Quectel_EC21,262,Germany,de,7,LTE CAT1,Op C
12216,1,Mark-3,"Würzburg, Germany",Quectel_EC21,262,Germany,de,7,LTE CAT1,Op C
12217,1,Mark-3,"Würzburg, Germany",Quectel_EC21,262,Germany,de,7,LTE CAT1,Op C
12218,1,Mark-3,"Würzburg, Germany",Quectel_EC21,262,Germany,de,7,LTE CAT1,Op C
12219,1,Mark-3,"Würzburg, Germany",Quectel_EC21,262,Germany,de,7,LTE CAT1,Op C
12220,1,Mark-3,"Würzburg, Germany",Quectel_EC21,262,Germany,de,7,LTE CAT1,Op C
12221,1,Mark-3,"Würzburg, Germany",Quectel_EC21,262,Germany,de,7,LTE CAT1,Op C
12222,1,Mark-3,"Würzburg, Germany",Quectel_EC21,262,Germany,de,7,LTE CAT1,Op C
12223,1,Mark-3,"Würzburg, Germany",Quectel_EC21,262,Germany,de,7,LTE CAT1,Op C
12224,1,Mark-3,"Würzburg, Germany",Quectel_EC21,262,Germany,de,7,LTE CAT1,Op C
12225,1,Mark-3,"Würzburg, Germany",Quectel_EC21,262,Germany,de,7,LTE CAT1,Op C
12226,1,Mark-3,"Würzburg, Germany",Quectel_EC21,262,Germany,de,7,LTE CAT1,Op C
12227,1,Mark-3,"Würzburg, Germany",Quectel_EC21,262,Germany,de,7,LTE CAT1,Op C
12228,1,Mark-3,"Würzburg, Germany",Quectel_EC21,262,Germany,de,7,LTE CAT1,Op C
12229,1,Mark-3,"Würzburg, Germany",Quectel_EC21,262,Germany,de,7,LTE CAT1,Op C
12230,1,Mark-3,"Würzburg, Germany",Quectel_EC21,262,Germany,de,7,LTE CAT1,Op C
12231,1,Mark-3,"Würzburg, Germany",Quectel_EC21,262,Germany,de,7,LTE CAT1,Op C
12232,1,Mark-3,"Würzburg, Germany",Quectel_EC21,262,Germany,de,7,LTE CAT1,Op C
12233,1,Mark-3,"Würzburg, Germany",Quectel_EC21,262,Germany,de,7,LTE CAT1,Op C
12234,1,Mark-3,"Würzburg, Germany",Quectel_EC21,262,Germany,de,7,LTE CAT1,Op C
12235,1,Mark-3,"Würzburg, Germany",Quectel_EC21,262,Germany,de,7,LTE CAT1,Op C
12236,1,Mark-3,"Würzburg, Germany",Quectel_EC21,262,Germany,de,7,LTE CAT1,Op C
12237,1,Mark-3,"Würzburg, Germany",Quectel_EC21,262,Germany,de,7,LTE CAT1,Op C
12238,1,Mark-3,"Würzburg, Germany",Quectel_EC21,262,Germany,de,7,LTE CAT1,Op C
12239,1,Mark-3,"Würzburg, Germany",Quectel_EC21,262,Germany,de,7,LTE CAT1,Op C
12240,1,Mark-3,"Würzburg, Germany",Quectel_EC21,262,Germany,de,7,LTE CAT1,Op C
12241,1,Mark-3,"Würzburg, Germany",Quectel_EC21,262,Germany,de,7,LTE CAT1,Op C
12242,1,Mark-3,"Würzburg, Germany",Quectel_EC21,262,Germany,de,7,LTE CAT1,Op C
12243,1,Mark-3,"Würzburg, Germany",Quectel_EC21,262,Germany,de,7,LTE CAT1,Op C
12244,1,Mark-3,"Würzburg, Germany",Quectel_EC21,262,Germany,de,7,LTE CAT1,Op C
12245,1,Mark-3,"Würzburg, Germany",Quectel_EC21,262,Germany,de,7,LTE CAT1,Op C
12246,1,Mark-3,"Würzburg, Germany",Quectel_EC21,262,Germany,de,7,LTE CAT1,Op C
12247,1,Mark-3,"Würzburg, Germany",Quectel_EC21,262,Germany,de,7,LTE CAT1,Op C
12248,1,Mark-3,"Würzburg, Germany",Quectel_EC21,262,Germany,de,7,LTE CAT1,Op C
12249,1,Mark-3,"Würzburg, Germany",Quectel_EC21,262,Germany,de,7,LTE CAT1,Op C
12250,1,Mark-3,"Würzburg, Germany",Quectel_EC21,262,Germany,de,7,LTE CAT1,Op C
12251,1,Mark-3,"Würzburg, Germany",Quectel_EC21,262,Germany,de,7,LTE CAT1,Op C
12252,1,Mark-3,"Würzburg, Germany",Quectel_EC21,262,Germany,de,7,LTE CAT1,Op C
12253,1,Mark-3,"Würzburg, Germany",Quectel_EC21,262,Germany,de,7,LTE CAT1,Op C
12254,1,Mark-3,"Würzburg, Germany",Quectel_EC21,262,Germany,de,7,LTE CAT1,Op C
12255,1,Mark-3,"Würzburg, Germany",Quectel_EC21,262,Germany,de,7,LTE CAT1,Op C
12256,1,Mark-3,"Würzburg, Germany",Quectel_EC21,262,Germany,de,7,LTE CAT1,Op C
12257,1,Mark-3,"Würzburg, Germany",Quectel_EC21,262,Germany,de,7,LTE CAT1,Op C
12258,1,Mark-3,"Würzburg, Germany",Quectel_EC21,262,Germany,de,7,LTE CAT1,Op C
12259,1,Mark-3,"Würzburg, Germany",Quectel_EC21,262,Germany,de,7,LTE CAT1,Op C
12261,1,Mark-3,"Würzburg, Germany",Quectel_EC21,262,Germany,de,7,LTE CAT1,Op C
12262,1,Mark-3,"Würzburg, Germany",Quectel_EC21,262,Germany,de,7,LTE CAT1,Op C
12263,1,Mark-3,"Würzburg, Germany",Quectel_EC21,262,Germany,de,7,LTE CAT1,Op C
12264,1,Mark-3,"Würzburg, Germany",Quectel_EC21,262,Germany,de,7,LTE CAT1,Op C
12265,1,Mark-3,"Würzburg, Germany",Quectel_EC21,262,Germany,de,7,LTE CAT1,Op C
12266,1,Mark-3,"Würzburg, Germany",Quectel_EC21,262,Germany,de,7,LTE CAT1,Op C
12267,1,Mark-3,"Würzburg, Germany",Quectel_EC21,262,Germany,de,7,LTE CAT1,Op C
12268,1,Mark-3,"Würzburg, Germany",Quectel_EC21,262,Germany,de,7,LTE CAT1,Op C
12269,1,Mark-3,"Würzburg, Germany",Quectel_EC21,262,Germany,de,7,LTE CAT1,Op C
12270,1,Mark-3,"Würzburg, Germany",Quectel_EC21,262,Germany,de,7,LTE CAT1,Op C
12271,1,Mark-3,"Würzburg, Germany",Quectel_EC21,262,Germany,de,7,LTE CAT1,Op C
12272,1,Mark-3,"Würzburg, Germany",Quectel_EC21,262,Germany,de,7,LTE CAT1,Op C
12273,1,Mark-3,"Würzburg, Germany",Quectel_EC21,262,Germany,de,7,LTE CAT1,Op C
12274,1,Mark-3,"Würzburg, Germany",Quectel_EC21,262,Germany,de,7,LTE CAT1,Op C
12275,1,Mark-3,"Würzburg, Germany",Quectel_EC21,262,Germany,de,7,LTE CAT1,Op C
12276,1,Mark-3,"Würzburg, Germany",Quectel_EC21,262,Germany,de,7,LTE CAT1,Op C
12277,1,Mark-3,"Würzburg, Germany",Quectel_EC21,262,Germany,de,7,LTE CAT1,Op C
12278,1,Mark-3,"Würzburg, Germany",Quectel_EC21,262,Germany,de,7,LTE CAT1,Op C
12279,1,Mark-3,"Würzburg, Germany",Quectel_EC21,262,Germany,de,7,LTE CAT1,Op C
12280,1,Mark-3,"Würzburg, Germany",Quectel_EC21,262,Germany,de,7,LTE CAT1,Op C
12281,1,Mark-3,"Würzburg, Germany",Quectel_EC21,262,Germany,de,7,LTE CAT1,Op C
12282,1,Mark-3,"Würzburg, Germany",Quectel_EC21,262,Germany,de,7,LTE CAT1,Op C
12283,1,Mark-3,"Würzburg, Germany",Quectel_EC21,262,Germany,de,7,LTE CAT1,Op C
12284,1,Mark-3,"Würzburg, Germany",Quectel_EC21,262,Germany,de,7,LTE CAT1,Op C
12285,1,Mark-3,"Würzburg, Germany",Quectel_EC21,262,Germany,de,7,LTE CAT1,Op C
12286,1,Mark-3,"Würzburg, Germany",Quectel_EC21,262,Germany,de,7,LTE CAT1,Op C
13375,1,Mark-3,"Würzburg, Germany",Quectel_EC21,262,Germany,de,7,LTE CAT1,Op C
13377,1,Mark-3,"Würzburg, Germany",Quectel_EC21,262,Germany,de,7,LTE CAT1,Op C
16179,1,Mark-3,"Würzburg, Germany",Quectel_EC21,262,Germany,de,7,LTE CAT1,Op C
16181,1,Mark-3,"Würzburg, Germany",Quectel_EC21,262,Germany,de,7,LTE CAT1,Op C
16182,1,Mark-3,"Würzburg, Germany",Quectel_EC21,262,Germany,de,7,LTE CAT1,Op C
16183,1,Mark-3,"Würzburg, Germany",Quectel_EC21,262,Germany,de,7,LTE CAT1,Op C
16184,1,Mark-3,"Würzburg, Germany",Quectel_EC21,262,Germany,de,7,LTE CAT1,Op C
16185,1,Mark-3,"Würzburg, Germany",Quectel_EC21,262,Germany,de,7,LTE CAT1,Op C
16186,1,Mark-3,"Würzburg, Germany",Quectel_EC21,262,Germany,de,7,LTE CAT1,Op C
16187,1,Mark-3,"Würzburg, Germany",Quectel_EC21,262,Germany,de,7,LTE CAT1,Op C
16188,1,Mark-3,"Würzburg, Germany",Quectel_EC21,262,Germany,de,7,LTE CAT1,Op C
16189,1,Mark-3,"Würzburg, Germany",Quectel_EC21,262,Germany,de,7,LTE CAT1,Op C
16190,1,Mark-3,"Würzburg, Germany",Quectel_EC21,262,Germany,de,7,LTE CAT1,Op C
17253,1,Mark-1,"Würzburg, Germany",Quectel_EC21,262,Germany,de,7,LTE CAT1,Op C
17255,1,Mark-1,"Würzburg, Germany",Quectel_EC21,262,Germany,de,7,LTE CAT1,Op C
17268,1,Mark-1,"Würzburg, Germany",Quectel_EC21,262,Germany,de,7,LTE CAT1,Op C
17269,1,Mark-1,"Würzburg, Germany",Quectel_EC21,262,Germany,de,7,LTE CAT1,Op C
17270,1,Mark-1,"Würzburg, Germany",Quectel_EC21,262,Germany,de,7,LTE CAT1,Op C
17271,1,Mark-1,"Würzburg, Germany",Quectel_EC21,262,Germany,de,7,LTE CAT1,Op C
17272,1,Mark-1,"Würzburg, Germany",Quectel_EC21,262,Germany,de,7,LTE CAT1,Op C
17273,1,Mark-1,"Würzburg, Germany",Quectel_EC21,262,Germany,de,7,LTE CAT1,Op C
17274,1,Mark-1,"Würzburg, Germany",Quectel_EC21,262,Germany,de,7,LTE CAT1,Op C
17275,1,Mark-1,"Würzburg, Germany",Quectel_EC21,262,Germany,de,7,LTE CAT1,Op C
17276,1,Mark-1,"Würzburg, Germany",Quectel_EC21,262,Germany,de,7,LTE CAT1,Op C
17277,1,Mark-1,"Würzburg, Germany",Quectel_EC21,262,Germany,de,7,LTE CAT1,Op C
17278,1,Mark-1,"Würzburg, Germany",Quectel_EC21,262,Germany,de,7,LTE CAT1,Op C
17279,1,Mark-2,"Würzburg, Germany",Quectel_EC21,262,Germany,de,7,LTE CAT1,Op C
17346,1,Mark-1,"Würzburg, Germany",Quectel_EC21,262,Germany,de,7,LTE CAT1,Op C
17347,1,Mark-1,"Würzburg, Germany",Quectel_EC21,262,Germany,de,7,LTE CAT1,Op C
17348,1,Mark-1,"Würzburg, Germany",Quectel_EC21,262,Germany,de,7,LTE CAT1,Op C
17349,1,Mark-1,"Würzburg, Germany",Quectel_EC21,262,Germany,de,7,LTE CAT1,Op C
17350,1,Mark-1,"Würzburg, Germany",Quectel_EC21,262,Germany,de,7,LTE CAT1,Op C
17351,1,Mark-1,"Würzburg, Germany",Quectel_EC21,262,Germany,de,7,LTE CAT1,Op C
17352,1,Mark-1,"Würzburg, Germany",Quectel_EC21,262,Germany,de,7,LTE CAT1,Op C
17353,1,Mark-1,"Würzburg, Germany",Quectel_EC21,262,Germany,de,7,LTE CAT1,Op C
17354,1,Mark-1,"Würzburg, Germany",Quectel_EC21,262,Germany,de,7,LTE CAT1,Op C
17355,1,Mark-1,"Würzburg, Germany",Quectel_EC21,262,Germany,de,7,LTE CAT1,Op C
17833,1,Mark-4,"Würzburg, Germany",Quectel_EC21,262,Germany,de,7,LTE CAT1,Op C
17834,1,Mark-4,"Würzburg, Germany",Quectel_EC21,262,Germany,de,7,LTE CAT1,Op C
17838,1,Mark-4,"Würzburg, Germany",Quectel_EC21,262,Germany,de,7,LTE CAT1,Op C
17842,1,Mark-4,"Würzburg, Germany",Quectel_EC21,262,Germany,de,7,LTE CAT1,Op C
17865,1,Mark-4,"Würzburg, Germany",Quectel_EC21,262,Germany,de,7,LTE CAT1,Op C
18696,1,Mark-1,"Würzburg, Germany",Quectel_EC21,262,Germany,de,7,LTE CAT1,Op C
24293,1,Mark-6,"Munich, Germany",Quectel_EC21,262,Germany,de,7,LTE CAT1,Op C
24297,1,Mark-1,"Würzburg, Germany",Quectel_EC21,262,Germany,de,7,LTE CAT1,Op C
24321,1,Mark-1,"Würzburg, Germany",Quectel_EC21,262,Germany,de,7,LTE CAT1,Op C
24345,1,Mark-1,"Würzburg, Germany",Quectel_EC21,262,Germany,de,7,LTE CAT1,Op C
24369,1,Mark-1,"Würzburg, Germany",Quectel_EC21,262,Germany,de,7,LTE CAT1,Op C
24393,1,Mark-1,"Würzburg, Germany",Quectel_EC21,262,Germany,de,7,LTE CAT1,Op C
24417,1,Mark-1,"Würzburg, Germany",Quectel_EC21,262,Germany,de,7,LTE CAT1,Op C
24441,1,Mark-1,"Würzburg, Germany",Quectel_EC21,262,Germany,de,7,LTE CAT1,Op C
24465,1,Mark-1,"Würzburg, Germany",Quectel_EC21,262,Germany,de,7,LTE CAT1,Op C
24489,1,Mark-1,"Würzburg, Germany",Quectel_EC21,262,Germany,de,7,LTE CAT1,Op C
24513,1,Mark-1,"Würzburg, Germany",Quectel_EC21,262,Germany,de,7,LTE CAT1,Op C
10247,1,Mark-7,"Trondheim, Norway",Quectel_BG96,262,Germany,de,8,LTE-M,Op C
10248,1,Mark-7,"Trondheim, Norway",Quectel_BG96,262,Germany,de,8,LTE-M,Op C
10249,1,Mark-7,"Trondheim, Norway",Quectel_BG96,262,Germany,de,8,LTE-M,Op C
10253,1,Mark-7,"Trondheim, Norway",Quectel_BG96,262,Germany,de,8,LTE-M,Op C
10254,1,Mark-7,"Trondheim, Norway",Quectel_BG96,262,Germany,de,8,LTE-M,Op C
10255,1,Mark-7,"Trondheim, Norway",Quectel_BG96,262,Germany,de,8,LTE-M,Op C
10256,1,Mark-7,"Trondheim, Norway",Quectel_BG96,262,Germany,de,8,LTE-M,Op C
10257,1,Mark-7,"Trondheim, Norway",Quectel_BG96,262,Germany,de,8,LTE-M,Op C
10262,1,Mark-7,"Trondheim, Norway",Quectel_BG96,262,Germany,de,8,LTE-M,Op C
10263,1,Mark-7,"Trondheim, Norway",Quectel_BG96,262,Germany,de,8,LTE-M,Op C
10264,1,Mark-7,"Trondheim, Norway",Quectel_BG96,262,Germany,de,8,LTE-M,Op C
10265,1,Mark-7,"Trondheim, Norway",Quectel_BG96,262,Germany,de,8,LTE-M,Op C
10266,1,Mark-7,"Trondheim, Norway",Quectel_BG96,262,Germany,de,8,LTE-M,Op C
10267,1,Mark-7,"Trondheim, Norway",Quectel_BG96,262,Germany,de,8,LTE-M,Op C
10268,1,Mark-7,"Trondheim, Norway",Quectel_BG96,262,Germany,de,8,LTE-M,Op C
10269,1,Mark-7,"Trondheim, Norway",Quectel_BG96,262,Germany,de,8,LTE-M,Op C
10270,1,Mark-7,"Trondheim, Norway",Quectel_BG96,262,Germany,de,8,LTE-M,Op C
10271,1,Mark-7,"Trondheim, Norway",Quectel_BG96,262,Germany,de,8,LTE-M,Op C
10272,1,Mark-7,"Trondheim, Norway",Quectel_BG96,262,Germany,de,8,LTE-M,Op C
10275,1,Mark-7,"Trondheim, Norway",Quectel_BG96,262,Germany,de,8,LTE-M,Op C
10276,1,Mark-7,"Trondheim, Norway",Quectel_BG96,262,Germany,de,8,LTE-M,Op C
10277,1,Mark-7,"Trondheim, Norway",Quectel_BG96,262,Germany,de,8,LTE-M,Op C
10281,1,Mark-7,"Trondheim, Norway",Quectel_BG96,262,Germany,de,8,LTE-M,Op C
10284,1,Mark-7,"Trondheim, Norway",Quectel_BG96,262,Germany,de,8,LTE-M,Op C
10285,1,Mark-7,"Trondheim, Norway",Quectel_BG96,262,Germany,de,8,LTE-M,Op C
10286,1,Mark-7,"Trondheim, Norway",Quectel_BG96,262,Germany,de,8,LTE-M,Op C
10287,1,Mark-7,"Trondheim, Norway",Quectel_BG96,262,Germany,de,8,LTE-M,Op C
10288,1,Mark-7,"Trondheim, Norway",Quectel_BG96,262,Germany,de,8,LTE-M,Op C
10289,1,Mark-7,"Trondheim, Norway",Quectel_BG96,262,Germany,de,8,LTE-M,Op C
10290,1,Mark-7,"Trondheim, Norway",Quectel_BG96,262,Germany,de,8,LTE-M,Op C
10291,1,Mark-7,"Trondheim, Norway",Quectel_BG96,262,Germany,de,8,LTE-M,Op C
10292,1,Mark-7,"Trondheim, Norway",Quectel_BG96,262,Germany,de,8,LTE-M,Op C
10293,1,Mark-7,"Trondheim, Norway",Quectel_BG96,262,Germany,de,8,LTE-M,Op C
10294,1,Mark-7,"Trondheim, Norway",Quectel_BG96,262,Germany,de,8,LTE-M,Op C
10297,1,Mark-7,"Trondheim, Norway",Quectel_BG96,262,Germany,de,8,LTE-M,Op C
10298,1,Mark-7,"Trondheim, Norway",Quectel_BG96,262,Germany,de,8,LTE-M,Op C
10299,1,Mark-7,"Trondheim, Norway",Quectel_BG96,262,Germany,de,8,LTE-M,Op C
10300,1,Mark-7,"Trondheim, Norway",Quectel_BG96,262,Germany,de,8,LTE-M,Op C
10301,1,Mark-7,"Trondheim, Norway",Quectel_BG96,262,Germany,de,8,LTE-M,Op C
10302,1,Mark-7,"Trondheim, Norway",Quectel_BG96,262,Germany,de,8,LTE-M,Op C
10303,1,Mark-7,"Trondheim, Norway",Quectel_BG96,262,Germany,de,8,LTE-M,Op C
10304,1,Mark-7,"Trondheim, Norway",Quectel_BG96,262,Germany,de,8,LTE-M,Op C
10305,1,Mark-7,"Trondheim, Norway",Quectel_BG96,262,Germany,de,8,LTE-M,Op C
10306,1,Mark-7,"Trondheim, Norway",Quectel_BG96,262,Germany,de,8,LTE-M,Op C
10307,1,Mark-7,"Trondheim, Norway",Quectel_BG96,262,Germany,de,8,LTE-M,Op C
10308,1,Mark-7,"Trondheim, Norway",Quectel_BG96,262,Germany,de,8,LTE-M,Op C
10309,1,Mark-7,"Trondheim, Norway",Quectel_BG96,262,Germany,de,8,LTE-M,Op C
10310,1,Mark-7,"Trondheim, Norway",Quectel_BG96,262,Germany,de,8,LTE-M,Op C
10311,1,Mark-7,"Trondheim, Norway",Quectel_BG96,262,Germany,de,8,LTE-M,Op C
10313,1,Mark-7,"Trondheim, Norway",Quectel_BG96,262,Germany,de,8,LTE-M,Op C
10314,1,Mark-7,"Trondheim, Norway",Quectel_BG96,262,Germany,de,8,LTE-M,Op C
10315,1,Mark-7,"Trondheim, Norway",Quectel_BG96,262,Germany,de,8,LTE-M,Op C
10316,1,Mark-7,"Trondheim, Norway",Quectel_BG96,262,Germany,de,8,LTE-M,Op C
10317,1,Mark-7,"Trondheim, Norway",Quectel_BG96,262,Germany,de,8,LTE-M,Op C
10319,1,Mark-7,"Trondheim, Norway",Quectel_BG96,262,Germany,de,8,LTE-M,Op C
10322,1,Mark-7,"Trondheim, Norway",Quectel_BG96,262,Germany,de,8,LTE-M,Op C
10323,1,Mark-7,"Trondheim, Norway",Quectel_BG96,262,Germany,de,8,LTE-M,Op C
10324,1,Mark-7,"Trondheim, Norway",Quectel_BG96,262,Germany,de,8,LTE-M,Op C
10325,1,Mark-7,"Trondheim, Norway",Quectel_BG96,262,Germany,de,8,LTE-M,Op C
10326,1,Mark-7,"Trondheim, Norway",Quectel_BG96,262,Germany,de,8,LTE-M,Op C
10327,1,Mark-7,"Trondheim, Norway",Quectel_BG96,262,Germany,de,8,LTE-M,Op C
10328,1,Mark-7,"Trondheim, Norway",Quectel_BG96,262,Germany,de,8,LTE-M,Op C
10329,1,Mark-7,"Trondheim, Norway",Quectel_BG96,262,Germany,de,8,LTE-M,Op C
10330,1,Mark-7,"Trondheim, Norway",Quectel_BG96,262,Germany,de,8,LTE-M,Op C
10331,1,Mark-7,"Trondheim, Norway",Quectel_BG96,262,Germany,de,8,LTE-M,Op C
10332,1,Mark-7,"Trondheim, Norway",Quectel_BG96,262,Germany,de,8,LTE-M,Op C
10333,1,Mark-7,"Trondheim, Norway",Quectel_BG96,262,Germany,de,8,LTE-M,Op C
10334,1,Mark-7,"Trondheim, Norway",Quectel_BG96,262,Germany,de,8,LTE-M,Op C
10336,1,Mark-7,"Trondheim, Norway",Quectel_BG96,262,Germany,de,8,LTE-M,Op C
10337,1,Mark-7,"Trondheim, Norway",Quectel_BG96,262,Germany,de,8,LTE-M,Op C
10338,1,Mark-7,"Trondheim, Norway",Quectel_BG96,262,Germany,de,8,LTE-M,Op C
10339,1,Mark-7,"Trondheim, Norway",Quectel_BG96,262,Germany,de,8,LTE-M,Op C
10341,1,Mark-7,"Trondheim, Norway",Quectel_BG96,262,Germany,de,8,LTE-M,Op C
10342,1,Mark-7,"Trondheim, Norway",Quectel_BG96,262,Germany,de,8,LTE-M,Op C
10343,1,Mark-7,"Trondheim, Norway",Quectel_BG96,262,Germany,de,8,LTE-M,Op C
10344,1,Mark-7,"Trondheim, Norway",Quectel_BG96,262,Germany,de,8,LTE-M,Op C
10345,1,Mark-7,"Trondheim, Norway",Quectel_BG96,262,Germany,de,8,LTE-M,Op C
10346,1,Mark-7,"Trondheim, Norway",Quectel_BG96,262,Germany,de,8,LTE-M,Op C
10347,1,Mark-7,"Trondheim, Norway",Quectel_BG96,262,Germany,de,8,LTE-M,Op C
10348,1,Mark-7,"Trondheim, Norway",Quectel_BG96,262,Germany,de,8,LTE-M,Op C
10352,1,Mark-7,"Trondheim, Norway",Quectel_BG96,262,Germany,de,8,LTE-M,Op C
10353,1,Mark-7,"Trondheim, Norway",Quectel_BG96,262,Germany,de,8,LTE-M,Op C
10354,1,Mark-7,"Trondheim, Norway",Quectel_BG96,262,Germany,de,8,LTE-M,Op C
10355,1,Mark-7,"Trondheim, Norway",Quectel_BG96,262,Germany,de,8,LTE-M,Op C
10356,1,Mark-7,"Trondheim, Norway",Quectel_BG96,262,Germany,de,8,LTE-M,Op C
10357,1,Mark-7,"Trondheim, Norway",Quectel_BG96,262,Germany,de,8,LTE-M,Op C
10361,1,Mark-7,"Trondheim, Norway",Quectel_BG96,262,Germany,de,8,LTE-M,Op C
10362,1,Mark-7,"Trondheim, Norway",Quectel_BG96,262,Germany,de,8,LTE-M,Op C
10363,1,Mark-7,"Trondheim, Norway",Quectel_BG96,262,Germany,de,8,LTE-M,Op C
10365,1,Mark-7,"Trondheim, Norway",Quectel_BG96,262,Germany,de,8,LTE-M,Op C
10366,1,Mark-7,"Trondheim, Norway",Quectel_BG96,262,Germany,de,8,LTE-M,Op C
10367,1,Mark-7,"Trondheim, Norway",Quectel_BG96,262,Germany,de,8,LTE-M,Op C
10368,1,Mark-7,"Trondheim, Norway",Quectel_BG96,262,Germany,de,8,LTE-M,Op C
10369,1,Mark-7,"Trondheim, Norway",Quectel_BG96,262,Germany,de,8,LTE-M,Op C
10370,1,Mark-7,"Trondheim, Norway",Quectel_BG96,262,Germany,de,8,LTE-M,Op C
10371,1,Mark-7,"Trondheim, Norway",Quectel_BG96,262,Germany,de,8,LTE-M,Op C
10372,1,Mark-7,"Trondheim, Norway",Quectel_BG96,262,Germany,de,8,LTE-M,Op C
10373,1,Mark-7,"Trondheim, Norway",Quectel_BG96,262,Germany,de,8,LTE-M,Op C
10374,1,Mark-7,"Trondheim, Norway",Quectel_BG96,262,Germany,de,8,LTE-M,Op C
10375,1,Mark-7,"Trondheim, Norway",Quectel_BG96,262,Germany,de,8,LTE-M,Op C
10376,1,Mark-7,"Trondheim, Norway",Quectel_BG96,262,Germany,de,8,LTE-M,Op C
10378,1,Mark-7,"Trondheim, Norway",Quectel_BG96,262,Germany,de,8,LTE-M,Op C
10379,1,Mark-7,"Trondheim, Norway",Quectel_BG96,262,Germany,de,8,LTE-M,Op C
10380,1,Mark-7,"Trondheim, Norway",Quectel_BG96,262,Germany,de,8,LTE-M,Op C
10381,1,Mark-7,"Trondheim, Norway",Quectel_BG96,262,Germany,de,8,LTE-M,Op C
10382,1,Mark-7,"Trondheim, Norway",Quectel_BG96,262,Germany,de,8,LTE-M,Op C
10383,1,Mark-7,"Trondheim, Norway",Quectel_BG96,262,Germany,de,8,LTE-M,Op C
10384,1,Mark-7,"Trondheim, Norway",Quectel_BG96,262,Germany,de,8,LTE-M,Op C
10385,1,Mark-7,"Trondheim, Norway",Quectel_BG96,262,Germany,de,8,LTE-M,Op C
10386,1,Mark-7,"Trondheim, Norway",Quectel_BG96,262,Germany,de,8,LTE-M,Op C
10387,1,Mark-7,"Trondheim, Norway",Quectel_BG96,262,Germany,de,8,LTE-M,Op C
10388,1,Mark-7,"Trondheim, Norway",Quectel_BG96,262,Germany,de,8,LTE-M,Op C
10389,1,Mark-7,"Trondheim, Norway",Quectel_BG96,262,Germany,de,8,LTE-M,Op C
10390,1,Mark-7,"Trondheim, Norway",Quectel_BG96,262,Germany,de,8,LTE-M,Op C
10391,1,Mark-7,"Trondheim, Norway",Quectel_BG96,262,Germany,de,8,LTE-M,Op C
10392,1,Mark-7,"Trondheim, Norway",Quectel_BG96,262,Germany,de,8,LTE-M,Op C
10393,1,Mark-7,"Trondheim, Norway",Quectel_BG96,262,Germany,de,8,LTE-M,Op C
10395,1,Mark-7,"Trondheim, Norway",Quectel_BG96,262,Germany,de,8,LTE-M,Op C
10396,1,Mark-7,"Trondheim, Norway",Quectel_BG96,262,Germany,de,8,LTE-M,Op C
10397,1,Mark-7,"Trondheim, Norway",Quectel_BG96,262,Germany,de,8,LTE-M,Op C
10402,1,Mark-7,"Trondheim, Norway",Quectel_BG96,262,Germany,de,8,LTE-M,Op C
10406,1,Mark-7,"Trondheim, Norway",Quectel_BG96,262,Germany,de,8,LTE-M,Op C
10407,1,Mark-7,"Trondheim, Norway",Quectel_BG96,262,Germany,de,8,LTE-M,Op C
10408,1,Mark-7,"Trondheim, Norway",Quectel_BG96,262,Germany,de,8,LTE-M,Op C
10409,1,Mark-7,"Trondheim, Norway",Quectel_BG96,262,Germany,de,8,LTE-M,Op C
10410,1,Mark-7,"Trondheim, Norway",Quectel_BG96,262,Germany,de,8,LTE-M,Op C
10411,1,Mark-7,"Trondheim, Norway",Quectel_BG96,262,Germany,de,8,LTE-M,Op C
10413,1,Mark-7,"Trondheim, Norway",Quectel_BG96,262,Germany,de,8,LTE-M,Op C
10414,1,Mark-7,"Trondheim, Norway",Quectel_BG96,262,Germany,de,8,LTE-M,Op C
10415,1,Mark-7,"Trondheim, Norway",Quectel_BG96,262,Germany,de,8,LTE-M,Op C
10416,1,Mark-7,"Trondheim, Norway",Quectel_BG96,262,Germany,de,8,LTE-M,Op C
10417,1,Mark-7,"Trondheim, Norway",Quectel_BG96,262,Germany,de,8,LTE-M,Op C
10419,1,Mark-7,"Trondheim, Norway",Quectel_BG96,262,Germany,de,8,LTE-M,Op C
10420,1,Mark-7,"Trondheim, Norway",Quectel_BG96,262,Germany,de,8,LTE-M,Op C
10421,1,Mark-7,"Trondheim, Norway",Quectel_BG96,262,Germany,de,8,LTE-M,Op C
10423,1,Mark-7,"Trondheim, Norway",Quectel_BG96,262,Germany,de,8,LTE-M,Op C
10424,1,Mark-7,"Trondheim, Norway",Quectel_BG96,262,Germany,de,8,LTE-M,Op C
10428,1,Mark-7,"Trondheim, Norway",Quectel_BG96,262,Germany,de,8,LTE-M,Op C
10429,1,Mark-7,"Trondheim, Norway",Quectel_BG96,262,Germany,de,8,LTE-M,Op C
10430,1,Mark-7,"Trondheim, Norway",Quectel_BG96,262,Germany,de,8,LTE-M,Op C
10432,1,Mark-7,"Trondheim, Norway",Quectel_BG96,262,Germany,de,8,LTE-M,Op C
10433,1,Mark-7,"Trondheim, Norway",Quectel_BG96,262,Germany,de,8,LTE-M,Op C
10434,1,Mark-7,"Trondheim, Norway",Quectel_BG96,262,Germany,de,8,LTE-M,Op C
10437,1,Mark-7,"Trondheim, Norway",Quectel_BG96,262,Germany,de,8,LTE-M,Op C
10438,1,Mark-7,"Trondheim, Norway",Quectel_BG96,262,Germany,de,8,LTE-M,Op C
10439,1,Mark-7,"Trondheim, Norway",Quectel_BG96,262,Germany,de,8,LTE-M,Op C
10440,1,Mark-7,"Trondheim, Norway",Quectel_BG96,262,Germany,de,8,LTE-M,Op C
10441,1,Mark-7,"Trondheim, Norway",Quectel_BG96,262,Germany,de,8,LTE-M,Op C
10442,1,Mark-7,"Trondheim, Norway",Quectel_BG96,262,Germany,de,8,LTE-M,Op C
10443,1,Mark-7,"Trondheim, Norway",Quectel_BG96,262,Germany,de,8,LTE-M,Op C
10444,1,Mark-7,"Trondheim, Norway",Quectel_BG96,262,Germany,de,8,LTE-M,Op C
12288,1,Mark-3,"Würzburg, Germany",Quectel_BG96,262,Germany,de,8,LTE-M,Op C
12289,1,Mark-3,"Würzburg, Germany",Quectel_BG96,262,Germany,de,8,LTE-M,Op C
12293,1,Mark-3,"Würzburg, Germany",Quectel_BG96,262,Germany,de,8,LTE-M,Op C
12294,1,Mark-3,"Würzburg, Germany",Quectel_BG96,262,Germany,de,8,LTE-M,Op C
12295,1,Mark-3,"Würzburg, Germany",Quectel_BG96,262,Germany,de,8,LTE-M,Op C
12296,1,Mark-3,"Würzburg, Germany",Quectel_BG96,262,Germany,de,8,LTE-M,Op C
12297,1,Mark-3,"Würzburg, Germany",Quectel_BG96,262,Germany,de,8,LTE-M,Op C
12298,1,Mark-3,"Würzburg, Germany",Quectel_BG96,262,Germany,de,8,LTE-M,Op C
12302,1,Mark-3,"Würzburg, Germany",Quectel_BG96,262,Germany,de,8,LTE-M,Op C
12303,1,Mark-3,"Würzburg, Germany",Quectel_BG96,262,Germany,de,8,LTE-M,Op C
12306,1,Mark-3,"Würzburg, Germany",Quectel_BG96,262,Germany,de,8,LTE-M,Op C
12307,1,Mark-3,"Würzburg, Germany",Quectel_BG96,262,Germany,de,8,LTE-M,Op C
12308,1,Mark-3,"Würzburg, Germany",Quectel_BG96,262,Germany,de,8,LTE-M,Op C
12309,1,Mark-3,"Würzburg, Germany",Quectel_BG96,262,Germany,de,8,LTE-M,Op C
12313,1,Mark-3,"Würzburg, Germany",Quectel_BG96,262,Germany,de,8,LTE-M,Op C
12314,1,Mark-3,"Würzburg, Germany",Quectel_BG96,262,Germany,de,8,LTE-M,Op C
12317,1,Mark-3,"Würzburg, Germany",Quectel_BG96,262,Germany,de,8,LTE-M,Op C
12318,1,Mark-3,"Würzburg, Germany",Quectel_BG96,262,Germany,de,8,LTE-M,Op C
12319,1,Mark-3,"Würzburg, Germany",Quectel_BG96,262,Germany,de,8,LTE-M,Op C
12320,1,Mark-3,"Würzburg, Germany",Quectel_BG96,262,Germany,de,8,LTE-M,Op C
12323,1,Mark-3,"Würzburg, Germany",Quectel_BG96,262,Germany,de,8,LTE-M,Op C
12324,1,Mark-3,"Würzburg, Germany",Quectel_BG96,262,Germany,de,8,LTE-M,Op C
12325,1,Mark-3,"Würzburg, Germany",Quectel_BG96,262,Germany,de,8,LTE-M,Op C
12326,1,Mark-3,"Würzburg, Germany",Quectel_BG96,262,Germany,de,8,LTE-M,Op C
12327,1,Mark-3,"Würzburg, Germany",Quectel_BG96,262,Germany,de,8,LTE-M,Op C
12328,1,Mark-3,"Würzburg, Germany",Quectel_BG96,262,Germany,de,8,LTE-M,Op C
12329,1,Mark-3,"Würzburg, Germany",Quectel_BG96,262,Germany,de,8,LTE-M,Op C
12330,1,Mark-3,"Würzburg, Germany",Quectel_BG96,262,Germany,de,8,LTE-M,Op C
12331,1,Mark-3,"Würzburg, Germany",Quectel_BG96,262,Germany,de,8,LTE-M,Op C
12332,1,Mark-3,"Würzburg, Germany",Quectel_BG96,262,Germany,de,8,LTE-M,Op C
12334,1,Mark-3,"Würzburg, Germany",Quectel_BG96,262,Germany,de,8,LTE-M,Op C
12335,1,Mark-3,"Würzburg, Germany",Quectel_BG96,262,Germany,de,8,LTE-M,Op C
12340,1,Mark-3,"Würzburg, Germany",Quectel_BG96,262,Germany,de,8,LTE-M,Op C
12341,1,Mark-3,"Würzburg, Germany",Quectel_BG96,262,Germany,de,8,LTE-M,Op C
12342,1,Mark-3,"Würzburg, Germany",Quectel_BG96,262,Germany,de,8,LTE-M,Op C
12343,1,Mark-3,"Würzburg, Germany",Quectel_BG96,262,Germany,de,8,LTE-M,Op C
12348,1,Mark-3,"Würzburg, Germany",Quectel_BG96,262,Germany,de,8,LTE-M,Op C
12349,1,Mark-3,"Würzburg, Germany",Quectel_BG96,262,Germany,de,8,LTE-M,Op C
12351,1,Mark-3,"Würzburg, Germany",Quectel_BG96,262,Germany,de,8,LTE-M,Op C
12352,1,Mark-3,"Würzburg, Germany",Quectel_BG96,262,Germany,de,8,LTE-M,Op C
12354,1,Mark-3,"Würzburg, Germany",Quectel_BG96,262,Germany,de,8,LTE-M,Op C
12355,1,Mark-3,"Würzburg, Germany",Quectel_BG96,262,Germany,de,8,LTE-M,Op C
12356,1,Mark-3,"Würzburg, Germany",Quectel_BG96,262,Germany,de,8,LTE-M,Op C
12357,1,Mark-3,"Würzburg, Germany",Quectel_BG96,262,Germany,de,8,LTE-M,Op C
12358,1,Mark-3,"Würzburg, Germany",Quectel_BG96,262,Germany,de,8,LTE-M,Op C
12359,1,Mark-3,"Würzburg, Germany",Quectel_BG96,262,Germany,de,8,LTE-M,Op C
12361,1,Mark-3,"Würzburg, Germany",Quectel_BG96,262,Germany,de,8,LTE-M,Op C
12362,1,Mark-3,"Würzburg, Germany",Quectel_BG96,262,Germany,de,8,LTE-M,Op C
12364,1,Mark-3,"Würzburg, Germany",Quectel_BG96,262,Germany,de,8,LTE-M,Op C
12365,1,Mark-3,"Würzburg, Germany",Quectel_BG96,262,Germany,de,8,LTE-M,Op C
12366,1,Mark-3,"Würzburg, Germany",Quectel_BG96,262,Germany,de,8,LTE-M,Op C
12367,1,Mark-3,"Würzburg, Germany",Quectel_BG96,262,Germany,de,8,LTE-M,Op C
12369,1,Mark-3,"Würzburg, Germany",Quectel_BG96,262,Germany,de,8,LTE-M,Op C
12370,1,Mark-3,"Würzburg, Germany",Quectel_BG96,262,Germany,de,8,LTE-M,Op C
12374,1,Mark-3,"Würzburg, Germany",Quectel_BG96,262,Germany,de,8,LTE-M,Op C
12375,1,Mark-3,"Würzburg, Germany",Quectel_BG96,262,Germany,de,8,LTE-M,Op C
12376,1,Mark-3,"Würzburg, Germany",Quectel_BG96,262,Germany,de,8,LTE-M,Op C
12377,1,Mark-3,"Würzburg, Germany",Quectel_BG96,262,Germany,de,8,LTE-M,Op C
12380,1,Mark-3,"Würzburg, Germany",Quectel_BG96,262,Germany,de,8,LTE-M,Op C
12381,1,Mark-3,"Würzburg, Germany",Quectel_BG96,262,Germany,de,8,LTE-M,Op C
12382,1,Mark-3,"Würzburg, Germany",Quectel_BG96,262,Germany,de,8,LTE-M,Op C
12383,1,Mark-3,"Würzburg, Germany",Quectel_BG96,262,Germany,de,8,LTE-M,Op C
12384,1,Mark-3,"Würzburg, Germany",Quectel_BG96,262,Germany,de,8,LTE-M,Op C
12385,1,Mark-3,"Würzburg, Germany",Quectel_BG96,262,Germany,de,8,LTE-M,Op C
12387,1,Mark-3,"Würzburg, Germany",Quectel_BG96,262,Germany,de,8,LTE-M,Op C
12389,1,Mark-3,"Würzburg, Germany",Quectel_BG96,262,Germany,de,8,LTE-M,Op C
12392,1,Mark-3,"Würzburg, Germany",Quectel_BG96,262,Germany,de,8,LTE-M,Op C
12394,1,Mark-3,"Würzburg, Germany",Quectel_BG96,262,Germany,de,8,LTE-M,Op C
12396,1,Mark-3,"Würzburg, Germany",Quectel_BG96,262,Germany,de,8,LTE-M,Op C
12398,1,Mark-3,"Würzburg, Germany",Quectel_BG96,262,Germany,de,8,LTE-M,Op C
12399,1,Mark-3,"Würzburg, Germany",Quectel_BG96,262,Germany,de,8,LTE-M,Op C
12400,1,Mark-3,"Würzburg, Germany",Quectel_BG96,262,Germany,de,8,LTE-M,Op C
12401,1,Mark-3,"Würzburg, Germany",Quectel_BG96,262,Germany,de,8,LTE-M,Op C
12405,1,Mark-3,"Würzburg, Germany",Quectel_BG96,262,Germany,de,8,LTE-M,Op C
12406,1,Mark-3,"Würzburg, Germany",Quectel_BG96,262,Germany,de,8,LTE-M,Op C
12407,1,Mark-3,"Würzburg, Germany",Quectel_BG96,262,Germany,de,8,LTE-M,Op C
12409,1,Mark-3,"Würzburg, Germany",Quectel_BG96,262,Germany,de,8,LTE-M,Op C
12412,1,Mark-3,"Würzburg, Germany",Quectel_BG96,262,Germany,de,8,LTE-M,Op C
12413,1,Mark-3,"Würzburg, Germany",Quectel_BG96,262,Germany,de,8,LTE-M,Op C
12414,1,Mark-3,"Würzburg, Germany",Quectel_BG96,262,Germany,de,8,LTE-M,Op C
12417,1,Mark-3,"Würzburg, Germany",Quectel_BG96,262,Germany,de,8,LTE-M,Op C
12421,1,Mark-3,"Würzburg, Germany",Quectel_BG96,262,Germany,de,8,LTE-M,Op C
12423,1,Mark-3,"Würzburg, Germany",Quectel_BG96,262,Germany,de,8,LTE-M,Op C
12425,1,Mark-3,"Würzburg, Germany",Quectel_BG96,262,Germany,de,8,LTE-M,Op C
12430,1,Mark-3,"Würzburg, Germany",Quectel_BG96,262,Germany,de,8,LTE-M,Op C
12433,1,Mark-3,"Würzburg, Germany",Quectel_BG96,262,Germany,de,8,LTE-M,Op C
12434,1,Mark-3,"Würzburg, Germany",Quectel_BG96,262,Germany,de,8,LTE-M,Op C
12435,1,Mark-3,"Würzburg, Germany",Quectel_BG96,262,Germany,de,8,LTE-M,Op C
12436,1,Mark-3,"Würzburg, Germany",Quectel_BG96,262,Germany,de,8,LTE-M,Op C
12438,1,Mark-3,"Würzburg, Germany",Quectel_BG96,262,Germany,de,8,LTE-M,Op C
12440,1,Mark-3,"Würzburg, Germany",Quectel_BG96,262,Germany,de,8,LTE-M,Op C
12441,1,Mark-3,"Würzburg, Germany",Quectel_BG96,262,Germany,de,8,LTE-M,Op C
12442,1,Mark-3,"Würzburg, Germany",Quectel_BG96,262,Germany,de,8,LTE-M,Op C
12443,1,Mark-3,"Würzburg, Germany",Quectel_BG96,262,Germany,de,8,LTE-M,Op C
12448,1,Mark-3,"Würzburg, Germany",Quectel_BG96,262,Germany,de,8,LTE-M,Op C
12450,1,Mark-3,"Würzburg, Germany",Quectel_BG96,262,Germany,de,8,LTE-M,Op C
12453,1,Mark-3,"Würzburg, Germany",Quectel_BG96,262,Germany,de,8,LTE-M,Op C
12454,1,Mark-3,"Würzburg, Germany",Quectel_BG96,262,Germany,de,8,LTE-M,Op C
12455,1,Mark-3,"Würzburg, Germany",Quectel_BG96,262,Germany,de,8,LTE-M,Op C
12456,1,Mark-3,"Würzburg, Germany",Quectel_BG96,262,Germany,de,8,LTE-M,Op C
12458,1,Mark-3,"Würzburg, Germany",Quectel_BG96,262,Germany,de,8,LTE-M,Op C
12459,1,Mark-3,"Würzburg, Germany",Quectel_BG96,262,Germany,de,8,LTE-M,Op C
12461,1,Mark-3,"Würzburg, Germany",Quectel_BG96,262,Germany,de,8,LTE-M,Op C
12463,1,Mark-3,"Würzburg, Germany",Quectel_BG96,262,Germany,de,8,LTE-M,Op C
12464,1,Mark-3,"Würzburg, Germany",Quectel_BG96,262,Germany,de,8,LTE-M,Op C
12466,1,Mark-3,"Würzburg, Germany",Quectel_BG96,262,Germany,de,8,LTE-M,Op C
12467,1,Mark-3,"Würzburg, Germany",Quectel_BG96,262,Germany,de,8,LTE-M,Op C
12469,1,Mark-3,"Würzburg, Germany",Quectel_BG96,262,Germany,de,8,LTE-M,Op C
12471,1,Mark-3,"Würzburg, Germany",Quectel_BG96,262,Germany,de,8,LTE-M,Op C
12475,1,Mark-3,"Würzburg, Germany",Quectel_BG96,262,Germany,de,8,LTE-M,Op C
12476,1,Mark-3,"Würzburg, Germany",Quectel_BG96,262,Germany,de,8,LTE-M,Op C
12477,1,Mark-3,"Würzburg, Germany",Quectel_BG96,262,Germany,de,8,LTE-M,Op C
12478,1,Mark-3,"Würzburg, Germany",Quectel_BG96,262,Germany,de,8,LTE-M,Op C
12480,1,Mark-3,"Würzburg, Germany",Quectel_BG96,262,Germany,de,8,LTE-M,Op C
12481,1,Mark-3,"Würzburg, Germany",Quectel_BG96,262,Germany,de,8,LTE-M,Op C
12483,1,Mark-3,"Würzburg, Germany",Quectel_BG96,262,Germany,de,8,LTE-M,Op C
12486,1,Mark-3,"Würzburg, Germany",Quectel_BG96,262,Germany,de,8,LTE-M,Op C
13231,1,Mark-5,"Würzburg, Germany",Quectel_BG96,262,Germany,de,8,LTE-M,Op C
13232,1,Mark-5,"Würzburg, Germany",Quectel_BG96,262,Germany,de,8,LTE-M,Op C
13235,1,Mark-5,"Würzburg, Germany",Quectel_BG96,262,Germany,de,8,LTE-M,Op C
13236,1,Mark-5,"Würzburg, Germany",Quectel_BG96,262,Germany,de,8,LTE-M,Op C
13237,1,Mark-5,"Würzburg, Germany",Quectel_BG96,262,Germany,de,8,LTE-M,Op C
13238,1,Mark-5,"Würzburg, Germany",Quectel_BG96,262,Germany,de,8,LTE-M,Op C
13239,1,Mark-5,"Würzburg, Germany",Quectel_BG96,262,Germany,de,8,LTE-M,Op C
13240,1,Mark-5,"Würzburg, Germany",Quectel_BG96,262,Germany,de,8,LTE-M,Op C
13241,1,Mark-5,"Würzburg, Germany",Quectel_BG96,262,Germany,de,8,LTE-M,Op C
13242,1,Mark-5,"Würzburg, Germany",Quectel_BG96,262,Germany,de,8,LTE-M,Op C
13245,1,Mark-5,"Würzburg, Germany",Quectel_BG96,262,Germany,de,8,LTE-M,Op C
13247,1,Mark-5,"Würzburg, Germany",Quectel_BG96,262,Germany,de,8,LTE-M,Op C
13249,1,Mark-5,"Würzburg, Germany",Quectel_BG96,262,Germany,de,8,LTE-M,Op C
13250,1,Mark-5,"Würzburg, Germany",Quectel_BG96,262,Germany,de,8,LTE-M,Op C
13251,1,Mark-5,"Würzburg, Germany",Quectel_BG96,262,Germany,de,8,LTE-M,Op C
13255,1,Mark-5,"Würzburg, Germany",Quectel_BG96,262,Germany,de,8,LTE-M,Op C
13256,1,Mark-5,"Würzburg, Germany",Quectel_BG96,262,Germany,de,8,LTE-M,Op C
13257,1,Mark-5,"Würzburg, Germany",Quectel_BG96,262,Germany,de,8,LTE-M,Op C
13258,1,Mark-5,"Würzburg, Germany",Quectel_BG96,262,Germany,de,8,LTE-M,Op C
13259,1,Mark-5,"Würzburg, Germany",Quectel_BG96,262,Germany,de,8,LTE-M,Op C
13260,1,Mark-5,"Würzburg, Germany",Quectel_BG96,262,Germany,de,8,LTE-M,Op C
13261,1,Mark-5,"Würzburg, Germany",Quectel_BG96,262,Germany,de,8,LTE-M,Op C
13262,1,Mark-5,"Würzburg, Germany",Quectel_BG96,262,Germany,de,8,LTE-M,Op C
13263,1,Mark-5,"Würzburg, Germany",Quectel_BG96,262,Germany,de,8,LTE-M,Op C
13264,1,Mark-5,"Würzburg, Germany",Quectel_BG96,262,Germany,de,8,LTE-M,Op C
13265,1,Mark-5,"Würzburg, Germany",Quectel_BG96,262,Germany,de,8,LTE-M,Op C
13266,1,Mark-5,"Würzburg, Germany",Quectel_BG96,262,Germany,de,8,LTE-M,Op C
13267,1,Mark-5,"Würzburg, Germany",Quectel_BG96,262,Germany,de,8,LTE-M,Op C
13268,1,Mark-5,"Würzburg, Germany",Quectel_BG96,262,Germany,de,8,LTE-M,Op C
13269,1,Mark-5,"Würzburg, Germany",Quectel_BG96,262,Germany,de,8,LTE-M,Op C
13270,1,Mark-5,"Würzburg, Germany",Quectel_BG96,262,Germany,de,8,LTE-M,Op C
13271,1,Mark-5,"Würzburg, Germany",Quectel_BG96,262,Germany,de,8,LTE-M,Op C
13272,1,Mark-5,"Würzburg, Germany",Quectel_BG96,262,Germany,de,8,LTE-M,Op C
13273,1,Mark-5,"Würzburg, Germany",Quectel_BG96,262,Germany,de,8,LTE-M,Op C
13274,1,Mark-5,"Würzburg, Germany",Quectel_BG96,262,Germany,de,8,LTE-M,Op C
13275,1,Mark-5,"Würzburg, Germany",Quectel_BG96,262,Germany,de,8,LTE-M,Op C
13276,1,Mark-5,"Würzburg, Germany",Quectel_BG96,262,Germany,de,8,LTE-M,Op C
13277,1,Mark-5,"Würzburg, Germany",Quectel_BG96,262,Germany,de,8,LTE-M,Op C
13278,1,Mark-5,"Würzburg, Germany",Quectel_BG96,262,Germany,de,8,LTE-M,Op C
13279,1,Mark-5,"Würzburg, Germany",Quectel_BG96,262,Germany,de,8,LTE-M,Op C
13281,1,Mark-5,"Würzburg, Germany",Quectel_BG96,262,Germany,de,8,LTE-M,Op C
13282,1,Mark-5,"Würzburg, Germany",Quectel_BG96,262,Germany,de,8,LTE-M,Op C
13283,1,Mark-5,"Würzburg, Germany",Quectel_BG96,262,Germany,de,8,LTE-M,Op C
13284,1,Mark-5,"Würzburg, Germany",Quectel_BG96,262,Germany,de,8,LTE-M,Op C
13285,1,Mark-5,"Würzburg, Germany",Quectel_BG96,262,Germany,de,8,LTE-M,Op C
13286,1,Mark-5,"Würzburg, Germany",Quectel_BG96,262,Germany,de,8,LTE-M,Op C
13287,1,Mark-5,"Würzburg, Germany",Quectel_BG96,262,Germany,de,8,LTE-M,Op C
13290,1,Mark-5,"Würzburg, Germany",Quectel_BG96,262,Germany,de,8,LTE-M,Op C
13291,1,Mark-5,"Würzburg, Germany",Quectel_BG96,262,Germany,de,8,LTE-M,Op C
13292,1,Mark-5,"Würzburg, Germany",Quectel_BG96,262,Germany,de,8,LTE-M,Op C
13293,1,Mark-5,"Würzburg, Germany",Quectel_BG96,262,Germany,de,8,LTE-M,Op C
13294,1,Mark-5,"Würzburg, Germany",Quectel_BG96,262,Germany,de,8,LTE-M,Op C
13295,1,Mark-5,"Würzburg, Germany",Quectel_BG96,262,Germany,de,8,LTE-M,Op C
13296,1,Mark-5,"Würzburg, Germany",Quectel_BG96,262,Germany,de,8,LTE-M,Op C
13297,1,Mark-5,"Würzburg, Germany",Quectel_BG96,262,Germany,de,8,LTE-M,Op C
13298,1,Mark-5,"Würzburg, Germany",Quectel_BG96,262,Germany,de,8,LTE-M,Op C
13299,1,Mark-5,"Würzburg, Germany",Quectel_BG96,262,Germany,de,8,LTE-M,Op C
13300,1,Mark-5,"Würzburg, Germany",Quectel_BG96,262,Germany,de,8,LTE-M,Op C
13301,1,Mark-5,"Würzburg, Germany",Quectel_BG96,262,Germany,de,8,LTE-M,Op C
13302,1,Mark-5,"Würzburg, Germany",Quectel_BG96,262,Germany,de,8,LTE-M,Op C
13304,1,Mark-5,"Würzburg, Germany",Quectel_BG96,262,Germany,de,8,LTE-M,Op C
13305,1,Mark-5,"Würzburg, Germany",Quectel_BG96,262,Germany,de,8,LTE-M,Op C
13306,1,Mark-5,"Würzburg, Germany",Quectel_BG96,262,Germany,de,8,LTE-M,Op C
13307,1,Mark-5,"Würzburg, Germany",Quectel_BG96,262,Germany,de,8,LTE-M,Op C
13308,1,Mark-5,"Würzburg, Germany",Quectel_BG96,262,Germany,de,8,LTE-M,Op C
13309,1,Mark-5,"Würzburg, Germany",Quectel_BG96,262,Germany,de,8,LTE-M,Op C
13310,1,Mark-5,"Würzburg, Germany",Quectel_BG96,262,Germany,de,8,LTE-M,Op C
13311,1,Mark-5,"Würzburg, Germany",Quectel_BG96,262,Germany,de,8,LTE-M,Op C
13312,1,Mark-5,"Würzburg, Germany",Quectel_BG96,262,Germany,de,8,LTE-M,Op C
13313,1,Mark-5,"Würzburg, Germany",Quectel_BG96,262,Germany,de,8,LTE-M,Op C
13314,1,Mark-5,"Würzburg, Germany",Quectel_BG96,262,Germany,de,8,LTE-M,Op C
13315,1,Mark-5,"Würzburg, Germany",Quectel_BG96,262,Germany,de,8,LTE-M,Op C
13320,1,Mark-5,"Würzburg, Germany",Quectel_BG96,262,Germany,de,8,LTE-M,Op C
13323,1,Mark-5,"Würzburg, Germany",Quectel_BG96,262,Germany,de,8,LTE-M,Op C
13324,1,Mark-5,"Würzburg, Germany",Quectel_BG96,262,Germany,de,8,LTE-M,Op C
13325,1,Mark-5,"Würzburg, Germany",Quectel_BG96,262,Germany,de,8,LTE-M,Op C
13326,1,Mark-5,"Würzburg, Germany",Quectel_BG96,262,Germany,de,8,LTE-M,Op C
13327,1,Mark-5,"Würzburg, Germany",Quectel_BG96,262,Germany,de,8,LTE-M,Op C
13328,1,Mark-5,"Würzburg, Germany",Quectel_BG96,262,Germany,de,8,LTE-M,Op C
13329,1,Mark-5,"Würzburg, Germany",Quectel_BG96,262,Germany,de,8,LTE-M,Op C
13330,1,Mark-5,"Würzburg, Germany",Quectel_BG96,262,Germany,de,8,LTE-M,Op C
13331,1,Mark-5,"Würzburg, Germany",Quectel_BG96,262,Germany,de,8,LTE-M,Op C
13332,1,Mark-5,"Würzburg, Germany",Quectel_BG96,262,Germany,de,8,LTE-M,Op C
13333,1,Mark-5,"Würzburg, Germany",Quectel_BG96,262,Germany,de,8,LTE-M,Op C
13334,1,Mark-5,"Würzburg, Germany",Quectel_BG96,262,Germany,de,8,LTE-M,Op C
13335,1,Mark-5,"Würzburg, Germany",Quectel_BG96,262,Germany,de,8,LTE-M,Op C
13336,1,Mark-5,"Würzburg, Germany",Quectel_BG96,262,Germany,de,8,LTE-M,Op C
13339,1,Mark-5,"Würzburg, Germany",Quectel_BG96,262,Germany,de,8,LTE-M,Op C
13340,1,Mark-5,"Würzburg, Germany",Quectel_BG96,262,Germany,de,8,LTE-M,Op C
13341,1,Mark-5,"Würzburg, Germany",Quectel_BG96,262,Germany,de,8,LTE-M,Op C
13342,1,Mark-5,"Würzburg, Germany",Quectel_BG96,262,Germany,de,8,LTE-M,Op C
13343,1,Mark-5,"Würzburg, Germany",Quectel_BG96,262,Germany,de,8,LTE-M,Op C
13344,1,Mark-5,"Würzburg, Germany",Quectel_BG96,262,Germany,de,8,LTE-M,Op C
13345,1,Mark-5,"Würzburg, Germany",Quectel_BG96,262,Germany,de,8,LTE-M,Op C
13349,1,Mark-5,"Würzburg, Germany",Quectel_BG96,262,Germany,de,8,LTE-M,Op C
13350,1,Mark-5,"Würzburg, Germany",Quectel_BG96,262,Germany,de,8,LTE-M,Op C
13351,1,Mark-5,"Würzburg, Germany",Quectel_BG96,262,Germany,de,8,LTE-M,Op C
13352,1,Mark-5,"Würzburg, Germany",Quectel_BG96,262,Germany,de,8,LTE-M,Op C
13353,1,Mark-5,"Würzburg, Germany",Quectel_BG96,262,Germany,de,8,LTE-M,Op C
13354,1,Mark-5,"Würzburg, Germany",Quectel_BG96,262,Germany,de,8,LTE-M,Op C
13358,1,Mark-5,"Würzburg, Germany",Quectel_BG96,262,Germany,de,8,LTE-M,Op C
13359,1,Mark-5,"Würzburg, Germany",Quectel_BG96,262,Germany,de,8,LTE-M,Op C
13360,1,Mark-5,"Würzburg, Germany",Quectel_BG96,262,Germany,de,8,LTE-M,Op C
13361,1,Mark-5,"Würzburg, Germany",Quectel_BG96,262,Germany,de,8,LTE-M,Op C
13362,1,Mark-5,"Würzburg, Germany",Quectel_BG96,262,Germany,de,8,LTE-M,Op C
13402,1,Mark-7,"Trondheim, Norway",Quectel_BG96,262,Germany,de,8,LTE-M,Op C
14027,1,Mark-3,"Würzburg, Germany",Quectel_BG96,262,Germany,de,8,LTE-M,Op C
15438,1,Mark-3,"Würzburg, Germany",Quectel_BG96,262,Germany,de,8,LTE-M,Op C
15438,2,Mark-3,"Würzburg, Germany",Quectel_BG96,262,Germany,de,8,LTE-M,Op C
15438,3,Mark-3,"Würzburg, Germany",Quectel_BG96,262,Germany,de,8,LTE-M,Op C
15438,4,Mark-3,"Würzburg, Germany",Quectel_BG96,262,Germany,de,8,LTE-M,Op C
15438,5,Mark-3,"Würzburg, Germany",Quectel_BG96,262,Germany,de,8,LTE-M,Op C
15439,1,Mark-3,"Würzburg, Germany",Quectel_BG96,262,Germany,de,8,LTE-M,Op C
15439,2,Mark-3,"Würzburg, Germany",Quectel_BG96,262,Germany,de,8,LTE-M,Op C
15439,3,Mark-3,"Würzburg, Germany",Quectel_BG96,262,Germany,de,8,LTE-M,Op C
15439,4,Mark-3,"Würzburg, Germany",Quectel_BG96,262,Germany,de,8,LTE-M,Op C
15439,5,Mark-3,"Würzburg, Germany",Quectel_BG96,262,Germany,de,8,LTE-M,Op C
15440,1,Mark-3,"Würzburg, Germany",Quectel_BG96,262,Germany,de,8,LTE-M,Op C
15440,2,Mark-3,"Würzburg, Germany",Quectel_BG96,262,Germany,de,8,LTE-M,Op C
15440,3,Mark-3,"Würzburg, Germany",Quectel_BG96,262,Germany,de,8,LTE-M,Op C
15440,4,Mark-3,"Würzburg, Germany",Quectel_BG96,262,Germany,de,8,LTE-M,Op C
15440,5,Mark-3,"Würzburg, Germany",Quectel_BG96,262,Germany,de,8,LTE-M,Op C
15441,1,Mark-3,"Würzburg, Germany",Quectel_BG96,262,Germany,de,8,LTE-M,Op C
15441,2,Mark-3,"Würzburg, Germany",Quectel_BG96,262,Germany,de,8,LTE-M,Op C
15441,3,Mark-3,"Würzburg, Germany",Quectel_BG96,262,Germany,de,8,LTE-M,Op C
15441,4,Mark-3,"Würzburg, Germany",Quectel_BG96,262,Germany,de,8,LTE-M,Op C
15441,5,Mark-3,"Würzburg, Germany",Quectel_BG96,262,Germany,de,8,LTE-M,Op C
15442,1,Mark-3,"Würzburg, Germany",Quectel_BG96,262,Germany,de,8,LTE-M,Op C
15442,2,Mark-3,"Würzburg, Germany",Quectel_BG96,262,Germany,de,8,LTE-M,Op C
15442,3,Mark-3,"Würzburg, Germany",Quectel_BG96,262,Germany,de,8,LTE-M,Op C
15442,4,Mark-3,"Würzburg, Germany",Quectel_BG96,262,Germany,de,8,LTE-M,Op C
15442,5,Mark-3,"Würzburg, Germany",Quectel_BG96,262,Germany,de,8,LTE-M,Op C
15443,1,Mark-3,"Würzburg, Germany",Quectel_BG96,262,Germany,de,8,LTE-M,Op C
15443,2,Mark-3,"Würzburg, Germany",Quectel_BG96,262,Germany,de,8,LTE-M,Op C
15443,3,Mark-3,"Würzburg, Germany",Quectel_BG96,262,Germany,de,8,LTE-M,Op C
15443,4,Mark-3,"Würzburg, Germany",Quectel_BG96,262,Germany,de,8,LTE-M,Op C
15443,5,Mark-3,"Würzburg, Germany",Quectel_BG96,262,Germany,de,8,LTE-M,Op C
15444,1,Mark-3,"Würzburg, Germany",Quectel_BG96,262,Germany,de,8,LTE-M,Op C
15444,2,Mark-3,"Würzburg, Germany",Quectel_BG96,262,Germany,de,8,LTE-M,Op C
15444,3,Mark-3,"Würzburg, Germany",Quectel_BG96,262,Germany,de,8,LTE-M,Op C
15444,4,Mark-3,"Würzburg, Germany",Quectel_BG96,262,Germany,de,8,LTE-M,Op C
15444,5,Mark-3,"Würzburg, Germany",Quectel_BG96,262,Germany,de,8,LTE-M,Op C
15445,1,Mark-3,"Würzburg, Germany",Quectel_BG96,262,Germany,de,8,LTE-M,Op C
15445,2,Mark-3,"Würzburg, Germany",Quectel_BG96,262,Germany,de,8,LTE-M,Op C
15445,3,Mark-3,"Würzburg, Germany",Quectel_BG96,262,Germany,de,8,LTE-M,Op C
15445,4,Mark-3,"Würzburg, Germany",Quectel_BG96,262,Germany,de,8,LTE-M,Op C
15445,5,Mark-3,"Würzburg, Germany",Quectel_BG96,262,Germany,de,8,LTE-M,Op C
15446,1,Mark-3,"Würzburg, Germany",Quectel_BG96,262,Germany,de,8,LTE-M,Op C
15446,2,Mark-3,"Würzburg, Germany",Quectel_BG96,262,Germany,de,8,LTE-M,Op C
15446,3,Mark-3,"Würzburg, Germany",Quectel_BG96,262,Germany,de,8,LTE-M,Op C
15446,4,Mark-3,"Würzburg, Germany",Quectel_BG96,262,Germany,de,8,LTE-M,Op C
15446,5,Mark-3,"Würzburg, Germany",Quectel_BG96,262,Germany,de,8,LTE-M,Op C
15447,1,Mark-3,"Würzburg, Germany",Quectel_BG96,262,Germany,de,8,LTE-M,Op C
15447,2,Mark-3,"Würzburg, Germany",Quectel_BG96,262,Germany,de,8,LTE-M,Op C
15447,3,Mark-3,"Würzburg, Germany",Quectel_BG96,262,Germany,de,8,LTE-M,Op C
15447,4,Mark-3,"Würzburg, Germany",Quectel_BG96,262,Germany,de,8,LTE-M,Op C
15447,5,Mark-3,"Würzburg, Germany",Quectel_BG96,262,Germany,de,8,LTE-M,Op C
15448,1,Mark-3,"Würzburg, Germany",Quectel_BG96,262,Germany,de,8,LTE-M,Op C
15448,2,Mark-3,"Würzburg, Germany",Quectel_BG96,262,Germany,de,8,LTE-M,Op C
15448,3,Mark-3,"Würzburg, Germany",Quectel_BG96,262,Germany,de,8,LTE-M,Op C
15448,4,Mark-3,"Würzburg, Germany",Quectel_BG96,262,Germany,de,8,LTE-M,Op C
15448,5,Mark-3,"Würzburg, Germany",Quectel_BG96,262,Germany,de,8,LTE-M,Op C
15449,1,Mark-3,"Würzburg, Germany",Quectel_BG96,262,Germany,de,8,LTE-M,Op C
15449,2,Mark-3,"Würzburg, Germany",Quectel_BG96,262,Germany,de,8,LTE-M,Op C
15449,3,Mark-3,"Würzburg, Germany",Quectel_BG96,262,Germany,de,8,LTE-M,Op C
15449,4,Mark-3,"Würzburg, Germany",Quectel_BG96,262,Germany,de,8,LTE-M,Op C
15449,5,Mark-3,"Würzburg, Germany",Quectel_BG96,262,Germany,de,8,LTE-M,Op C
15450,1,Mark-3,"Würzburg, Germany",Quectel_BG96,262,Germany,de,8,LTE-M,Op C
15450,2,Mark-3,"Würzburg, Germany",Quectel_BG96,262,Germany,de,8,LTE-M,Op C
15450,3,Mark-3,"Würzburg, Germany",Quectel_BG96,262,Germany,de,8,LTE-M,Op C
15451,1,Mark-3,"Würzburg, Germany",Quectel_BG96,262,Germany,de,8,LTE-M,Op C
15451,2,Mark-3,"Würzburg, Germany",Quectel_BG96,262,Germany,de,8,LTE-M,Op C
15451,3,Mark-3,"Würzburg, Germany",Quectel_BG96,262,Germany,de,8,LTE-M,Op C
15451,4,Mark-3,"Würzburg, Germany",Quectel_BG96,262,Germany,de,8,LTE-M,Op C
15451,5,Mark-3,"Würzburg, Germany",Quectel_BG96,262,Germany,de,8,LTE-M,Op C
15452,1,Mark-3,"Würzburg, Germany",Quectel_BG96,262,Germany,de,8,LTE-M,Op C
15452,2,Mark-3,"Würzburg, Germany",Quectel_BG96,262,Germany,de,8,LTE-M,Op C
15452,3,Mark-3,"Würzburg, Germany",Quectel_BG96,262,Germany,de,8,LTE-M,Op C
15452,4,Mark-3,"Würzburg, Germany",Quectel_BG96,262,Germany,de,8,LTE-M,Op C
15452,5,Mark-3,"Würzburg, Germany",Quectel_BG96,262,Germany,de,8,LTE-M,Op C
15453,1,Mark-3,"Würzburg, Germany",Quectel_BG96,262,Germany,de,8,LTE-M,Op C
15453,2,Mark-3,"Würzburg, Germany",Quectel_BG96,262,Germany,de,8,LTE-M,Op C
15453,3,Mark-3,"Würzburg, Germany",Quectel_BG96,262,Germany,de,8,LTE-M,Op C
15453,4,Mark-3,"Würzburg, Germany",Quectel_BG96,262,Germany,de,8,LTE-M,Op C
15453,5,Mark-3,"Würzburg, Germany",Quectel_BG96,262,Germany,de,8,LTE-M,Op C
15454,1,Mark-3,"Würzburg, Germany",Quectel_BG96,262,Germany,de,8,LTE-M,Op C
15454,2,Mark-3,"Würzburg, Germany",Quectel_BG96,262,Germany,de,8,LTE-M,Op C
15454,3,Mark-3,"Würzburg, Germany",Quectel_BG96,262,Germany,de,8,LTE-M,Op C
15454,4,Mark-3,"Würzburg, Germany",Quectel_BG96,262,Germany,de,8,LTE-M,Op C
15454,5,Mark-3,"Würzburg, Germany",Quectel_BG96,262,Germany,de,8,LTE-M,Op C
15455,1,Mark-3,"Würzburg, Germany",Quectel_BG96,262,Germany,de,8,LTE-M,Op C
15455,2,Mark-3,"Würzburg, Germany",Quectel_BG96,262,Germany,de,8,LTE-M,Op C
15455,3,Mark-3,"Würzburg, Germany",Quectel_BG96,262,Germany,de,8,LTE-M,Op C
15455,4,Mark-3,"Würzburg, Germany",Quectel_BG96,262,Germany,de,8,LTE-M,Op C
15455,5,Mark-3,"Würzburg, Germany",Quectel_BG96,262,Germany,de,8,LTE-M,Op C
15456,1,Mark-3,"Würzburg, Germany",Quectel_BG96,262,Germany,de,8,LTE-M,Op C
15456,2,Mark-3,"Würzburg, Germany",Quectel_BG96,262,Germany,de,8,LTE-M,Op C
15456,3,Mark-3,"Würzburg, Germany",Quectel_BG96,262,Germany,de,8,LTE-M,Op C
15456,4,Mark-3,"Würzburg, Germany",Quectel_BG96,262,Germany,de,8,LTE-M,Op C
15456,5,Mark-3,"Würzburg, Germany",Quectel_BG96,262,Germany,de,8,LTE-M,Op C
15457,1,Mark-3,"Würzburg, Germany",Quectel_BG96,262,Germany,de,8,LTE-M,Op C
15457,2,Mark-3,"Würzburg, Germany",Quectel_BG96,262,Germany,de,8,LTE-M,Op C
15457,3,Mark-3,"Würzburg, Germany",Quectel_BG96,262,Germany,de,8,LTE-M,Op C
15457,4,Mark-3,"Würzburg, Germany",Quectel_BG96,262,Germany,de,8,LTE-M,Op C
15457,5,Mark-3,"Würzburg, Germany",Quectel_BG96,262,Germany,de,8,LTE-M,Op C
15483,1,Mark-3,"Würzburg, Germany",Quectel_BG96,262,Germany,de,8,LTE-M,Op C
15483,2,Mark-3,"Würzburg, Germany",Quectel_BG96,262,Germany,de,8,LTE-M,Op C
15483,3,Mark-3,"Würzburg, Germany",Quectel_BG96,262,Germany,de,8,LTE-M,Op C
15483,4,Mark-3,"Würzburg, Germany",Quectel_BG96,262,Germany,de,8,LTE-M,Op C
15483,5,Mark-3,"Würzburg, Germany",Quectel_BG96,262,Germany,de,8,LTE-M,Op C
16201,1,Mark-3,"Würzburg, Germany",Quectel_BG96,262,Germany,de,8,LTE-M,Op C
16202,1,Mark-3,"Würzburg, Germany",Quectel_BG96,262,Germany,de,8,LTE-M,Op C
16203,1,Mark-3,"Würzburg, Germany",Quectel_BG96,262,Germany,de,8,LTE-M,Op C
16204,1,Mark-3,"Würzburg, Germany",Quectel_BG96,262,Germany,de,8,LTE-M,Op C
16205,1,Mark-3,"Würzburg, Germany",Quectel_BG96,262,Germany,de,8,LTE-M,Op C
16206,1,Mark-3,"Würzburg, Germany",Quectel_BG96,262,Germany,de,8,LTE-M,Op C
16207,1,Mark-3,"Würzburg, Germany",Quectel_BG96,262,Germany,de,8,LTE-M,Op C
16208,1,Mark-3,"Würzburg, Germany",Quectel_BG96,262,Germany,de,8,LTE-M,Op C
16209,1,Mark-3,"Würzburg, Germany",Quectel_BG96,262,Germany,de,8,LTE-M,Op C
16210,1,Mark-3,"Würzburg, Germany",Quectel_BG96,262,Germany,de,8,LTE-M,Op C
24289,1,Mark-1,"Würzburg, Germany",Quectel_BG96,262,Germany,de,8,LTE-M,Op C
24313,1,Mark-1,"Würzburg, Germany",Quectel_BG96,262,Germany,de,8,LTE-M,Op C
24331,1,Mark-6,"Munich, Germany",Quectel_BG96,262,Germany,de,8,LTE-M,Op C
24337,1,Mark-1,"Würzburg, Germany",Quectel_BG96,262,Germany,de,8,LTE-M,Op C
24355,1,Mark-6,"Munich, Germany",Quectel_BG96,262,Germany,de,8,LTE-M,Op C
24361,1,Mark-1,"Würzburg, Germany",Quectel_BG96,262,Germany,de,8,LTE-M,Op C
24379,1,Mark-6,"Munich, Germany",Quectel_BG96,262,Germany,de,8,LTE-M,Op C
24385,1,Mark-1,"Würzburg, Germany",Quectel_BG96,262,Germany,de,8,LTE-M,Op C
24403,1,Mark-6,"Munich, Germany",Quectel_BG96,262,Germany,de,8,LTE-M,Op C
24409,1,Mark-1,"Würzburg, Germany",Quectel_BG96,262,Germany,de,8,LTE-M,Op C
24427,1,Mark-6,"Munich, Germany",Quectel_BG96,262,Germany,de,8,LTE-M,Op C
24433,1,Mark-1,"Würzburg, Germany",Quectel_BG96,262,Germany,de,8,LTE-M,Op C
24451,1,Mark-6,"Munich, Germany",Quectel_BG96,262,Germany,de,8,LTE-M,Op C
24475,1,Mark-6,"Munich, Germany",Quectel_BG96,262,Germany,de,8,LTE-M,Op C
24481,1,Mark-1,"Würzburg, Germany",Quectel_BG96,262,Germany,de,8,LTE-M,Op C
24499,1,Mark-6,"Munich, Germany",Quectel_BG96,262,Germany,de,8,LTE-M,Op C
24505,1,Mark-1,"Würzburg, Germany",Quectel_BG96,262,Germany,de,8,LTE-M,Op C
24523,1,Mark-6,"Munich, Germany",Quectel_BG96,262,Germany,de,8,LTE-M,Op C
10053,1,Mark-7,"Trondheim, Norway",Quectel_EC21,262,Germany,de,0,2G,Op B
10062,1,Mark-7,"Trondheim, Norway",Quectel_EC21,262,Germany,de,0,2G,Op B
10064,1,Mark-7,"Trondheim, Norway",Quectel_EC21,262,Germany,de,0,2G,Op B
10075,1,Mark-7,"Trondheim, Norway",Quectel_EC21,262,Germany,de,0,2G,Op B
10083,1,Mark-7,"Trondheim, Norway",Quectel_EC21,262,Germany,de,0,2G,Op B
10089,1,Mark-7,"Trondheim, Norway",Quectel_EC21,262,Germany,de,0,2G,Op B
10090,1,Mark-7,"Trondheim, Norway",Quectel_EC21,262,Germany,de,0,2G,Op B
10096,1,Mark-7,"Trondheim, Norway",Quectel_EC21,262,Germany,de,0,2G,Op B
10105,1,Mark-7,"Trondheim, Norway",Quectel_EC21,262,Germany,de,0,2G,Op B
10113,1,Mark-7,"Trondheim, Norway",Quectel_EC21,262,Germany,de,0,2G,Op B
10119,1,Mark-7,"Trondheim, Norway",Quectel_EC21,262,Germany,de,0,2G,Op B
10120,1,Mark-7,"Trondheim, Norway",Quectel_EC21,262,Germany,de,0,2G,Op B
10122,1,Mark-7,"Trondheim, Norway",Quectel_EC21,262,Germany,de,0,2G,Op B
10134,1,Mark-7,"Trondheim, Norway",Quectel_EC21,262,Germany,de,0,2G,Op B
10139,1,Mark-7,"Trondheim, Norway",Quectel_EC21,262,Germany,de,0,2G,Op B
10144,1,Mark-7,"Trondheim, Norway",Quectel_EC21,262,Germany,de,0,2G,Op B
10145,1,Mark-7,"Trondheim, Norway",Quectel_EC21,262,Germany,de,0,2G,Op B
10146,1,Mark-7,"Trondheim, Norway",Quectel_EC21,262,Germany,de,0,2G,Op B
10147,1,Mark-7,"Trondheim, Norway",Quectel_EC21,262,Germany,de,0,2G,Op B
10148,1,Mark-7,"Trondheim, Norway",Quectel_EC21,262,Germany,de,0,2G,Op B
10149,1,Mark-7,"Trondheim, Norway",Quectel_EC21,262,Germany,de,0,2G,Op B
10150,1,Mark-7,"Trondheim, Norway",Quectel_EC21,262,Germany,de,0,2G,Op B
10151,1,Mark-7,"Trondheim, Norway",Quectel_EC21,262,Germany,de,0,2G,Op B
10152,1,Mark-7,"Trondheim, Norway",Quectel_EC21,262,Germany,de,0,2G,Op B
10153,1,Mark-7,"Trondheim, Norway",Quectel_EC21,262,Germany,de,0,2G,Op B
10154,1,Mark-7,"Trondheim, Norway",Quectel_EC21,262,Germany,de,0,2G,Op B
10155,1,Mark-7,"Trondheim, Norway",Quectel_EC21,262,Germany,de,0,2G,Op B
10156,1,Mark-7,"Trondheim, Norway",Quectel_EC21,262,Germany,de,0,2G,Op B
10157,1,Mark-7,"Trondheim, Norway",Quectel_EC21,262,Germany,de,0,2G,Op B
10158,1,Mark-7,"Trondheim, Norway",Quectel_EC21,262,Germany,de,0,2G,Op B
10159,1,Mark-7,"Trondheim, Norway",Quectel_EC21,262,Germany,de,0,2G,Op B
10160,1,Mark-7,"Trondheim, Norway",Quectel_EC21,262,Germany,de,0,2G,Op B
10161,1,Mark-7,"Trondheim, Norway",Quectel_EC21,262,Germany,de,0,2G,Op B
10162,1,Mark-7,"Trondheim, Norway",Quectel_EC21,262,Germany,de,0,2G,Op B
10163,1,Mark-7,"Trondheim, Norway",Quectel_EC21,262,Germany,de,0,2G,Op B
10164,1,Mark-7,"Trondheim, Norway",Quectel_EC21,262,Germany,de,0,2G,Op B
10165,1,Mark-7,"Trondheim, Norway",Quectel_EC21,262,Germany,de,0,2G,Op B
10166,1,Mark-7,"Trondheim, Norway",Quectel_EC21,262,Germany,de,0,2G,Op B
10167,1,Mark-7,"Trondheim, Norway",Quectel_EC21,262,Germany,de,0,2G,Op B
10168,1,Mark-7,"Trondheim, Norway",Quectel_EC21,262,Germany,de,0,2G,Op B
10169,1,Mark-7,"Trondheim, Norway",Quectel_EC21,262,Germany,de,0,2G,Op B
10170,1,Mark-7,"Trondheim, Norway",Quectel_EC21,262,Germany,de,0,2G,Op B
10171,1,Mark-7,"Trondheim, Norway",Quectel_EC21,262,Germany,de,0,2G,Op B
10172,1,Mark-7,"Trondheim, Norway",Quectel_EC21,262,Germany,de,0,2G,Op B
10173,1,Mark-7,"Trondheim, Norway",Quectel_EC21,262,Germany,de,0,2G,Op B
10174,1,Mark-7,"Trondheim, Norway",Quectel_EC21,262,Germany,de,0,2G,Op B
10175,1,Mark-7,"Trondheim, Norway",Quectel_EC21,262,Germany,de,0,2G,Op B
10176,1,Mark-7,"Trondheim, Norway",Quectel_EC21,262,Germany,de,0,2G,Op B
10177,1,Mark-7,"Trondheim, Norway",Quectel_EC21,262,Germany,de,0,2G,Op B
10178,1,Mark-7,"Trondheim, Norway",Quectel_EC21,262,Germany,de,0,2G,Op B
10179,1,Mark-7,"Trondheim, Norway",Quectel_EC21,262,Germany,de,0,2G,Op B
10180,1,Mark-7,"Trondheim, Norway",Quectel_EC21,262,Germany,de,0,2G,Op B
10181,1,Mark-7,"Trondheim, Norway",Quectel_EC21,262,Germany,de,0,2G,Op B
10182,1,Mark-7,"Trondheim, Norway",Quectel_EC21,262,Germany,de,0,2G,Op B
10183,1,Mark-7,"Trondheim, Norway",Quectel_EC21,262,Germany,de,0,2G,Op B
10184,1,Mark-7,"Trondheim, Norway",Quectel_EC21,262,Germany,de,0,2G,Op B
10185,1,Mark-7,"Trondheim, Norway",Quectel_EC21,262,Germany,de,0,2G,Op B
10186,1,Mark-7,"Trondheim, Norway",Quectel_EC21,262,Germany,de,0,2G,Op B
10187,1,Mark-7,"Trondheim, Norway",Quectel_EC21,262,Germany,de,0,2G,Op B
10188,1,Mark-7,"Trondheim, Norway",Quectel_EC21,262,Germany,de,0,2G,Op B
10189,1,Mark-7,"Trondheim, Norway",Quectel_EC21,262,Germany,de,0,2G,Op B
10190,1,Mark-7,"Trondheim, Norway",Quectel_EC21,262,Germany,de,0,2G,Op B
10191,1,Mark-7,"Trondheim, Norway",Quectel_EC21,262,Germany,de,0,2G,Op B
10192,1,Mark-7,"Trondheim, Norway",Quectel_EC21,262,Germany,de,0,2G,Op B
10193,1,Mark-7,"Trondheim, Norway",Quectel_EC21,262,Germany,de,0,2G,Op B
10194,1,Mark-7,"Trondheim, Norway",Quectel_EC21,262,Germany,de,0,2G,Op B
10195,1,Mark-7,"Trondheim, Norway",Quectel_EC21,262,Germany,de,0,2G,Op B
10196,1,Mark-7,"Trondheim, Norway",Quectel_EC21,262,Germany,de,0,2G,Op B
10197,1,Mark-7,"Trondheim, Norway",Quectel_EC21,262,Germany,de,0,2G,Op B
10198,1,Mark-7,"Trondheim, Norway",Quectel_EC21,262,Germany,de,0,2G,Op B
10199,1,Mark-7,"Trondheim, Norway",Quectel_EC21,262,Germany,de,0,2G,Op B
10200,1,Mark-7,"Trondheim, Norway",Quectel_EC21,262,Germany,de,0,2G,Op B
10201,1,Mark-7,"Trondheim, Norway",Quectel_EC21,262,Germany,de,0,2G,Op B
10202,1,Mark-7,"Trondheim, Norway",Quectel_EC21,262,Germany,de,0,2G,Op B
10203,1,Mark-7,"Trondheim, Norway",Quectel_EC21,262,Germany,de,0,2G,Op B
10204,1,Mark-7,"Trondheim, Norway",Quectel_EC21,262,Germany,de,0,2G,Op B
10205,1,Mark-7,"Trondheim, Norway",Quectel_EC21,262,Germany,de,0,2G,Op B
10206,1,Mark-7,"Trondheim, Norway",Quectel_EC21,262,Germany,de,0,2G,Op B
10207,1,Mark-7,"Trondheim, Norway",Quectel_EC21,262,Germany,de,0,2G,Op B
10208,1,Mark-7,"Trondheim, Norway",Quectel_EC21,262,Germany,de,0,2G,Op B
10209,1,Mark-7,"Trondheim, Norway",Quectel_EC21,262,Germany,de,0,2G,Op B
10210,1,Mark-7,"Trondheim, Norway",Quectel_EC21,262,Germany,de,0,2G,Op B
10211,1,Mark-7,"Trondheim, Norway",Quectel_EC21,262,Germany,de,0,2G,Op B
10212,1,Mark-7,"Trondheim, Norway",Quectel_EC21,262,Germany,de,0,2G,Op B
10213,1,Mark-7,"Trondheim, Norway",Quectel_EC21,262,Germany,de,0,2G,Op B
10214,1,Mark-7,"Trondheim, Norway",Quectel_EC21,262,Germany,de,0,2G,Op B
10215,1,Mark-7,"Trondheim, Norway",Quectel_EC21,262,Germany,de,0,2G,Op B
10216,1,Mark-7,"Trondheim, Norway",Quectel_EC21,262,Germany,de,0,2G,Op B
10217,1,Mark-7,"Trondheim, Norway",Quectel_EC21,262,Germany,de,0,2G,Op B
10218,1,Mark-7,"Trondheim, Norway",Quectel_EC21,262,Germany,de,0,2G,Op B
10219,1,Mark-7,"Trondheim, Norway",Quectel_EC21,262,Germany,de,0,2G,Op B
10220,1,Mark-7,"Trondheim, Norway",Quectel_EC21,262,Germany,de,0,2G,Op B
10221,1,Mark-7,"Trondheim, Norway",Quectel_EC21,262,Germany,de,0,2G,Op B
10222,1,Mark-7,"Trondheim, Norway",Quectel_EC21,262,Germany,de,0,2G,Op B
10223,1,Mark-7,"Trondheim, Norway",Quectel_EC21,262,Germany,de,0,2G,Op B
10224,1,Mark-7,"Trondheim, Norway",Quectel_EC21,262,Germany,de,0,2G,Op B
10225,1,Mark-7,"Trondheim, Norway",Quectel_EC21,262,Germany,de,0,2G,Op B
10226,1,Mark-7,"Trondheim, Norway",Quectel_EC21,262,Germany,de,0,2G,Op B
10227,1,Mark-7,"Trondheim, Norway",Quectel_EC21,262,Germany,de,0,2G,Op B
10228,1,Mark-7,"Trondheim, Norway",Quectel_EC21,262,Germany,de,0,2G,Op B
10229,1,Mark-7,"Trondheim, Norway",Quectel_EC21,262,Germany,de,0,2G,Op B
10230,1,Mark-7,"Trondheim, Norway",Quectel_EC21,262,Germany,de,0,2G,Op B
10231,1,Mark-7,"Trondheim, Norway",Quectel_EC21,262,Germany,de,0,2G,Op B
10232,1,Mark-7,"Trondheim, Norway",Quectel_EC21,262,Germany,de,0,2G,Op B
10233,1,Mark-7,"Trondheim, Norway",Quectel_EC21,262,Germany,de,0,2G,Op B
10234,1,Mark-7,"Trondheim, Norway",Quectel_EC21,262,Germany,de,0,2G,Op B
10235,1,Mark-7,"Trondheim, Norway",Quectel_EC21,262,Germany,de,0,2G,Op B
10236,1,Mark-7,"Trondheim, Norway",Quectel_EC21,262,Germany,de,0,2G,Op B
10237,1,Mark-7,"Trondheim, Norway",Quectel_EC21,262,Germany,de,0,2G,Op B
10238,1,Mark-7,"Trondheim, Norway",Quectel_EC21,262,Germany,de,0,2G,Op B
10239,1,Mark-7,"Trondheim, Norway",Quectel_EC21,262,Germany,de,0,2G,Op B
10240,1,Mark-7,"Trondheim, Norway",Quectel_EC21,262,Germany,de,0,2G,Op B
10241,1,Mark-7,"Trondheim, Norway",Quectel_EC21,262,Germany,de,0,2G,Op B
10242,1,Mark-7,"Trondheim, Norway",Quectel_EC21,262,Germany,de,0,2G,Op B
10243,1,Mark-7,"Trondheim, Norway",Quectel_EC21,262,Germany,de,0,2G,Op B
10244,1,Mark-7,"Trondheim, Norway",Quectel_EC21,262,Germany,de,0,2G,Op B
10245,1,Mark-7,"Trondheim, Norway",Quectel_EC21,262,Germany,de,0,2G,Op B
10448,1,Mark-5,"Würzburg, Germany",Quectel_EC21,262,Germany,de,0,2G,Op B
10453,1,Mark-5,"Würzburg, Germany",Quectel_EC21,262,Germany,de,0,2G,Op B
10461,1,Mark-5,"Würzburg, Germany",Quectel_EC21,262,Germany,de,0,2G,Op B
10472,1,Mark-5,"Würzburg, Germany",Quectel_EC21,262,Germany,de,0,2G,Op B
10477,1,Mark-5,"Würzburg, Germany",Quectel_EC21,262,Germany,de,0,2G,Op B
10479,1,Mark-5,"Würzburg, Germany",Quectel_EC21,262,Germany,de,0,2G,Op B
10480,1,Mark-5,"Würzburg, Germany",Quectel_EC21,262,Germany,de,0,2G,Op B
10493,1,Mark-5,"Würzburg, Germany",Quectel_EC21,262,Germany,de,0,2G,Op B
10494,1,Mark-5,"Würzburg, Germany",Quectel_EC21,262,Germany,de,0,2G,Op B
10496,1,Mark-5,"Würzburg, Germany",Quectel_EC21,262,Germany,de,0,2G,Op B
10506,1,Mark-5,"Würzburg, Germany",Quectel_EC21,262,Germany,de,0,2G,Op B
10507,1,Mark-5,"Würzburg, Germany",Quectel_EC21,262,Germany,de,0,2G,Op B
10509,1,Mark-5,"Würzburg, Germany",Quectel_EC21,262,Germany,de,0,2G,Op B
10510,1,Mark-5,"Würzburg, Germany",Quectel_EC21,262,Germany,de,0,2G,Op B
10511,1,Mark-5,"Würzburg, Germany",Quectel_EC21,262,Germany,de,0,2G,Op B
10512,1,Mark-5,"Würzburg, Germany",Quectel_EC21,262,Germany,de,0,2G,Op B
10517,1,Mark-5,"Würzburg, Germany",Quectel_EC21,262,Germany,de,0,2G,Op B
10541,1,Mark-5,"Würzburg, Germany",Quectel_EC21,262,Germany,de,0,2G,Op B
10649,1,Mark-5,"Würzburg, Germany",Quectel_BG96,262,Germany,de,0,2G,Op B
10670,1,Mark-5,"Würzburg, Germany",Quectel_BG96,262,Germany,de,0,2G,Op B
10848,1,Mark-2,"Würzburg, Germany",Quectel_EC21,262,Germany,de,0,2G,Op B
10849,1,Mark-2,"Würzburg, Germany",Quectel_EC21,262,Germany,de,0,2G,Op B
10861,1,Mark-2,"Würzburg, Germany",Quectel_EC21,262,Germany,de,0,2G,Op B
10867,1,Mark-2,"Würzburg, Germany",Quectel_EC21,262,Germany,de,0,2G,Op B
10869,1,Mark-2,"Würzburg, Germany",Quectel_EC21,262,Germany,de,0,2G,Op B
10872,1,Mark-2,"Würzburg, Germany",Quectel_EC21,262,Germany,de,0,2G,Op B
10874,1,Mark-2,"Würzburg, Germany",Quectel_EC21,262,Germany,de,0,2G,Op B
10875,1,Mark-2,"Würzburg, Germany",Quectel_EC21,262,Germany,de,0,2G,Op B
10876,1,Mark-2,"Würzburg, Germany",Quectel_EC21,262,Germany,de,0,2G,Op B
10878,1,Mark-2,"Würzburg, Germany",Quectel_EC21,262,Germany,de,0,2G,Op B
10879,1,Mark-2,"Würzburg, Germany",Quectel_EC21,262,Germany,de,0,2G,Op B
10885,1,Mark-2,"Würzburg, Germany",Quectel_EC21,262,Germany,de,0,2G,Op B
10888,1,Mark-2,"Würzburg, Germany",Quectel_EC21,262,Germany,de,0,2G,Op B
10901,1,Mark-2,"Würzburg, Germany",Quectel_EC21,262,Germany,de,0,2G,Op B
10902,1,Mark-2,"Würzburg, Germany",Quectel_EC21,262,Germany,de,0,2G,Op B
10913,1,Mark-2,"Würzburg, Germany",Quectel_EC21,262,Germany,de,0,2G,Op B
10914,1,Mark-2,"Würzburg, Germany",Quectel_EC21,262,Germany,de,0,2G,Op B
10918,1,Mark-2,"Würzburg, Germany",Quectel_EC21,262,Germany,de,0,2G,Op B
10932,1,Mark-2,"Würzburg, Germany",Quectel_EC21,262,Germany,de,0,2G,Op B
10940,1,Mark-2,"Würzburg, Germany",Quectel_EC21,262,Germany,de,0,2G,Op B
10944,1,Mark-2,"Würzburg, Germany",Quectel_EC21,262,Germany,de,0,2G,Op B
11177,1,Mark-2,"Würzburg, Germany",Quectel_BG96,262,Germany,de,0,2G,Op B
11184,1,Mark-2,"Würzburg, Germany",Quectel_BG96,262,Germany,de,0,2G,Op B
11198,1,Mark-2,"Würzburg, Germany",Quectel_BG96,262,Germany,de,0,2G,Op B
13200,1,Mark-7,"Trondheim, Norway",Quectel_EC21,262,Germany,de,0,2G,Op B
13201,1,Mark-7,"Trondheim, Norway",Quectel_EC21,262,Germany,de,0,2G,Op B
13205,1,Mark-7,"Trondheim, Norway",Quectel_EC21,262,Germany,de,0,2G,Op B
13211,1,Mark-5,"Würzburg, Germany",Quectel_BG96,262,Germany,de,0,2G,Op B
13381,1,Mark-7,"Trondheim, Norway",Quectel_EC21,262,Germany,de,0,2G,Op B
13710,1,Mark-4,"Würzburg, Germany",Quectel_EC21,262,Germany,de,0,2G,Op B
13716,1,Mark-4,"Würzburg, Germany",Quectel_EC21,262,Germany,de,0,2G,Op B
13727,1,Mark-4,"Würzburg, Germany",Quectel_EC21,262,Germany,de,0,2G,Op B
13737,1,Mark-4,"Würzburg, Germany",Quectel_EC21,262,Germany,de,0,2G,Op B
13739,1,Mark-4,"Würzburg, Germany",Quectel_EC21,262,Germany,de,0,2G,Op B
13743,1,Mark-4,"Würzburg, Germany",Quectel_EC21,262,Germany,de,0,2G,Op B
13747,1,Mark-4,"Würzburg, Germany",Quectel_EC21,262,Germany,de,0,2G,Op B
13748,1,Mark-4,"Würzburg, Germany",Quectel_EC21,262,Germany,de,0,2G,Op B
13749,1,Mark-4,"Würzburg, Germany",Quectel_EC21,262,Germany,de,0,2G,Op B
13750,1,Mark-4,"Würzburg, Germany",Quectel_EC21,262,Germany,de,0,2G,Op B
13762,1,Mark-4,"Würzburg, Germany",Quectel_EC21,262,Germany,de,0,2G,Op B
13769,1,Mark-4,"Würzburg, Germany",Quectel_EC21,262,Germany,de,0,2G,Op B
13770,1,Mark-4,"Würzburg, Germany",Quectel_EC21,262,Germany,de,0,2G,Op B
13778,1,Mark-4,"Würzburg, Germany",Quectel_EC21,262,Germany,de,0,2G,Op B
13779,1,Mark-4,"Würzburg, Germany",Quectel_EC21,262,Germany,de,0,2G,Op B
13791,1,Mark-4,"Würzburg, Germany",Quectel_EC21,262,Germany,de,0,2G,Op B
13796,1,Mark-4,"Würzburg, Germany",Quectel_EC21,262,Germany,de,0,2G,Op B
13797,1,Mark-4,"Würzburg, Germany",Quectel_EC21,262,Germany,de,0,2G,Op B
13813,1,Mark-2,"Würzburg, Germany",Quectel_BG96,262,Germany,de,0,2G,Op B
13813,2,Mark-2,"Würzburg, Germany",Quectel_BG96,262,Germany,de,0,2G,Op B
14212,1,Mark-4,"Würzburg, Germany",Quectel_BG96,262,Germany,de,0,2G,Op B
14217,1,Mark-4,"Würzburg, Germany",Quectel_BG96,262,Germany,de,0,2G,Op B
14221,1,Mark-4,"Würzburg, Germany",Quectel_BG96,262,Germany,de,0,2G,Op B
14222,1,Mark-4,"Würzburg, Germany",Quectel_BG96,262,Germany,de,0,2G,Op B
14223,1,Mark-4,"Würzburg, Germany",Quectel_BG96,262,Germany,de,0,2G,Op B
14226,1,Mark-4,"Würzburg, Germany",Quectel_BG96,262,Germany,de,0,2G,Op B
14231,1,Mark-4,"Würzburg, Germany",Quectel_BG96,262,Germany,de,0,2G,Op B
14233,1,Mark-4,"Würzburg, Germany",Quectel_BG96,262,Germany,de,0,2G,Op B
14240,1,Mark-4,"Würzburg, Germany",Quectel_BG96,262,Germany,de,0,2G,Op B
14242,1,Mark-4,"Würzburg, Germany",Quectel_BG96,262,Germany,de,0,2G,Op B
14246,1,Mark-4,"Würzburg, Germany",Quectel_BG96,262,Germany,de,0,2G,Op B
14248,1,Mark-4,"Würzburg, Germany",Quectel_BG96,262,Germany,de,0,2G,Op B
14249,1,Mark-4,"Würzburg, Germany",Quectel_BG96,262,Germany,de,0,2G,Op B
14269,1,Mark-4,"Würzburg, Germany",Quectel_BG96,262,Germany,de,0,2G,Op B
14272,1,Mark-4,"Würzburg, Germany",Quectel_BG96,262,Germany,de,0,2G,Op B
14277,1,Mark-4,"Würzburg, Germany",Quectel_BG96,262,Germany,de,0,2G,Op B
14279,1,Mark-4,"Würzburg, Germany",Quectel_BG96,262,Germany,de,0,2G,Op B
14285,1,Mark-4,"Würzburg, Germany",Quectel_BG96,262,Germany,de,0,2G,Op B
14288,1,Mark-4,"Würzburg, Germany",Quectel_BG96,262,Germany,de,0,2G,Op B
14289,1,Mark-4,"Würzburg, Germany",Quectel_BG96,262,Germany,de,0,2G,Op B
14404,1,Mark-2,"Würzburg, Germany",Quectel_BG96,262,Germany,de,0,2G,Op B
14405,1,Mark-2,"Würzburg, Germany",Quectel_BG96,262,Germany,de,0,2G,Op B
14407,1,Mark-2,"Würzburg, Germany",Quectel_BG96,262,Germany,de,0,2G,Op B
14410,1,Mark-2,"Würzburg, Germany",Quectel_BG96,262,Germany,de,0,2G,Op B
14414,1,Mark-2,"Würzburg, Germany",Quectel_BG96,262,Germany,de,0,2G,Op B
14415,1,Mark-2,"Würzburg, Germany",Quectel_BG96,262,Germany,de,0,2G,Op B
14416,1,Mark-2,"Würzburg, Germany",Quectel_BG96,262,Germany,de,0,2G,Op B
14417,1,Mark-2,"Würzburg, Germany",Quectel_BG96,262,Germany,de,0,2G,Op B
14419,1,Mark-2,"Würzburg, Germany",Quectel_BG96,262,Germany,de,0,2G,Op B
14420,1,Mark-2,"Würzburg, Germany",Quectel_BG96,262,Germany,de,0,2G,Op B
14422,1,Mark-2,"Würzburg, Germany",Quectel_BG96,262,Germany,de,0,2G,Op B
14424,1,Mark-2,"Würzburg, Germany",Quectel_BG96,262,Germany,de,0,2G,Op B
14425,1,Mark-2,"Würzburg, Germany",Quectel_BG96,262,Germany,de,0,2G,Op B
14430,1,Mark-2,"Würzburg, Germany",Quectel_BG96,262,Germany,de,0,2G,Op B
14431,1,Mark-2,"Würzburg, Germany",Quectel_BG96,262,Germany,de,0,2G,Op B
14434,1,Mark-2,"Würzburg, Germany",Quectel_BG96,262,Germany,de,0,2G,Op B
14438,1,Mark-2,"Würzburg, Germany",Quectel_BG96,262,Germany,de,0,2G,Op B
14444,1,Mark-2,"Würzburg, Germany",Quectel_BG96,262,Germany,de,0,2G,Op B
14449,1,Mark-2,"Würzburg, Germany",Quectel_BG96,262,Germany,de,0,2G,Op B
14450,1,Mark-2,"Würzburg, Germany",Quectel_BG96,262,Germany,de,0,2G,Op B
14458,1,Mark-2,"Würzburg, Germany",Quectel_BG96,262,Germany,de,0,2G,Op B
14468,1,Mark-2,"Würzburg, Germany",Quectel_BG96,262,Germany,de,0,2G,Op B
14479,1,Mark-2,"Würzburg, Germany",Quectel_BG96,262,Germany,de,0,2G,Op B
14483,1,Mark-2,"Würzburg, Germany",Quectel_BG96,262,Germany,de,0,2G,Op B
14486,1,Mark-2,"Würzburg, Germany",Quectel_BG96,262,Germany,de,0,2G,Op B
14492,1,Mark-2,"Würzburg, Germany",Quectel_BG96,262,Germany,de,0,2G,Op B
14495,1,Mark-2,"Würzburg, Germany",Quectel_BG96,262,Germany,de,0,2G,Op B
14497,1,Mark-2,"Würzburg, Germany",Quectel_BG96,262,Germany,de,0,2G,Op B
14498,1,Mark-2,"Würzburg, Germany",Quectel_BG96,262,Germany,de,0,2G,Op B
14503,1,Mark-2,"Würzburg, Germany",Quectel_BG96,262,Germany,de,0,2G,Op B
14944,1,Mark-4,"Würzburg, Germany",Quectel_EC21,262,Germany,de,0,2G,Op B
15942,1,Mark-2,"Würzburg, Germany",Quectel_BG96,262,Germany,de,0,2G,Op B
15943,1,Mark-2,"Würzburg, Germany",Quectel_BG96,262,Germany,de,0,2G,Op B
15944,1,Mark-2,"Würzburg, Germany",Quectel_BG96,262,Germany,de,0,2G,Op B
16018,1,Mark-1,"Würzburg, Germany",Quectel_EC21,262,Germany,de,0,2G,Op B
16019,1,Mark-1,"Würzburg, Germany",Quectel_EC21,262,Germany,de,0,2G,Op B
16020,1,Mark-1,"Würzburg, Germany",Quectel_EC21,262,Germany,de,0,2G,Op B
16021,1,Mark-1,"Würzburg, Germany",Quectel_EC21,262,Germany,de,0,2G,Op B
16022,1,Mark-1,"Würzburg, Germany",Quectel_EC21,262,Germany,de,0,2G,Op B
16023,1,Mark-1,"Würzburg, Germany",Quectel_EC21,262,Germany,de,0,2G,Op B
16024,1,Mark-1,"Würzburg, Germany",Quectel_EC21,262,Germany,de,0,2G,Op B
16025,1,Mark-1,"Würzburg, Germany",Quectel_EC21,262,Germany,de,0,2G,Op B
16040,1,Mark-1,"Würzburg, Germany",Quectel_EC21,262,Germany,de,0,2G,Op B
16246,1,Mark-4,"Würzburg, Germany",Quectel_BG96,262,Germany,de,0,2G,Op B
16401,1,Mark-9,"Würzburg, Germany",Quectel_EC21,262,Germany,de,0,2G,Op B
16469,1,Mark-1,"Würzburg, Germany",Quectel_EC21,262,Germany,de,0,2G,Op B
16497,1,Mark-5,"Würzburg, Germany",Quectel_BG96,262,Germany,de,0,2G,Op B
16616,1,Mark-4,"Würzburg, Germany",Quectel_EC21,262,Germany,de,0,2G,Op B
16617,1,Mark-4,"Würzburg, Germany",Quectel_EC21,262,Germany,de,0,2G,Op B
16618,1,Mark-4,"Würzburg, Germany",Quectel_EC21,262,Germany,de,0,2G,Op B
16619,1,Mark-4,"Würzburg, Germany",Quectel_EC21,262,Germany,de,0,2G,Op B
16620,1,Mark-4,"Würzburg, Germany",Quectel_EC21,262,Germany,de,0,2G,Op B
16621,1,Mark-4,"Würzburg, Germany",Quectel_EC21,262,Germany,de,0,2G,Op B
16622,1,Mark-4,"Würzburg, Germany",Quectel_EC21,262,Germany,de,0,2G,Op B
16623,1,Mark-4,"Würzburg, Germany",Quectel_EC21,262,Germany,de,0,2G,Op B
16624,1,Mark-4,"Würzburg, Germany",Quectel_EC21,262,Germany,de,0,2G,Op B
16625,1,Mark-4,"Würzburg, Germany",Quectel_EC21,262,Germany,de,0,2G,Op B
16626,1,Mark-4,"Würzburg, Germany",Quectel_EC21,262,Germany,de,0,2G,Op B
16627,1,Mark-4,"Würzburg, Germany",Quectel_EC21,262,Germany,de,0,2G,Op B
16664,1,Mark-1,"Würzburg, Germany",Quectel_BG96,262,Germany,de,0,2G,Op B
16665,1,Mark-1,"Würzburg, Germany",Quectel_BG96,262,Germany,de,0,2G,Op B
16666,1,Mark-1,"Würzburg, Germany",Quectel_BG96,262,Germany,de,0,2G,Op B
16667,1,Mark-1,"Würzburg, Germany",Quectel_BG96,262,Germany,de,0,2G,Op B
16668,1,Mark-1,"Würzburg, Germany",Quectel_BG96,262,Germany,de,0,2G,Op B
16669,1,Mark-1,"Würzburg, Germany",Quectel_BG96,262,Germany,de,0,2G,Op B
16670,1,Mark-1,"Würzburg, Germany",Quectel_BG96,262,Germany,de,0,2G,Op B
16671,1,Mark-1,"Würzburg, Germany",Quectel_BG96,262,Germany,de,0,2G,Op B
16672,1,Mark-1,"Würzburg, Germany",Quectel_BG96,262,Germany,de,0,2G,Op B
16673,1,Mark-1,"Würzburg, Germany",Quectel_BG96,262,Germany,de,0,2G,Op B
16674,1,Mark-1,"Würzburg, Germany",Quectel_BG96,262,Germany,de,0,2G,Op B
16675,1,Mark-1,"Würzburg, Germany",Quectel_BG96,262,Germany,de,0,2G,Op B
16739,1,Mark-3,"Würzburg, Germany",Quectel_EC21,262,Germany,de,0,2G,Op B
16777,1,Mark-3,"Würzburg, Germany",Quectel_EC21,262,Germany,de,0,2G,Op B
17038,1,Mark-2,"Würzburg, Germany",Quectel_EC21,262,Germany,de,0,2G,Op B
17257,1,Mark-3,"Würzburg, Germany",Quectel_EC21,262,Germany,de,0,2G,Op B
17448,1,Mark-2,"Würzburg, Germany",Quectel_EC21,262,Germany,de,0,2G,Op B
18938,1,Mark-1,"Würzburg, Germany",Quectel_EC21,262,Germany,de,0,2G,Op B
18943,1,Mark-2,"Würzburg, Germany",Quectel_BG96,262,Germany,de,0,2G,Op B
19267,1,Mark-4,"Würzburg, Germany",Quectel_EC21,262,Germany,de,0,2G,Op B
19605,1,Mark-4,"Würzburg, Germany",Quectel_EC21,262,Germany,de,0,2G,Op B
19612,1,Mark-4,"Würzburg, Germany",Quectel_EC21,262,Germany,de,0,2G,Op B
19620,1,Mark-1,"Würzburg, Germany",Quectel_EC21,262,Germany,de,0,2G,Op B
19621,1,Mark-2,"Würzburg, Germany",Quectel_EC21,262,Germany,de,0,2G,Op B
19642,1,Mark-1,"Würzburg, Germany",Quectel_EC21,262,Germany,de,0,2G,Op B
19651,1,Mark-1,"Würzburg, Germany",Quectel_EC21,262,Germany,de,0,2G,Op B
19652,1,Mark-2,"Würzburg, Germany",Quectel_EC21,262,Germany,de,0,2G,Op B
19653,1,Mark-3,"Würzburg, Germany",Quectel_EC21,262,Germany,de,0,2G,Op B
19661,1,Mark-4,"Würzburg, Germany",Quectel_EC21,262,Germany,de,0,2G,Op B
19665,1,Mark-4,"Würzburg, Germany",Quectel_EC21,262,Germany,de,0,2G,Op B
19691,1,Mark-4,"Würzburg, Germany",Quectel_EC21,262,Germany,de,0,2G,Op B
19726,1,Mark-1,"Würzburg, Germany",Quectel_BG96,262,Germany,de,0,2G,Op B
19776,1,Mark-1,"Würzburg, Germany",Quectel_EC21,262,Germany,de,0,2G,Op B
19779,1,Mark-1,"Würzburg, Germany",Quectel_BG96,262,Germany,de,0,2G,Op B
19791,1,Mark-4,"Würzburg, Germany",Quectel_EC21,262,Germany,de,0,2G,Op B
19819,1,Mark-2,"Würzburg, Germany",Quectel_BG96,262,Germany,de,0,2G,Op B
19827,1,Mark-3,"Würzburg, Germany",Quectel_EC21,262,Germany,de,0,2G,Op B
19830,1,Mark-3,"Würzburg, Germany",Quectel_BG96,262,Germany,de,0,2G,Op B
19965,1,Mark-1,"Würzburg, Germany",Quectel_EC21,262,Germany,de,0,2G,Op B
20119,1,Mark-1,"Würzburg, Germany",Quectel_EC21,262,Germany,de,0,2G,Op B
20121,1,Mark-6,"Munich, Germany",Quectel_EC21,262,Germany,de,0,2G,Op B
20155,1,Mark-1,"Würzburg, Germany",Quectel_EC21,262,Germany,de,0,2G,Op B
20157,1,Mark-6,"Munich, Germany",Quectel_EC21,262,Germany,de,0,2G,Op B
20191,1,Mark-1,"Würzburg, Germany",Quectel_EC21,262,Germany,de,0,2G,Op B
20227,1,Mark-1,"Würzburg, Germany",Quectel_EC21,262,Germany,de,0,2G,Op B
20229,1,Mark-6,"Munich, Germany",Quectel_EC21,262,Germany,de,0,2G,Op B
20263,1,Mark-1,"Würzburg, Germany",Quectel_EC21,262,Germany,de,0,2G,Op B
20265,1,Mark-6,"Munich, Germany",Quectel_EC21,262,Germany,de,0,2G,Op B
20299,1,Mark-1,"Würzburg, Germany",Quectel_EC21,262,Germany,de,0,2G,Op B
20301,1,Mark-6,"Munich, Germany",Quectel_EC21,262,Germany,de,0,2G,Op B
20335,1,Mark-1,"Würzburg, Germany",Quectel_EC21,262,Germany,de,0,2G,Op B
20371,1,Mark-1,"Würzburg, Germany",Quectel_EC21,262,Germany,de,0,2G,Op B
20373,1,Mark-6,"Munich, Germany",Quectel_EC21,262,Germany,de,0,2G,Op B
20407,1,Mark-1,"Würzburg, Germany",Quectel_EC21,262,Germany,de,0,2G,Op B
20409,1,Mark-6,"Munich, Germany",Quectel_EC21,262,Germany,de,0,2G,Op B
20443,1,Mark-1,"Würzburg, Germany",Quectel_EC21,262,Germany,de,0,2G,Op B
20472,1,Mark-4,"Würzburg, Germany",Quectel_BG96,262,Germany,de,0,2G,Op B
20475,1,Mark-4,"Würzburg, Germany",Quectel_BG96,262,Germany,de,0,2G,Op B
20489,1,Mark-1,"Würzburg, Germany",Quectel_BG96,262,Germany,de,0,2G,Op B
20558,1,Mark-1,"Würzburg, Germany",Quectel_BG96,262,Germany,de,0,2G,Op B
20738,1,Mark-1,"Würzburg, Germany",Quectel_BG96,262,Germany,de,0,2G,Op B
20765,1,Mark-1,"Würzburg, Germany",Quectel_BG96,262,Germany,de,0,2G,Op B
20792,1,Mark-1,"Würzburg, Germany",Quectel_BG96,262,Germany,de,0,2G,Op B
20819,1,Mark-1,"Würzburg, Germany",Quectel_BG96,262,Germany,de,0,2G,Op B
20846,1,Mark-1,"Würzburg, Germany",Quectel_BG96,262,Germany,de,0,2G,Op B
20873,1,Mark-1,"Würzburg, Germany",Quectel_BG96,262,Germany,de,0,2G,Op B
20900,1,Mark-1,"Würzburg, Germany",Quectel_BG96,262,Germany,de,0,2G,Op B
20927,1,Mark-1,"Würzburg, Germany",Quectel_BG96,262,Germany,de,0,2G,Op B
20954,1,Mark-1,"Würzburg, Germany",Quectel_BG96,262,Germany,de,0,2G,Op B
20981,1,Mark-1,"Würzburg, Germany",Quectel_BG96,262,Germany,de,0,2G,Op B
22790,1,Mark-6,"Munich, Germany",Quectel_BG96,262,Germany,de,0,2G,Op B
22980,1,Mark-1,"Würzburg, Germany",Quectel_BG96,262,Germany,de,0,2G,Op B
22995,1,Mark-1,"Würzburg, Germany",Quectel_EC21,262,Germany,de,0,2G,Op B
23177,1,Mark-1,"Würzburg, Germany",Quectel_BG96,262,Germany,de,0,2G,Op B
23192,1,Mark-1,"Würzburg, Germany",Quectel_EC21,262,Germany,de,0,2G,Op B
23207,1,Mark-6,"Munich, Germany",Quectel_BG96,262,Germany,de,0,2G,Op B
23236,1,Mark-1,"Würzburg, Germany",Quectel_BG96,262,Germany,de,0,2G,Op B
23251,1,Mark-1,"Würzburg, Germany",Quectel_EC21,262,Germany,de,0,2G,Op B
23266,1,Mark-6,"Munich, Germany",Quectel_BG96,262,Germany,de,0,2G,Op B
23558,1,Mark-1,"Würzburg, Germany",Quectel_BG96,262,Germany,de,0,2G,Op B
23573,1,Mark-1,"Würzburg, Germany",Quectel_EC21,262,Germany,de,0,2G,Op B
10047,1,Mark-7,"Trondheim, Norway",Quectel_EC21,262,Germany,de,7,LTE CAT1,Op B
10050,1,Mark-7,"Trondheim, Norway",Quectel_EC21,262,Germany,de,7,LTE CAT1,Op B
10052,1,Mark-7,"Trondheim, Norway",Quectel_EC21,262,Germany,de,7,LTE CAT1,Op B
10056,1,Mark-7,"Trondheim, Norway",Quectel_EC21,262,Germany,de,7,LTE CAT1,Op B
10065,1,Mark-7,"Trondheim, Norway",Quectel_EC21,262,Germany,de,7,LTE CAT1,Op B
10067,1,Mark-7,"Trondheim, Norway",Quectel_EC21,262,Germany,de,7,LTE CAT1,Op B
10069,1,Mark-7,"Trondheim, Norway",Quectel_EC21,262,Germany,de,7,LTE CAT1,Op B
10070,1,Mark-7,"Trondheim, Norway",Quectel_EC21,262,Germany,de,7,LTE CAT1,Op B
10074,1,Mark-7,"Trondheim, Norway",Quectel_EC21,262,Germany,de,7,LTE CAT1,Op B
10081,1,Mark-7,"Trondheim, Norway",Quectel_EC21,262,Germany,de,7,LTE CAT1,Op B
10084,1,Mark-7,"Trondheim, Norway",Quectel_EC21,262,Germany,de,7,LTE CAT1,Op B
10088,1,Mark-7,"Trondheim, Norway",Quectel_EC21,262,Germany,de,7,LTE CAT1,Op B
10094,1,Mark-7,"Trondheim, Norway",Quectel_EC21,262,Germany,de,7,LTE CAT1,Op B
10099,1,Mark-7,"Trondheim, Norway",Quectel_EC21,262,Germany,de,7,LTE CAT1,Op B
10101,1,Mark-7,"Trondheim, Norway",Quectel_EC21,262,Germany,de,7,LTE CAT1,Op B
10109,1,Mark-7,"Trondheim, Norway",Quectel_EC21,262,Germany,de,7,LTE CAT1,Op B
10111,1,Mark-7,"Trondheim, Norway",Quectel_EC21,262,Germany,de,7,LTE CAT1,Op B
10118,1,Mark-7,"Trondheim, Norway",Quectel_EC21,262,Germany,de,7,LTE CAT1,Op B
10123,1,Mark-7,"Trondheim, Norway",Quectel_EC21,262,Germany,de,7,LTE CAT1,Op B
10124,1,Mark-7,"Trondheim, Norway",Quectel_EC21,262,Germany,de,7,LTE CAT1,Op B
10128,1,Mark-7,"Trondheim, Norway",Quectel_EC21,262,Germany,de,7,LTE CAT1,Op B
10132,1,Mark-7,"Trondheim, Norway",Quectel_EC21,262,Germany,de,7,LTE CAT1,Op B
10133,1,Mark-7,"Trondheim, Norway",Quectel_EC21,262,Germany,de,7,LTE CAT1,Op B
10135,1,Mark-7,"Trondheim, Norway",Quectel_EC21,262,Germany,de,7,LTE CAT1,Op B
10138,1,Mark-7,"Trondheim, Norway",Quectel_EC21,262,Germany,de,7,LTE CAT1,Op B
10449,1,Mark-5,"Würzburg, Germany",Quectel_EC21,262,Germany,de,7,LTE CAT1,Op B
10450,1,Mark-5,"Würzburg, Germany",Quectel_EC21,262,Germany,de,7,LTE CAT1,Op B
10451,1,Mark-5,"Würzburg, Germany",Quectel_EC21,262,Germany,de,7,LTE CAT1,Op B
10454,1,Mark-5,"Würzburg, Germany",Quectel_EC21,262,Germany,de,7,LTE CAT1,Op B
10455,1,Mark-5,"Würzburg, Germany",Quectel_EC21,262,Germany,de,7,LTE CAT1,Op B
10456,1,Mark-5,"Würzburg, Germany",Quectel_EC21,262,Germany,de,7,LTE CAT1,Op B
10460,1,Mark-5,"Würzburg, Germany",Quectel_EC21,262,Germany,de,7,LTE CAT1,Op B
10464,1,Mark-5,"Würzburg, Germany",Quectel_EC21,262,Germany,de,7,LTE CAT1,Op B
10469,1,Mark-5,"Würzburg, Germany",Quectel_EC21,262,Germany,de,7,LTE CAT1,Op B
10471,1,Mark-5,"Würzburg, Germany",Quectel_EC21,262,Germany,de,7,LTE CAT1,Op B
10473,1,Mark-5,"Würzburg, Germany",Quectel_EC21,262,Germany,de,7,LTE CAT1,Op B
10475,1,Mark-5,"Würzburg, Germany",Quectel_EC21,262,Germany,de,7,LTE CAT1,Op B
10478,1,Mark-5,"Würzburg, Germany",Quectel_EC21,262,Germany,de,7,LTE CAT1,Op B
10483,1,Mark-5,"Würzburg, Germany",Quectel_EC21,262,Germany,de,7,LTE CAT1,Op B
10484,1,Mark-5,"Würzburg, Germany",Quectel_EC21,262,Germany,de,7,LTE CAT1,Op B
10485,1,Mark-5,"Würzburg, Germany",Quectel_EC21,262,Germany,de,7,LTE CAT1,Op B
10505,1,Mark-5,"Würzburg, Germany",Quectel_EC21,262,Germany,de,7,LTE CAT1,Op B
10514,1,Mark-5,"Würzburg, Germany",Quectel_EC21,262,Germany,de,7,LTE CAT1,Op B
10515,1,Mark-5,"Würzburg, Germany",Quectel_EC21,262,Germany,de,7,LTE CAT1,Op B
10516,1,Mark-5,"Würzburg, Germany",Quectel_EC21,262,Germany,de,7,LTE CAT1,Op B
10519,1,Mark-5,"Würzburg, Germany",Quectel_EC21,262,Germany,de,7,LTE CAT1,Op B
10520,1,Mark-5,"Würzburg, Germany",Quectel_EC21,262,Germany,de,7,LTE CAT1,Op B
10524,1,Mark-5,"Würzburg, Germany",Quectel_EC21,262,Germany,de,7,LTE CAT1,Op B
10525,1,Mark-5,"Würzburg, Germany",Quectel_EC21,262,Germany,de,7,LTE CAT1,Op B
10527,1,Mark-5,"Würzburg, Germany",Quectel_EC21,262,Germany,de,7,LTE CAT1,Op B
10532,1,Mark-5,"Würzburg, Germany",Quectel_EC21,262,Germany,de,7,LTE CAT1,Op B
10534,1,Mark-5,"Würzburg, Germany",Quectel_EC21,262,Germany,de,7,LTE CAT1,Op B
10536,1,Mark-5,"Würzburg, Germany",Quectel_EC21,262,Germany,de,7,LTE CAT1,Op B
10537,1,Mark-5,"Würzburg, Germany",Quectel_EC21,262,Germany,de,7,LTE CAT1,Op B
10538,1,Mark-5,"Würzburg, Germany",Quectel_EC21,262,Germany,de,7,LTE CAT1,Op B
10543,1,Mark-5,"Würzburg, Germany",Quectel_EC21,262,Germany,de,7,LTE CAT1,Op B
10544,1,Mark-5,"Würzburg, Germany",Quectel_EC21,262,Germany,de,7,LTE CAT1,Op B
10545,1,Mark-5,"Würzburg, Germany",Quectel_EC21,262,Germany,de,7,LTE CAT1,Op B
10546,1,Mark-5,"Würzburg, Germany",Quectel_EC21,262,Germany,de,7,LTE CAT1,Op B
10547,1,Mark-5,"Würzburg, Germany",Quectel_EC21,262,Germany,de,7,LTE CAT1,Op B
10548,1,Mark-5,"Würzburg, Germany",Quectel_EC21,262,Germany,de,7,LTE CAT1,Op B
10549,1,Mark-5,"Würzburg, Germany",Quectel_EC21,262,Germany,de,7,LTE CAT1,Op B
10550,1,Mark-5,"Würzburg, Germany",Quectel_EC21,262,Germany,de,7,LTE CAT1,Op B
10551,1,Mark-5,"Würzburg, Germany",Quectel_EC21,262,Germany,de,7,LTE CAT1,Op B
10552,1,Mark-5,"Würzburg, Germany",Quectel_EC21,262,Germany,de,7,LTE CAT1,Op B
10553,1,Mark-5,"Würzburg, Germany",Quectel_EC21,262,Germany,de,7,LTE CAT1,Op B
10554,1,Mark-5,"Würzburg, Germany",Quectel_EC21,262,Germany,de,7,LTE CAT1,Op B
10555,1,Mark-5,"Würzburg, Germany",Quectel_EC21,262,Germany,de,7,LTE CAT1,Op B
10556,1,Mark-5,"Würzburg, Germany",Quectel_EC21,262,Germany,de,7,LTE CAT1,Op B
10557,1,Mark-5,"Würzburg, Germany",Quectel_EC21,262,Germany,de,7,LTE CAT1,Op B
10846,1,Mark-2,"Würzburg, Germany",Quectel_EC21,262,Germany,de,7,LTE CAT1,Op B
10847,1,Mark-2,"Würzburg, Germany",Quectel_EC21,262,Germany,de,7,LTE CAT1,Op B
10855,1,Mark-2,"Würzburg, Germany",Quectel_EC21,262,Germany,de,7,LTE CAT1,Op B
10862,1,Mark-2,"Würzburg, Germany",Quectel_EC21,262,Germany,de,7,LTE CAT1,Op B
10863,1,Mark-2,"Würzburg, Germany",Quectel_EC21,262,Germany,de,7,LTE CAT1,Op B
10866,1,Mark-2,"Würzburg, Germany",Quectel_EC21,262,Germany,de,7,LTE CAT1,Op B
10880,1,Mark-2,"Würzburg, Germany",Quectel_EC21,262,Germany,de,7,LTE CAT1,Op B
10881,1,Mark-2,"Würzburg, Germany",Quectel_EC21,262,Germany,de,7,LTE CAT1,Op B
10882,1,Mark-2,"Würzburg, Germany",Quectel_EC21,262,Germany,de,7,LTE CAT1,Op B
10883,1,Mark-2,"Würzburg, Germany",Quectel_EC21,262,Germany,de,7,LTE CAT1,Op B
10886,1,Mark-2,"Würzburg, Germany",Quectel_EC21,262,Germany,de,7,LTE CAT1,Op B
10887,1,Mark-2,"Würzburg, Germany",Quectel_EC21,262,Germany,de,7,LTE CAT1,Op B
10889,1,Mark-2,"Würzburg, Germany",Quectel_EC21,262,Germany,de,7,LTE CAT1,Op B
10893,1,Mark-2,"Würzburg, Germany",Quectel_EC21,262,Germany,de,7,LTE CAT1,Op B
10894,1,Mark-2,"Würzburg, Germany",Quectel_EC21,262,Germany,de,7,LTE CAT1,Op B
10896,1,Mark-2,"Würzburg, Germany",Quectel_EC21,262,Germany,de,7,LTE CAT1,Op B
10904,1,Mark-2,"Würzburg, Germany",Quectel_EC21,262,Germany,de,7,LTE CAT1,Op B
10905,1,Mark-2,"Würzburg, Germany",Quectel_EC21,262,Germany,de,7,LTE CAT1,Op B
10909,1,Mark-2,"Würzburg, Germany",Quectel_EC21,262,Germany,de,7,LTE CAT1,Op B
10916,1,Mark-2,"Würzburg, Germany",Quectel_EC21,262,Germany,de,7,LTE CAT1,Op B
10922,1,Mark-2,"Würzburg, Germany",Quectel_EC21,262,Germany,de,7,LTE CAT1,Op B
10925,1,Mark-2,"Würzburg, Germany",Quectel_EC21,262,Germany,de,7,LTE CAT1,Op B
10931,1,Mark-2,"Würzburg, Germany",Quectel_EC21,262,Germany,de,7,LTE CAT1,Op B
10933,1,Mark-2,"Würzburg, Germany",Quectel_EC21,262,Germany,de,7,LTE CAT1,Op B
10935,1,Mark-2,"Würzburg, Germany",Quectel_EC21,262,Germany,de,7,LTE CAT1,Op B
10938,1,Mark-2,"Würzburg, Germany",Quectel_EC21,262,Germany,de,7,LTE CAT1,Op B
10939,1,Mark-2,"Würzburg, Germany",Quectel_EC21,262,Germany,de,7,LTE CAT1,Op B
10941,1,Mark-2,"Würzburg, Germany",Quectel_EC21,262,Germany,de,7,LTE CAT1,Op B
10942,1,Mark-2,"Würzburg, Germany",Quectel_EC21,262,Germany,de,7,LTE CAT1,Op B
10943,1,Mark-2,"Würzburg, Germany",Quectel_EC21,262,Germany,de,7,LTE CAT1,Op B
13191,1,Mark-7,"Trondheim, Norway",Quectel_EC21,262,Germany,de,7,LTE CAT1,Op B
13193,1,Mark-7,"Trondheim, Norway",Quectel_EC21,262,Germany,de,7,LTE CAT1,Op B
13194,1,Mark-7,"Trondheim, Norway",Quectel_EC21,262,Germany,de,7,LTE CAT1,Op B
13195,1,Mark-7,"Trondheim, Norway",Quectel_EC21,262,Germany,de,7,LTE CAT1,Op B
13196,1,Mark-7,"Trondheim, Norway",Quectel_EC21,262,Germany,de,7,LTE CAT1,Op B
13202,1,Mark-7,"Trondheim, Norway",Quectel_EC21,262,Germany,de,7,LTE CAT1,Op B
13370,1,Mark-2,"Würzburg, Germany",Quectel_EC21,262,Germany,de,7,LTE CAT1,Op B
13370,2,Mark-2,"Würzburg, Germany",Quectel_EC21,262,Germany,de,7,LTE CAT1,Op B
13373,1,Mark-2,"Würzburg, Germany",Quectel_EC21,262,Germany,de,7,LTE CAT1,Op B
13379,1,Mark-7,"Trondheim, Norway",Quectel_EC21,262,Germany,de,7,LTE CAT1,Op B
13606,1,Mark-4,"Würzburg, Germany",Quectel_EC21,262,Germany,de,7,LTE CAT1,Op B
13607,1,Mark-4,"Würzburg, Germany",Quectel_EC21,262,Germany,de,7,LTE CAT1,Op B
13608,1,Mark-4,"Würzburg, Germany",Quectel_EC21,262,Germany,de,7,LTE CAT1,Op B
13609,1,Mark-4,"Würzburg, Germany",Quectel_EC21,262,Germany,de,7,LTE CAT1,Op B
13610,1,Mark-4,"Würzburg, Germany",Quectel_EC21,262,Germany,de,7,LTE CAT1,Op B
13611,1,Mark-4,"Würzburg, Germany",Quectel_EC21,262,Germany,de,7,LTE CAT1,Op B
13612,1,Mark-4,"Würzburg, Germany",Quectel_EC21,262,Germany,de,7,LTE CAT1,Op B
13613,1,Mark-4,"Würzburg, Germany",Quectel_EC21,262,Germany,de,7,LTE CAT1,Op B
13614,1,Mark-4,"Würzburg, Germany",Quectel_EC21,262,Germany,de,7,LTE CAT1,Op B
13615,1,Mark-4,"Würzburg, Germany",Quectel_EC21,262,Germany,de,7,LTE CAT1,Op B
13616,1,Mark-4,"Würzburg, Germany",Quectel_EC21,262,Germany,de,7,LTE CAT1,Op B
13617,1,Mark-4,"Würzburg, Germany",Quectel_EC21,262,Germany,de,7,LTE CAT1,Op B
13618,1,Mark-4,"Würzburg, Germany",Quectel_EC21,262,Germany,de,7,LTE CAT1,Op B
13619,1,Mark-4,"Würzburg, Germany",Quectel_EC21,262,Germany,de,7,LTE CAT1,Op B
13620,1,Mark-4,"Würzburg, Germany",Quectel_EC21,262,Germany,de,7,LTE CAT1,Op B
13621,1,Mark-4,"Würzburg, Germany",Quectel_EC21,262,Germany,de,7,LTE CAT1,Op B
13622,1,Mark-4,"Würzburg, Germany",Quectel_EC21,262,Germany,de,7,LTE CAT1,Op B
13623,1,Mark-4,"Würzburg, Germany",Quectel_EC21,262,Germany,de,7,LTE CAT1,Op B
13624,1,Mark-4,"Würzburg, Germany",Quectel_EC21,262,Germany,de,7,LTE CAT1,Op B
13625,1,Mark-4,"Würzburg, Germany",Quectel_EC21,262,Germany,de,7,LTE CAT1,Op B
13626,1,Mark-4,"Würzburg, Germany",Quectel_EC21,262,Germany,de,7,LTE CAT1,Op B
13627,1,Mark-4,"Würzburg, Germany",Quectel_EC21,262,Germany,de,7,LTE CAT1,Op B
13628,1,Mark-4,"Würzburg, Germany",Quectel_EC21,262,Germany,de,7,LTE CAT1,Op B
13629,1,Mark-4,"Würzburg, Germany",Quectel_EC21,262,Germany,de,7,LTE CAT1,Op B
13630,1,Mark-4,"Würzburg, Germany",Quectel_EC21,262,Germany,de,7,LTE CAT1,Op B
13631,1,Mark-4,"Würzburg, Germany",Quectel_EC21,262,Germany,de,7,LTE CAT1,Op B
13632,1,Mark-4,"Würzburg, Germany",Quectel_EC21,262,Germany,de,7,LTE CAT1,Op B
13633,1,Mark-4,"Würzburg, Germany",Quectel_EC21,262,Germany,de,7,LTE CAT1,Op B
13634,1,Mark-4,"Würzburg, Germany",Quectel_EC21,262,Germany,de,7,LTE CAT1,Op B
13635,1,Mark-4,"Würzburg, Germany",Quectel_EC21,262,Germany,de,7,LTE CAT1,Op B
13636,1,Mark-4,"Würzburg, Germany",Quectel_EC21,262,Germany,de,7,LTE CAT1,Op B
13637,1,Mark-4,"Würzburg, Germany",Quectel_EC21,262,Germany,de,7,LTE CAT1,Op B
13638,1,Mark-4,"Würzburg, Germany",Quectel_EC21,262,Germany,de,7,LTE CAT1,Op B
13639,1,Mark-4,"Würzburg, Germany",Quectel_EC21,262,Germany,de,7,LTE CAT1,Op B
13640,1,Mark-4,"Würzburg, Germany",Quectel_EC21,262,Germany,de,7,LTE CAT1,Op B
13641,1,Mark-4,"Würzburg, Germany",Quectel_EC21,262,Germany,de,7,LTE CAT1,Op B
13642,1,Mark-4,"Würzburg, Germany",Quectel_EC21,262,Germany,de,7,LTE CAT1,Op B
13643,1,Mark-4,"Würzburg, Germany",Quectel_EC21,262,Germany,de,7,LTE CAT1,Op B
13644,1,Mark-4,"Würzburg, Germany",Quectel_EC21,262,Germany,de,7,LTE CAT1,Op B
13645,1,Mark-4,"Würzburg, Germany",Quectel_EC21,262,Germany,de,7,LTE CAT1,Op B
13646,1,Mark-4,"Würzburg, Germany",Quectel_EC21,262,Germany,de,7,LTE CAT1,Op B
13647,1,Mark-4,"Würzburg, Germany",Quectel_EC21,262,Germany,de,7,LTE CAT1,Op B
13648,1,Mark-4,"Würzburg, Germany",Quectel_EC21,262,Germany,de,7,LTE CAT1,Op B
13649,1,Mark-4,"Würzburg, Germany",Quectel_EC21,262,Germany,de,7,LTE CAT1,Op B
13650,1,Mark-4,"Würzburg, Germany",Quectel_EC21,262,Germany,de,7,LTE CAT1,Op B
13651,1,Mark-4,"Würzburg, Germany",Quectel_EC21,262,Germany,de,7,LTE CAT1,Op B
13652,1,Mark-4,"Würzburg, Germany",Quectel_EC21,262,Germany,de,7,LTE CAT1,Op B
13653,1,Mark-4,"Würzburg, Germany",Quectel_EC21,262,Germany,de,7,LTE CAT1,Op B
13654,1,Mark-4,"Würzburg, Germany",Quectel_EC21,262,Germany,de,7,LTE CAT1,Op B
13655,1,Mark-4,"Würzburg, Germany",Quectel_EC21,262,Germany,de,7,LTE CAT1,Op B
13656,1,Mark-4,"Würzburg, Germany",Quectel_EC21,262,Germany,de,7,LTE CAT1,Op B
13657,1,Mark-4,"Würzburg, Germany",Quectel_EC21,262,Germany,de,7,LTE CAT1,Op B
13658,1,Mark-4,"Würzburg, Germany",Quectel_EC21,262,Germany,de,7,LTE CAT1,Op B
13659,1,Mark-4,"Würzburg, Germany",Quectel_EC21,262,Germany,de,7,LTE CAT1,Op B
13660,1,Mark-4,"Würzburg, Germany",Quectel_EC21,262,Germany,de,7,LTE CAT1,Op B
13661,1,Mark-4,"Würzburg, Germany",Quectel_EC21,262,Germany,de,7,LTE CAT1,Op B
13662,1,Mark-4,"Würzburg, Germany",Quectel_EC21,262,Germany,de,7,LTE CAT1,Op B
13663,1,Mark-4,"Würzburg, Germany",Quectel_EC21,262,Germany,de,7,LTE CAT1,Op B
13664,1,Mark-4,"Würzburg, Germany",Quectel_EC21,262,Germany,de,7,LTE CAT1,Op B
13665,1,Mark-4,"Würzburg, Germany",Quectel_EC21,262,Germany,de,7,LTE CAT1,Op B
13666,1,Mark-4,"Würzburg, Germany",Quectel_EC21,262,Germany,de,7,LTE CAT1,Op B
13667,1,Mark-4,"Würzburg, Germany",Quectel_EC21,262,Germany,de,7,LTE CAT1,Op B
13668,1,Mark-4,"Würzburg, Germany",Quectel_EC21,262,Germany,de,7,LTE CAT1,Op B
13669,1,Mark-4,"Würzburg, Germany",Quectel_EC21,262,Germany,de,7,LTE CAT1,Op B
13670,1,Mark-4,"Würzburg, Germany",Quectel_EC21,262,Germany,de,7,LTE CAT1,Op B
13671,1,Mark-4,"Würzburg, Germany",Quectel_EC21,262,Germany,de,7,LTE CAT1,Op B
13672,1,Mark-4,"Würzburg, Germany",Quectel_EC21,262,Germany,de,7,LTE CAT1,Op B
13673,1,Mark-4,"Würzburg, Germany",Quectel_EC21,262,Germany,de,7,LTE CAT1,Op B
13674,1,Mark-4,"Würzburg, Germany",Quectel_EC21,262,Germany,de,7,LTE CAT1,Op B
13675,1,Mark-4,"Würzburg, Germany",Quectel_EC21,262,Germany,de,7,LTE CAT1,Op B
13676,1,Mark-4,"Würzburg, Germany",Quectel_EC21,262,Germany,de,7,LTE CAT1,Op B
13677,1,Mark-4,"Würzburg, Germany",Quectel_EC21,262,Germany,de,7,LTE CAT1,Op B
13678,1,Mark-4,"Würzburg, Germany",Quectel_EC21,262,Germany,de,7,LTE CAT1,Op B
13679,1,Mark-4,"Würzburg, Germany",Quectel_EC21,262,Germany,de,7,LTE CAT1,Op B
13680,1,Mark-4,"Würzburg, Germany",Quectel_EC21,262,Germany,de,7,LTE CAT1,Op B
13681,1,Mark-4,"Würzburg, Germany",Quectel_EC21,262,Germany,de,7,LTE CAT1,Op B
13682,1,Mark-4,"Würzburg, Germany",Quectel_EC21,262,Germany,de,7,LTE CAT1,Op B
13683,1,Mark-4,"Würzburg, Germany",Quectel_EC21,262,Germany,de,7,LTE CAT1,Op B
13684,1,Mark-4,"Würzburg, Germany",Quectel_EC21,262,Germany,de,7,LTE CAT1,Op B
13685,1,Mark-4,"Würzburg, Germany",Quectel_EC21,262,Germany,de,7,LTE CAT1,Op B
13686,1,Mark-4,"Würzburg, Germany",Quectel_EC21,262,Germany,de,7,LTE CAT1,Op B
13687,1,Mark-4,"Würzburg, Germany",Quectel_EC21,262,Germany,de,7,LTE CAT1,Op B
13688,1,Mark-4,"Würzburg, Germany",Quectel_EC21,262,Germany,de,7,LTE CAT1,Op B
13689,1,Mark-4,"Würzburg, Germany",Quectel_EC21,262,Germany,de,7,LTE CAT1,Op B
13690,1,Mark-4,"Würzburg, Germany",Quectel_EC21,262,Germany,de,7,LTE CAT1,Op B
13691,1,Mark-4,"Würzburg, Germany",Quectel_EC21,262,Germany,de,7,LTE CAT1,Op B
13692,1,Mark-4,"Würzburg, Germany",Quectel_EC21,262,Germany,de,7,LTE CAT1,Op B
13693,1,Mark-4,"Würzburg, Germany",Quectel_EC21,262,Germany,de,7,LTE CAT1,Op B
13694,1,Mark-4,"Würzburg, Germany",Quectel_EC21,262,Germany,de,7,LTE CAT1,Op B
13695,1,Mark-4,"Würzburg, Germany",Quectel_EC21,262,Germany,de,7,LTE CAT1,Op B
13696,1,Mark-4,"Würzburg, Germany",Quectel_EC21,262,Germany,de,7,LTE CAT1,Op B
13697,1,Mark-4,"Würzburg, Germany",Quectel_EC21,262,Germany,de,7,LTE CAT1,Op B
13698,1,Mark-4,"Würzburg, Germany",Quectel_EC21,262,Germany,de,7,LTE CAT1,Op B
13699,1,Mark-4,"Würzburg, Germany",Quectel_EC21,262,Germany,de,7,LTE CAT1,Op B
13700,1,Mark-4,"Würzburg, Germany",Quectel_EC21,262,Germany,de,7,LTE CAT1,Op B
13701,1,Mark-4,"Würzburg, Germany",Quectel_EC21,262,Germany,de,7,LTE CAT1,Op B
13702,1,Mark-4,"Würzburg, Germany",Quectel_EC21,262,Germany,de,7,LTE CAT1,Op B
13703,1,Mark-4,"Würzburg, Germany",Quectel_EC21,262,Germany,de,7,LTE CAT1,Op B
13704,1,Mark-4,"Würzburg, Germany",Quectel_EC21,262,Germany,de,7,LTE CAT1,Op B
13705,1,Mark-4,"Würzburg, Germany",Quectel_EC21,262,Germany,de,7,LTE CAT1,Op B
13713,1,Mark-4,"Würzburg, Germany",Quectel_EC21,262,Germany,de,7,LTE CAT1,Op B
13714,1,Mark-4,"Würzburg, Germany",Quectel_EC21,262,Germany,de,7,LTE CAT1,Op B
13724,1,Mark-4,"Würzburg, Germany",Quectel_EC21,262,Germany,de,7,LTE CAT1,Op B
13725,1,Mark-4,"Würzburg, Germany",Quectel_EC21,262,Germany,de,7,LTE CAT1,Op B
13729,1,Mark-4,"Würzburg, Germany",Quectel_EC21,262,Germany,de,7,LTE CAT1,Op B
13731,1,Mark-4,"Würzburg, Germany",Quectel_EC21,262,Germany,de,7,LTE CAT1,Op B
13733,1,Mark-4,"Würzburg, Germany",Quectel_EC21,262,Germany,de,7,LTE CAT1,Op B
13734,1,Mark-4,"Würzburg, Germany",Quectel_EC21,262,Germany,de,7,LTE CAT1,Op B
13738,1,Mark-4,"Würzburg, Germany",Quectel_EC21,262,Germany,de,7,LTE CAT1,Op B
13740,1,Mark-4,"Würzburg, Germany",Quectel_EC21,262,Germany,de,7,LTE CAT1,Op B
13742,1,Mark-4,"Würzburg, Germany",Quectel_EC21,262,Germany,de,7,LTE CAT1,Op B
13746,1,Mark-4,"Würzburg, Germany",Quectel_EC21,262,Germany,de,7,LTE CAT1,Op B
13756,1,Mark-4,"Würzburg, Germany",Quectel_EC21,262,Germany,de,7,LTE CAT1,Op B
13757,1,Mark-4,"Würzburg, Germany",Quectel_EC21,262,Germany,de,7,LTE CAT1,Op B
13758,1,Mark-4,"Würzburg, Germany",Quectel_EC21,262,Germany,de,7,LTE CAT1,Op B
13759,1,Mark-4,"Würzburg, Germany",Quectel_EC21,262,Germany,de,7,LTE CAT1,Op B
13761,1,Mark-4,"Würzburg, Germany",Quectel_EC21,262,Germany,de,7,LTE CAT1,Op B
13768,1,Mark-4,"Würzburg, Germany",Quectel_EC21,262,Germany,de,7,LTE CAT1,Op B
13771,1,Mark-4,"Würzburg, Germany",Quectel_EC21,262,Germany,de,7,LTE CAT1,Op B
13772,1,Mark-4,"Würzburg, Germany",Quectel_EC21,262,Germany,de,7,LTE CAT1,Op B
13781,1,Mark-4,"Würzburg, Germany",Quectel_EC21,262,Germany,de,7,LTE CAT1,Op B
13782,1,Mark-4,"Würzburg, Germany",Quectel_EC21,262,Germany,de,7,LTE CAT1,Op B
13783,1,Mark-4,"Würzburg, Germany",Quectel_EC21,262,Germany,de,7,LTE CAT1,Op B
13786,1,Mark-4,"Würzburg, Germany",Quectel_EC21,262,Germany,de,7,LTE CAT1,Op B
13790,1,Mark-4,"Würzburg, Germany",Quectel_EC21,262,Germany,de,7,LTE CAT1,Op B
13793,1,Mark-4,"Würzburg, Germany",Quectel_EC21,262,Germany,de,7,LTE CAT1,Op B
13795,1,Mark-4,"Würzburg, Germany",Quectel_EC21,262,Germany,de,7,LTE CAT1,Op B
13798,1,Mark-4,"Würzburg, Germany",Quectel_EC21,262,Germany,de,7,LTE CAT1,Op B
13804,1,Mark-4,"Würzburg, Germany",Quectel_EC21,262,Germany,de,7,LTE CAT1,Op B
13805,1,Mark-4,"Würzburg, Germany",Quectel_EC21,262,Germany,de,7,LTE CAT1,Op B
13811,1,Mark-7,"Trondheim, Norway",Quectel_EC21,262,Germany,de,7,LTE CAT1,Op B
13811,2,Mark-7,"Trondheim, Norway",Quectel_EC21,262,Germany,de,7,LTE CAT1,Op B
13812,1,Mark-2,"Würzburg, Germany",Quectel_EC21,262,Germany,de,7,LTE CAT1,Op B
13812,2,Mark-2,"Würzburg, Germany",Quectel_EC21,262,Germany,de,7,LTE CAT1,Op B
13814,1,Mark-7,"Trondheim, Norway",Quectel_EC21,262,Germany,de,7,LTE CAT1,Op B
13814,2,Mark-7,"Trondheim, Norway",Quectel_EC21,262,Germany,de,7,LTE CAT1,Op B
13816,1,Mark-2,"Würzburg, Germany",Quectel_EC21,262,Germany,de,7,LTE CAT1,Op B
13816,2,Mark-2,"Würzburg, Germany",Quectel_EC21,262,Germany,de,7,LTE CAT1,Op B
13817,1,Mark-2,"Würzburg, Germany",Quectel_EC21,262,Germany,de,7,LTE CAT1,Op B
13817,2,Mark-2,"Würzburg, Germany",Quectel_EC21,262,Germany,de,7,LTE CAT1,Op B
13817,3,Mark-2,"Würzburg, Germany",Quectel_EC21,262,Germany,de,7,LTE CAT1,Op B
13817,4,Mark-2,"Würzburg, Germany",Quectel_EC21,262,Germany,de,7,LTE CAT1,Op B
13817,5,Mark-2,"Würzburg, Germany",Quectel_EC21,262,Germany,de,7,LTE CAT1,Op B
13818,1,Mark-7,"Trondheim, Norway",Quectel_EC21,262,Germany,de,7,LTE CAT1,Op B
13818,2,Mark-7,"Trondheim, Norway",Quectel_EC21,262,Germany,de,7,LTE CAT1,Op B
13818,3,Mark-7,"Trondheim, Norway",Quectel_EC21,262,Germany,de,7,LTE CAT1,Op B
13818,4,Mark-7,"Trondheim, Norway",Quectel_EC21,262,Germany,de,7,LTE CAT1,Op B
13818,5,Mark-7,"Trondheim, Norway",Quectel_EC21,262,Germany,de,7,LTE CAT1,Op B
14064,1,Mark-7,"Trondheim, Norway",Quectel_EC21,262,Germany,de,7,LTE CAT1,Op B
14064,2,Mark-7,"Trondheim, Norway",Quectel_EC21,262,Germany,de,7,LTE CAT1,Op B
14064,3,Mark-7,"Trondheim, Norway",Quectel_EC21,262,Germany,de,7,LTE CAT1,Op B
14064,4,Mark-7,"Trondheim, Norway",Quectel_EC21,262,Germany,de,7,LTE CAT1,Op B
14064,5,Mark-7,"Trondheim, Norway",Quectel_EC21,262,Germany,de,7,LTE CAT1,Op B
14065,2,Mark-2,"Würzburg, Germany",Quectel_EC21,262,Germany,de,7,LTE CAT1,Op B
14065,5,Mark-2,"Würzburg, Germany",Quectel_EC21,262,Germany,de,7,LTE CAT1,Op B
14086,1,Mark-7,"Trondheim, Norway",Quectel_EC21,262,Germany,de,7,LTE CAT1,Op B
14087,1,Mark-7,"Trondheim, Norway",Quectel_EC21,262,Germany,de,7,LTE CAT1,Op B
14087,2,Mark-7,"Trondheim, Norway",Quectel_EC21,262,Germany,de,7,LTE CAT1,Op B
14087,3,Mark-7,"Trondheim, Norway",Quectel_EC21,262,Germany,de,7,LTE CAT1,Op B
14087,4,Mark-7,"Trondheim, Norway",Quectel_EC21,262,Germany,de,7,LTE CAT1,Op B
14087,5,Mark-7,"Trondheim, Norway",Quectel_EC21,262,Germany,de,7,LTE CAT1,Op B
14298,1,Mark-2,"Würzburg, Germany",Quectel_EC21,262,Germany,de,7,LTE CAT1,Op B
14524,1,Mark-2,"Würzburg, Germany",Quectel_EC21,262,Germany,de,7,LTE CAT1,Op B
14525,1,Mark-2,"Würzburg, Germany",Quectel_EC21,262,Germany,de,7,LTE CAT1,Op B
14942,1,Mark-2,"Würzburg, Germany",Quectel_EC21,262,Germany,de,7,LTE CAT1,Op B
14943,1,Mark-4,"Würzburg, Germany",Quectel_EC21,262,Germany,de,7,LTE CAT1,Op B
15479,1,Mark-2,"Würzburg, Germany",Quectel_EC21,262,Germany,de,7,LTE CAT1,Op B
15479,2,Mark-2,"Würzburg, Germany",Quectel_EC21,262,Germany,de,7,LTE CAT1,Op B
15479,3,Mark-2,"Würzburg, Germany",Quectel_EC21,262,Germany,de,7,LTE CAT1,Op B
15479,4,Mark-2,"Würzburg, Germany",Quectel_EC21,262,Germany,de,7,LTE CAT1,Op B
15479,5,Mark-2,"Würzburg, Germany",Quectel_EC21,262,Germany,de,7,LTE CAT1,Op B
15480,1,Mark-7,"Trondheim, Norway",Quectel_EC21,262,Germany,de,7,LTE CAT1,Op B
15480,2,Mark-7,"Trondheim, Norway",Quectel_EC21,262,Germany,de,7,LTE CAT1,Op B
15480,3,Mark-7,"Trondheim, Norway",Quectel_EC21,262,Germany,de,7,LTE CAT1,Op B
15480,4,Mark-7,"Trondheim, Norway",Quectel_EC21,262,Germany,de,7,LTE CAT1,Op B
15480,5,Mark-7,"Trondheim, Norway",Quectel_EC21,262,Germany,de,7,LTE CAT1,Op B
15481,1,Mark-2,"Würzburg, Germany",Quectel_EC21,262,Germany,de,7,LTE CAT1,Op B
15492,1,Mark-4,"Würzburg, Germany",Quectel_EC21,262,Germany,de,7,LTE CAT1,Op B
15493,1,Mark-4,"Würzburg, Germany",Quectel_EC21,262,Germany,de,7,LTE CAT1,Op B
15494,1,Mark-4,"Würzburg, Germany",Quectel_EC21,262,Germany,de,7,LTE CAT1,Op B
15495,1,Mark-2,"Würzburg, Germany",Quectel_EC21,262,Germany,de,7,LTE CAT1,Op B
15511,1,Mark-4,"Würzburg, Germany",Quectel_EC21,262,Germany,de,7,LTE CAT1,Op B
15513,1,Mark-4,"Würzburg, Germany",Quectel_EC21,262,Germany,de,7,LTE CAT1,Op B
15514,1,Mark-4,"Würzburg, Germany",Quectel_EC21,262,Germany,de,7,LTE CAT1,Op B
15516,1,Mark-4,"Würzburg, Germany",Quectel_EC21,262,Germany,de,7,LTE CAT1,Op B
15517,1,Mark-4,"Würzburg, Germany",Quectel_EC21,262,Germany,de,7,LTE CAT1,Op B
15518,1,Mark-4,"Würzburg, Germany",Quectel_EC21,262,Germany,de,7,LTE CAT1,Op B
16027,1,Mark-2,"Würzburg, Germany",Quectel_EC21,262,Germany,de,7,LTE CAT1,Op B
16245,1,Mark-4,"Würzburg, Germany",Quectel_EC21,262,Germany,de,7,LTE CAT1,Op B
16372,1,Mark-9,"Würzburg, Germany",Quectel_EC21,262,Germany,de,7,LTE CAT1,Op B
16399,1,Mark-9,"Würzburg, Germany",Quectel_EC21,262,Germany,de,7,LTE CAT1,Op B
16604,1,Mark-4,"Würzburg, Germany",Quectel_EC21,262,Germany,de,7,LTE CAT1,Op B
16605,1,Mark-4,"Würzburg, Germany",Quectel_EC21,262,Germany,de,7,LTE CAT1,Op B
16606,1,Mark-4,"Würzburg, Germany",Quectel_EC21,262,Germany,de,7,LTE CAT1,Op B
16607,1,Mark-4,"Würzburg, Germany",Quectel_EC21,262,Germany,de,7,LTE CAT1,Op B
16608,1,Mark-4,"Würzburg, Germany",Quectel_EC21,262,Germany,de,7,LTE CAT1,Op B
16609,1,Mark-4,"Würzburg, Germany",Quectel_EC21,262,Germany,de,7,LTE CAT1,Op B
16610,1,Mark-4,"Würzburg, Germany",Quectel_EC21,262,Germany,de,7,LTE CAT1,Op B
16611,1,Mark-4,"Würzburg, Germany",Quectel_EC21,262,Germany,de,7,LTE CAT1,Op B
16612,1,Mark-4,"Würzburg, Germany",Quectel_EC21,262,Germany,de,7,LTE CAT1,Op B
16613,1,Mark-4,"Würzburg, Germany",Quectel_EC21,262,Germany,de,7,LTE CAT1,Op B
16614,1,Mark-4,"Würzburg, Germany",Quectel_EC21,262,Germany,de,7,LTE CAT1,Op B
16615,1,Mark-4,"Würzburg, Germany",Quectel_EC21,262,Germany,de,7,LTE CAT1,Op B
16697,1,Mark-9,"Würzburg, Germany",Quectel_EC21,262,Germany,de,7,LTE CAT1,Op B
16699,1,Mark-9,"Würzburg, Germany",Quectel_EC21,262,Germany,de,7,LTE CAT1,Op B
16700,1,Mark-9,"Würzburg, Germany",Quectel_EC21,262,Germany,de,7,LTE CAT1,Op B
16738,1,Mark-2,"Würzburg, Germany",Quectel_EC21,262,Germany,de,7,LTE CAT1,Op B
16742,1,Mark-6,"Munich, Germany",Quectel_EC21,262,Germany,de,7,LTE CAT1,Op B
16756,1,Mark-6,"Munich, Germany",Quectel_EC21,262,Germany,de,7,LTE CAT1,Op B
16780,1,Mark-6,"Munich, Germany",Quectel_EC21,262,Germany,de,7,LTE CAT1,Op B
17071,1,Mark-4,"Würzburg, Germany",Quectel_EC21,262,Germany,de,7,LTE CAT1,Op B
17179,1,Mark-2,"Würzburg, Germany",Quectel_EC21,262,Germany,de,7,LTE CAT1,Op B
17181,1,Mark-1,"Würzburg, Germany",Quectel_EC21,262,Germany,de,7,LTE CAT1,Op B
17183,1,Mark-2,"Würzburg, Germany",Quectel_EC21,262,Germany,de,7,LTE CAT1,Op B
17184,1,Mark-3,"Würzburg, Germany",Quectel_EC21,262,Germany,de,7,LTE CAT1,Op B
17185,1,Mark-3,"Würzburg, Germany",Quectel_EC21,262,Germany,de,7,LTE CAT1,Op B
17186,1,Mark-1,"Würzburg, Germany",Quectel_EC21,262,Germany,de,7,LTE CAT1,Op B
17187,1,Mark-2,"Würzburg, Germany",Quectel_EC21,262,Germany,de,7,LTE CAT1,Op B
17209,1,Mark-12,"Würzburg, Germany",Quectel_EC21,262,Germany,de,7,LTE CAT1,Op B
17336,1,Mark-2,"Würzburg, Germany",Quectel_EC21,262,Germany,de,7,LTE CAT1,Op B
17356,1,Mark-1,"Würzburg, Germany",Quectel_EC21,262,Germany,de,7,LTE CAT1,Op B
17464,1,Mark-4,"Würzburg, Germany",Quectel_EC21,262,Germany,de,7,LTE CAT1,Op B
17574,1,Mark-1,"Würzburg, Germany",Quectel_EC21,262,Germany,de,7,LTE CAT1,Op B
17575,1,Mark-4,"Würzburg, Germany",Quectel_EC21,262,Germany,de,7,LTE CAT1,Op B
17576,1,Mark-4,"Würzburg, Germany",Quectel_EC21,262,Germany,de,7,LTE CAT1,Op B
17577,1,Mark-4,"Würzburg, Germany",Quectel_EC21,262,Germany,de,7,LTE CAT1,Op B
17579,1,Mark-4,"Würzburg, Germany",Quectel_EC21,262,Germany,de,7,LTE CAT1,Op B
17679,1,Mark-4,"Würzburg, Germany",Quectel_EC21,262,Germany,de,7,LTE CAT1,Op B
17680,1,Mark-1,"Würzburg, Germany",Quectel_EC21,262,Germany,de,7,LTE CAT1,Op B
17681,1,Mark-2,"Würzburg, Germany",Quectel_EC21,262,Germany,de,7,LTE CAT1,Op B
17682,1,Mark-3,"Würzburg, Germany",Quectel_EC21,262,Germany,de,7,LTE CAT1,Op B
18811,1,Mark-4,"Würzburg, Germany",Quectel_EC21,262,Germany,de,7,LTE CAT1,Op B
18814,1,Mark-1,"Würzburg, Germany",Quectel_EC21,262,Germany,de,7,LTE CAT1,Op B
18940,1,Mark-1,"Würzburg, Germany",Quectel_EC21,262,Germany,de,7,LTE CAT1,Op B
19026,1,Mark-4,"Würzburg, Germany",Quectel_EC21,262,Germany,de,7,LTE CAT1,Op B
19030,1,Mark-4,"Würzburg, Germany",Quectel_EC21,262,Germany,de,7,LTE CAT1,Op B
19091,1,Mark-6,"Munich, Germany",Quectel_EC21,262,Germany,de,7,LTE CAT1,Op B
19229,1,Mark-4,"Würzburg, Germany",Quectel_EC21,262,Germany,de,7,LTE CAT1,Op B
19265,1,Mark-4,"Würzburg, Germany",Quectel_EC21,262,Germany,de,7,LTE CAT1,Op B
19266,1,Mark-4,"Würzburg, Germany",Quectel_EC21,262,Germany,de,7,LTE CAT1,Op B
19274,1,Mark-4,"Würzburg, Germany",Quectel_EC21,262,Germany,de,7,LTE CAT1,Op B
19631,1,Mark-1,"Würzburg, Germany",Quectel_EC21,262,Germany,de,7,LTE CAT1,Op B
19633,1,Mark-1,"Würzburg, Germany",Quectel_EC21,262,Germany,de,7,LTE CAT1,Op B
19645,1,Mark-4,"Würzburg, Germany",Quectel_EC21,262,Germany,de,7,LTE CAT1,Op B
19647,1,Mark-6,"Munich, Germany",Quectel_EC21,262,Germany,de,7,LTE CAT1,Op B
19664,1,Mark-4,"Würzburg, Germany",Quectel_EC21,262,Germany,de,7,LTE CAT1,Op B
19697,1,Mark-4,"Würzburg, Germany",Quectel_EC21,262,Germany,de,7,LTE CAT1,Op B
19698,1,Mark-4,"Würzburg, Germany",Quectel_EC21,262,Germany,de,7,LTE CAT1,Op B
19775,1,Mark-1,"Würzburg, Germany",Quectel_EC21,262,Germany,de,7,LTE CAT1,Op B
19790,1,Mark-4,"Würzburg, Germany",Quectel_EC21,262,Germany,de,7,LTE CAT1,Op B
19806,1,Mark-6,"Munich, Germany",Quectel_EC21,262,Germany,de,7,LTE CAT1,Op B
19816,1,Mark-2,"Würzburg, Germany",Quectel_EC21,262,Germany,de,7,LTE CAT1,Op B
19826,1,Mark-3,"Würzburg, Germany",Quectel_EC21,262,Germany,de,7,LTE CAT1,Op B
20097,1,Mark-1,"Würzburg, Germany",Quectel_EC21,262,Germany,de,7,LTE CAT1,Op B
20116,1,Mark-1,"Würzburg, Germany",Quectel_EC21,262,Germany,de,7,LTE CAT1,Op B
20127,1,Mark-6,"Munich, Germany",Quectel_EC21,262,Germany,de,7,LTE CAT1,Op B
20152,1,Mark-1,"Würzburg, Germany",Quectel_EC21,262,Germany,de,7,LTE CAT1,Op B
20163,1,Mark-6,"Munich, Germany",Quectel_EC21,262,Germany,de,7,LTE CAT1,Op B
20199,1,Mark-6,"Munich, Germany",Quectel_EC21,262,Germany,de,7,LTE CAT1,Op B
20224,1,Mark-1,"Würzburg, Germany",Quectel_EC21,262,Germany,de,7,LTE CAT1,Op B
20235,1,Mark-6,"Munich, Germany",Quectel_EC21,262,Germany,de,7,LTE CAT1,Op B
20260,1,Mark-1,"Würzburg, Germany",Quectel_EC21,262,Germany,de,7,LTE CAT1,Op B
20296,1,Mark-1,"Würzburg, Germany",Quectel_EC21,262,Germany,de,7,LTE CAT1,Op B
20332,1,Mark-1,"Würzburg, Germany",Quectel_EC21,262,Germany,de,7,LTE CAT1,Op B
20368,1,Mark-1,"Würzburg, Germany",Quectel_EC21,262,Germany,de,7,LTE CAT1,Op B
20379,1,Mark-6,"Munich, Germany",Quectel_EC21,262,Germany,de,7,LTE CAT1,Op B
20404,1,Mark-1,"Würzburg, Germany",Quectel_EC21,262,Germany,de,7,LTE CAT1,Op B
20415,1,Mark-6,"Munich, Germany",Quectel_EC21,262,Germany,de,7,LTE CAT1,Op B
20451,1,Mark-6,"Munich, Germany",Quectel_EC21,262,Germany,de,7,LTE CAT1,Op B
22809,1,Mark-6,"Munich, Germany",Quectel_EC21,262,Germany,de,7,LTE CAT1,Op B
22811,1,Mark-6,"Munich, Germany",Quectel_EC21,262,Germany,de,7,LTE CAT1,Op B
22991,1,Mark-1,"Würzburg, Germany",Quectel_EC21,262,Germany,de,7,LTE CAT1,Op B
23006,1,Mark-6,"Munich, Germany",Quectel_EC21,262,Germany,de,7,LTE CAT1,Op B
23158,1,Mark-4,"Würzburg, Germany",Quectel_EC21,262,Germany,de,7,LTE CAT1,Op B
23188,1,Mark-1,"Würzburg, Germany",Quectel_EC21,262,Germany,de,7,LTE CAT1,Op B
23203,1,Mark-6,"Munich, Germany",Quectel_EC21,262,Germany,de,7,LTE CAT1,Op B
23247,1,Mark-1,"Würzburg, Germany",Quectel_EC21,262,Germany,de,7,LTE CAT1,Op B
23262,1,Mark-6,"Munich, Germany",Quectel_EC21,262,Germany,de,7,LTE CAT1,Op B
23569,1,Mark-1,"Würzburg, Germany",Quectel_EC21,262,Germany,de,7,LTE CAT1,Op B
23584,1,Mark-6,"Munich, Germany",Quectel_EC21,262,Germany,de,7,LTE CAT1,Op B
24063,3,Mark-4,"Würzburg, Germany",Quectel_EC21,262,Germany,de,7,LTE CAT1,Op B
10000,1,Mark-1,"Würzburg, Germany",Quectel_BG96,262,Germany,de,8,LTE-M,Op B
10003,1,Mark-1,"Würzburg, Germany",Quectel_BG96,262,Germany,de,8,LTE-M,Op B
10004,1,Mark-1,"Würzburg, Germany",Quectel_BG96,262,Germany,de,8,LTE-M,Op B
10005,1,Mark-1,"Würzburg, Germany",Quectel_BG96,262,Germany,de,8,LTE-M,Op B
10008,1,Mark-1,"Würzburg, Germany",Quectel_BG96,262,Germany,de,8,LTE-M,Op B
10017,1,Mark-1,"Würzburg, Germany",Quectel_BG96,262,Germany,de,8,LTE-M,Op B
10018,1,Mark-1,"Würzburg, Germany",Quectel_BG96,262,Germany,de,8,LTE-M,Op B
10025,1,Mark-1,"Würzburg, Germany",Quectel_BG96,262,Germany,de,8,LTE-M,Op B
10033,1,Mark-1,"Würzburg, Germany",Quectel_BG96,262,Germany,de,8,LTE-M,Op B
10037,1,Mark-1,"Würzburg, Germany",Quectel_BG96,262,Germany,de,8,LTE-M,Op B
10038,1,Mark-1,"Würzburg, Germany",Quectel_BG96,262,Germany,de,8,LTE-M,Op B
10648,1,Mark-5,"Würzburg, Germany",Quectel_BG96,262,Germany,de,8,LTE-M,Op B
10658,1,Mark-5,"Würzburg, Germany",Quectel_BG96,262,Germany,de,8,LTE-M,Op B
10660,1,Mark-5,"Würzburg, Germany",Quectel_BG96,262,Germany,de,8,LTE-M,Op B
10662,1,Mark-5,"Würzburg, Germany",Quectel_BG96,262,Germany,de,8,LTE-M,Op B
10663,1,Mark-5,"Würzburg, Germany",Quectel_BG96,262,Germany,de,8,LTE-M,Op B
10666,1,Mark-5,"Würzburg, Germany",Quectel_BG96,262,Germany,de,8,LTE-M,Op B
10669,1,Mark-5,"Würzburg, Germany",Quectel_BG96,262,Germany,de,8,LTE-M,Op B
10671,1,Mark-5,"Würzburg, Germany",Quectel_BG96,262,Germany,de,8,LTE-M,Op B
10672,1,Mark-5,"Würzburg, Germany",Quectel_BG96,262,Germany,de,8,LTE-M,Op B
10677,1,Mark-5,"Würzburg, Germany",Quectel_BG96,262,Germany,de,8,LTE-M,Op B
10679,1,Mark-5,"Würzburg, Germany",Quectel_BG96,262,Germany,de,8,LTE-M,Op B
11052,1,Mark-2,"Würzburg, Germany",Quectel_BG96,262,Germany,de,8,LTE-M,Op B
11053,1,Mark-2,"Würzburg, Germany",Quectel_BG96,262,Germany,de,8,LTE-M,Op B
11063,1,Mark-2,"Würzburg, Germany",Quectel_BG96,262,Germany,de,8,LTE-M,Op B
11064,1,Mark-2,"Würzburg, Germany",Quectel_BG96,262,Germany,de,8,LTE-M,Op B
11065,1,Mark-2,"Würzburg, Germany",Quectel_BG96,262,Germany,de,8,LTE-M,Op B
11066,1,Mark-2,"Würzburg, Germany",Quectel_BG96,262,Germany,de,8,LTE-M,Op B
11067,1,Mark-2,"Würzburg, Germany",Quectel_BG96,262,Germany,de,8,LTE-M,Op B
11068,1,Mark-2,"Würzburg, Germany",Quectel_BG96,262,Germany,de,8,LTE-M,Op B
11069,1,Mark-2,"Würzburg, Germany",Quectel_BG96,262,Germany,de,8,LTE-M,Op B
11071,1,Mark-2,"Würzburg, Germany",Quectel_BG96,262,Germany,de,8,LTE-M,Op B
11078,1,Mark-2,"Würzburg, Germany",Quectel_BG96,262,Germany,de,8,LTE-M,Op B
11085,1,Mark-2,"Würzburg, Germany",Quectel_BG96,262,Germany,de,8,LTE-M,Op B
11089,1,Mark-2,"Würzburg, Germany",Quectel_BG96,262,Germany,de,8,LTE-M,Op B
11090,1,Mark-2,"Würzburg, Germany",Quectel_BG96,262,Germany,de,8,LTE-M,Op B
11094,1,Mark-2,"Würzburg, Germany",Quectel_BG96,262,Germany,de,8,LTE-M,Op B
11095,1,Mark-2,"Würzburg, Germany",Quectel_BG96,262,Germany,de,8,LTE-M,Op B
11096,1,Mark-2,"Würzburg, Germany",Quectel_BG96,262,Germany,de,8,LTE-M,Op B
11097,1,Mark-2,"Würzburg, Germany",Quectel_BG96,262,Germany,de,8,LTE-M,Op B
11098,1,Mark-2,"Würzburg, Germany",Quectel_BG96,262,Germany,de,8,LTE-M,Op B
11110,1,Mark-2,"Würzburg, Germany",Quectel_BG96,262,Germany,de,8,LTE-M,Op B
11111,1,Mark-2,"Würzburg, Germany",Quectel_BG96,262,Germany,de,8,LTE-M,Op B
11112,1,Mark-2,"Würzburg, Germany",Quectel_BG96,262,Germany,de,8,LTE-M,Op B
11113,1,Mark-2,"Würzburg, Germany",Quectel_BG96,262,Germany,de,8,LTE-M,Op B
11125,1,Mark-2,"Würzburg, Germany",Quectel_BG96,262,Germany,de,8,LTE-M,Op B
11132,1,Mark-2,"Würzburg, Germany",Quectel_BG96,262,Germany,de,8,LTE-M,Op B
11136,1,Mark-2,"Würzburg, Germany",Quectel_BG96,262,Germany,de,8,LTE-M,Op B
11137,1,Mark-2,"Würzburg, Germany",Quectel_BG96,262,Germany,de,8,LTE-M,Op B
11138,1,Mark-2,"Würzburg, Germany",Quectel_BG96,262,Germany,de,8,LTE-M,Op B
11139,1,Mark-2,"Würzburg, Germany",Quectel_BG96,262,Germany,de,8,LTE-M,Op B
11140,1,Mark-2,"Würzburg, Germany",Quectel_BG96,262,Germany,de,8,LTE-M,Op B
11144,1,Mark-2,"Würzburg, Germany",Quectel_BG96,262,Germany,de,8,LTE-M,Op B
11146,1,Mark-2,"Würzburg, Germany",Quectel_BG96,262,Germany,de,8,LTE-M,Op B
11149,1,Mark-2,"Würzburg, Germany",Quectel_BG96,262,Germany,de,8,LTE-M,Op B
11152,1,Mark-2,"Würzburg, Germany",Quectel_BG96,262,Germany,de,8,LTE-M,Op B
11153,1,Mark-2,"Würzburg, Germany",Quectel_BG96,262,Germany,de,8,LTE-M,Op B
11154,1,Mark-2,"Würzburg, Germany",Quectel_BG96,262,Germany,de,8,LTE-M,Op B
11155,1,Mark-2,"Würzburg, Germany",Quectel_BG96,262,Germany,de,8,LTE-M,Op B
11160,1,Mark-2,"Würzburg, Germany",Quectel_BG96,262,Germany,de,8,LTE-M,Op B
11161,1,Mark-2,"Würzburg, Germany",Quectel_BG96,262,Germany,de,8,LTE-M,Op B
11164,1,Mark-2,"Würzburg, Germany",Quectel_BG96,262,Germany,de,8,LTE-M,Op B
11167,1,Mark-2,"Würzburg, Germany",Quectel_BG96,262,Germany,de,8,LTE-M,Op B
11169,1,Mark-2,"Würzburg, Germany",Quectel_BG96,262,Germany,de,8,LTE-M,Op B
11171,1,Mark-2,"Würzburg, Germany",Quectel_BG96,262,Germany,de,8,LTE-M,Op B
11174,1,Mark-2,"Würzburg, Germany",Quectel_BG96,262,Germany,de,8,LTE-M,Op B
11175,1,Mark-2,"Würzburg, Germany",Quectel_BG96,262,Germany,de,8,LTE-M,Op B
11178,1,Mark-2,"Würzburg, Germany",Quectel_BG96,262,Germany,de,8,LTE-M,Op B
11179,1,Mark-2,"Würzburg, Germany",Quectel_BG96,262,Germany,de,8,LTE-M,Op B
11180,1,Mark-2,"Würzburg, Germany",Quectel_BG96,262,Germany,de,8,LTE-M,Op B
11181,1,Mark-2,"Würzburg, Germany",Quectel_BG96,262,Germany,de,8,LTE-M,Op B
11186,1,Mark-2,"Würzburg, Germany",Quectel_BG96,262,Germany,de,8,LTE-M,Op B
11190,1,Mark-2,"Würzburg, Germany",Quectel_BG96,262,Germany,de,8,LTE-M,Op B
11193,1,Mark-2,"Würzburg, Germany",Quectel_BG96,262,Germany,de,8,LTE-M,Op B
11195,1,Mark-2,"Würzburg, Germany",Quectel_BG96,262,Germany,de,8,LTE-M,Op B
11197,1,Mark-2,"Würzburg, Germany",Quectel_BG96,262,Germany,de,8,LTE-M,Op B
11200,1,Mark-2,"Würzburg, Germany",Quectel_BG96,262,Germany,de,8,LTE-M,Op B
11203,1,Mark-2,"Würzburg, Germany",Quectel_BG96,262,Germany,de,8,LTE-M,Op B
11209,1,Mark-2,"Würzburg, Germany",Quectel_BG96,262,Germany,de,8,LTE-M,Op B
11211,1,Mark-2,"Würzburg, Germany",Quectel_BG96,262,Germany,de,8,LTE-M,Op B
11212,1,Mark-2,"Würzburg, Germany",Quectel_BG96,262,Germany,de,8,LTE-M,Op B
11213,1,Mark-2,"Würzburg, Germany",Quectel_BG96,262,Germany,de,8,LTE-M,Op B
11220,1,Mark-2,"Würzburg, Germany",Quectel_BG96,262,Germany,de,8,LTE-M,Op B
11222,1,Mark-2,"Würzburg, Germany",Quectel_BG96,262,Germany,de,8,LTE-M,Op B
11223,1,Mark-2,"Würzburg, Germany",Quectel_BG96,262,Germany,de,8,LTE-M,Op B
11227,1,Mark-2,"Würzburg, Germany",Quectel_BG96,262,Germany,de,8,LTE-M,Op B
11229,1,Mark-2,"Würzburg, Germany",Quectel_BG96,262,Germany,de,8,LTE-M,Op B
11236,1,Mark-2,"Würzburg, Germany",Quectel_BG96,262,Germany,de,8,LTE-M,Op B
11239,1,Mark-2,"Würzburg, Germany",Quectel_BG96,262,Germany,de,8,LTE-M,Op B
11240,1,Mark-2,"Würzburg, Germany",Quectel_BG96,262,Germany,de,8,LTE-M,Op B
13209,1,Mark-5,"Würzburg, Germany",Quectel_BG96,262,Germany,de,8,LTE-M,Op B
13210,1,Mark-5,"Würzburg, Germany",Quectel_BG96,262,Germany,de,8,LTE-M,Op B
13214,1,Mark-5,"Würzburg, Germany",Quectel_BG96,262,Germany,de,8,LTE-M,Op B
13221,1,Mark-5,"Würzburg, Germany",Quectel_BG96,262,Germany,de,8,LTE-M,Op B
13224,1,Mark-5,"Würzburg, Germany",Quectel_BG96,262,Germany,de,8,LTE-M,Op B
13226,1,Mark-5,"Würzburg, Germany",Quectel_BG96,262,Germany,de,8,LTE-M,Op B
13228,1,Mark-5,"Würzburg, Germany",Quectel_BG96,262,Germany,de,8,LTE-M,Op B
13409,1,Mark-4,"Würzburg, Germany",Quectel_BG96,262,Germany,de,8,LTE-M,Op B
14091,1,Mark-1,"Würzburg, Germany",Quectel_BG96,262,Germany,de,8,LTE-M,Op B
14110,1,Mark-4,"Würzburg, Germany",Quectel_BG96,262,Germany,de,8,LTE-M,Op B
14117,1,Mark-4,"Würzburg, Germany",Quectel_BG96,262,Germany,de,8,LTE-M,Op B
14129,1,Mark-4,"Würzburg, Germany",Quectel_BG96,262,Germany,de,8,LTE-M,Op B
14131,1,Mark-4,"Würzburg, Germany",Quectel_BG96,262,Germany,de,8,LTE-M,Op B
14150,1,Mark-4,"Würzburg, Germany",Quectel_BG96,262,Germany,de,8,LTE-M,Op B
14151,1,Mark-4,"Würzburg, Germany",Quectel_BG96,262,Germany,de,8,LTE-M,Op B
14155,1,Mark-4,"Würzburg, Germany",Quectel_BG96,262,Germany,de,8,LTE-M,Op B
14157,1,Mark-4,"Würzburg, Germany",Quectel_BG96,262,Germany,de,8,LTE-M,Op B
14158,1,Mark-4,"Würzburg, Germany",Quectel_BG96,262,Germany,de,8,LTE-M,Op B
14161,1,Mark-4,"Würzburg, Germany",Quectel_BG96,262,Germany,de,8,LTE-M,Op B
14171,1,Mark-4,"Würzburg, Germany",Quectel_BG96,262,Germany,de,8,LTE-M,Op B
14175,1,Mark-4,"Würzburg, Germany",Quectel_BG96,262,Germany,de,8,LTE-M,Op B
14176,1,Mark-4,"Würzburg, Germany",Quectel_BG96,262,Germany,de,8,LTE-M,Op B
14191,1,Mark-4,"Würzburg, Germany",Quectel_BG96,262,Germany,de,8,LTE-M,Op B
14200,1,Mark-4,"Würzburg, Germany",Quectel_BG96,262,Germany,de,8,LTE-M,Op B
14201,1,Mark-4,"Würzburg, Germany",Quectel_BG96,262,Germany,de,8,LTE-M,Op B
14202,1,Mark-4,"Würzburg, Germany",Quectel_BG96,262,Germany,de,8,LTE-M,Op B
14204,1,Mark-4,"Würzburg, Germany",Quectel_BG96,262,Germany,de,8,LTE-M,Op B
14215,1,Mark-4,"Würzburg, Germany",Quectel_BG96,262,Germany,de,8,LTE-M,Op B
14228,1,Mark-4,"Würzburg, Germany",Quectel_BG96,262,Germany,de,8,LTE-M,Op B
14229,1,Mark-4,"Würzburg, Germany",Quectel_BG96,262,Germany,de,8,LTE-M,Op B
14230,1,Mark-4,"Würzburg, Germany",Quectel_BG96,262,Germany,de,8,LTE-M,Op B
14235,1,Mark-4,"Würzburg, Germany",Quectel_BG96,262,Germany,de,8,LTE-M,Op B
14239,1,Mark-4,"Würzburg, Germany",Quectel_BG96,262,Germany,de,8,LTE-M,Op B
14243,1,Mark-4,"Würzburg, Germany",Quectel_BG96,262,Germany,de,8,LTE-M,Op B
14244,1,Mark-4,"Würzburg, Germany",Quectel_BG96,262,Germany,de,8,LTE-M,Op B
14245,1,Mark-4,"Würzburg, Germany",Quectel_BG96,262,Germany,de,8,LTE-M,Op B
14254,1,Mark-4,"Würzburg, Germany",Quectel_BG96,262,Germany,de,8,LTE-M,Op B
14258,1,Mark-4,"Würzburg, Germany",Quectel_BG96,262,Germany,de,8,LTE-M,Op B
14259,1,Mark-4,"Würzburg, Germany",Quectel_BG96,262,Germany,de,8,LTE-M,Op B
14260,1,Mark-4,"Würzburg, Germany",Quectel_BG96,262,Germany,de,8,LTE-M,Op B
14263,1,Mark-4,"Würzburg, Germany",Quectel_BG96,262,Germany,de,8,LTE-M,Op B
14267,1,Mark-4,"Würzburg, Germany",Quectel_BG96,262,Germany,de,8,LTE-M,Op B
14273,1,Mark-4,"Würzburg, Germany",Quectel_BG96,262,Germany,de,8,LTE-M,Op B
14281,1,Mark-4,"Würzburg, Germany",Quectel_BG96,262,Germany,de,8,LTE-M,Op B
14295,1,Mark-4,"Würzburg, Germany",Quectel_BG96,262,Germany,de,8,LTE-M,Op B
14297,1,Mark-4,"Würzburg, Germany",Quectel_BG96,262,Germany,de,8,LTE-M,Op B
14315,1,Mark-2,"Würzburg, Germany",Quectel_BG96,262,Germany,de,8,LTE-M,Op B
14316,1,Mark-2,"Würzburg, Germany",Quectel_BG96,262,Germany,de,8,LTE-M,Op B
14321,1,Mark-2,"Würzburg, Germany",Quectel_BG96,262,Germany,de,8,LTE-M,Op B
14325,1,Mark-2,"Würzburg, Germany",Quectel_BG96,262,Germany,de,8,LTE-M,Op B
14326,1,Mark-2,"Würzburg, Germany",Quectel_BG96,262,Germany,de,8,LTE-M,Op B
14330,1,Mark-2,"Würzburg, Germany",Quectel_BG96,262,Germany,de,8,LTE-M,Op B
14339,1,Mark-2,"Würzburg, Germany",Quectel_BG96,262,Germany,de,8,LTE-M,Op B
14341,1,Mark-2,"Würzburg, Germany",Quectel_BG96,262,Germany,de,8,LTE-M,Op B
14344,1,Mark-2,"Würzburg, Germany",Quectel_BG96,262,Germany,de,8,LTE-M,Op B
14349,1,Mark-2,"Würzburg, Germany",Quectel_BG96,262,Germany,de,8,LTE-M,Op B
14350,1,Mark-2,"Würzburg, Germany",Quectel_BG96,262,Germany,de,8,LTE-M,Op B
14351,1,Mark-2,"Würzburg, Germany",Quectel_BG96,262,Germany,de,8,LTE-M,Op B
14353,1,Mark-2,"Würzburg, Germany",Quectel_BG96,262,Germany,de,8,LTE-M,Op B
14359,1,Mark-2,"Würzburg, Germany",Quectel_BG96,262,Germany,de,8,LTE-M,Op B
14360,1,Mark-2,"Würzburg, Germany",Quectel_BG96,262,Germany,de,8,LTE-M,Op B
14363,1,Mark-2,"Würzburg, Germany",Quectel_BG96,262,Germany,de,8,LTE-M,Op B
14364,1,Mark-2,"Würzburg, Germany",Quectel_BG96,262,Germany,de,8,LTE-M,Op B
14365,1,Mark-2,"Würzburg, Germany",Quectel_BG96,262,Germany,de,8,LTE-M,Op B
14368,1,Mark-2,"Würzburg, Germany",Quectel_BG96,262,Germany,de,8,LTE-M,Op B
14369,1,Mark-2,"Würzburg, Germany",Quectel_BG96,262,Germany,de,8,LTE-M,Op B
14376,1,Mark-2,"Würzburg, Germany",Quectel_BG96,262,Germany,de,8,LTE-M,Op B
14377,1,Mark-2,"Würzburg, Germany",Quectel_BG96,262,Germany,de,8,LTE-M,Op B
14383,1,Mark-2,"Würzburg, Germany",Quectel_BG96,262,Germany,de,8,LTE-M,Op B
14386,1,Mark-2,"Würzburg, Germany",Quectel_BG96,262,Germany,de,8,LTE-M,Op B
14387,1,Mark-2,"Würzburg, Germany",Quectel_BG96,262,Germany,de,8,LTE-M,Op B
14392,1,Mark-2,"Würzburg, Germany",Quectel_BG96,262,Germany,de,8,LTE-M,Op B
14393,1,Mark-2,"Würzburg, Germany",Quectel_BG96,262,Germany,de,8,LTE-M,Op B
14406,1,Mark-2,"Würzburg, Germany",Quectel_BG96,262,Germany,de,8,LTE-M,Op B
14411,1,Mark-2,"Würzburg, Germany",Quectel_BG96,262,Germany,de,8,LTE-M,Op B
14423,1,Mark-2,"Würzburg, Germany",Quectel_BG96,262,Germany,de,8,LTE-M,Op B
14428,1,Mark-2,"Würzburg, Germany",Quectel_BG96,262,Germany,de,8,LTE-M,Op B
14436,1,Mark-2,"Würzburg, Germany",Quectel_BG96,262,Germany,de,8,LTE-M,Op B
14437,1,Mark-2,"Würzburg, Germany",Quectel_BG96,262,Germany,de,8,LTE-M,Op B
14445,1,Mark-2,"Würzburg, Germany",Quectel_BG96,262,Germany,de,8,LTE-M,Op B
14446,1,Mark-2,"Würzburg, Germany",Quectel_BG96,262,Germany,de,8,LTE-M,Op B
14447,1,Mark-2,"Würzburg, Germany",Quectel_BG96,262,Germany,de,8,LTE-M,Op B
14451,1,Mark-2,"Würzburg, Germany",Quectel_BG96,262,Germany,de,8,LTE-M,Op B
14456,1,Mark-2,"Würzburg, Germany",Quectel_BG96,262,Germany,de,8,LTE-M,Op B
14462,1,Mark-2,"Würzburg, Germany",Quectel_BG96,262,Germany,de,8,LTE-M,Op B
14465,1,Mark-2,"Würzburg, Germany",Quectel_BG96,262,Germany,de,8,LTE-M,Op B
14467,1,Mark-2,"Würzburg, Germany",Quectel_BG96,262,Germany,de,8,LTE-M,Op B
14470,1,Mark-2,"Würzburg, Germany",Quectel_BG96,262,Germany,de,8,LTE-M,Op B
14477,1,Mark-2,"Würzburg, Germany",Quectel_BG96,262,Germany,de,8,LTE-M,Op B
14480,1,Mark-2,"Würzburg, Germany",Quectel_BG96,262,Germany,de,8,LTE-M,Op B
14481,1,Mark-2,"Würzburg, Germany",Quectel_BG96,262,Germany,de,8,LTE-M,Op B
14488,1,Mark-2,"Würzburg, Germany",Quectel_BG96,262,Germany,de,8,LTE-M,Op B
14489,1,Mark-2,"Würzburg, Germany",Quectel_BG96,262,Germany,de,8,LTE-M,Op B
14496,1,Mark-2,"Würzburg, Germany",Quectel_BG96,262,Germany,de,8,LTE-M,Op B
14502,1,Mark-2,"Würzburg, Germany",Quectel_BG96,262,Germany,de,8,LTE-M,Op B
15458,1,Mark-2,"Würzburg, Germany",Quectel_BG96,262,Germany,de,8,LTE-M,Op B
15458,2,Mark-2,"Würzburg, Germany",Quectel_BG96,262,Germany,de,8,LTE-M,Op B
15458,3,Mark-2,"Würzburg, Germany",Quectel_BG96,262,Germany,de,8,LTE-M,Op B
15458,4,Mark-2,"Würzburg, Germany",Quectel_BG96,262,Germany,de,8,LTE-M,Op B
15458,5,Mark-2,"Würzburg, Germany",Quectel_BG96,262,Germany,de,8,LTE-M,Op B
15459,1,Mark-2,"Würzburg, Germany",Quectel_BG96,262,Germany,de,8,LTE-M,Op B
15459,2,Mark-2,"Würzburg, Germany",Quectel_BG96,262,Germany,de,8,LTE-M,Op B
15459,3,Mark-2,"Würzburg, Germany",Quectel_BG96,262,Germany,de,8,LTE-M,Op B
15459,4,Mark-2,"Würzburg, Germany",Quectel_BG96,262,Germany,de,8,LTE-M,Op B
15459,5,Mark-2,"Würzburg, Germany",Quectel_BG96,262,Germany,de,8,LTE-M,Op B
15460,1,Mark-2,"Würzburg, Germany",Quectel_BG96,262,Germany,de,8,LTE-M,Op B
15460,2,Mark-2,"Würzburg, Germany",Quectel_BG96,262,Germany,de,8,LTE-M,Op B
15460,3,Mark-2,"Würzburg, Germany",Quectel_BG96,262,Germany,de,8,LTE-M,Op B
15460,4,Mark-2,"Würzburg, Germany",Quectel_BG96,262,Germany,de,8,LTE-M,Op B
15460,5,Mark-2,"Würzburg, Germany",Quectel_BG96,262,Germany,de,8,LTE-M,Op B
15461,1,Mark-2,"Würzburg, Germany",Quectel_BG96,262,Germany,de,8,LTE-M,Op B
15461,2,Mark-2,"Würzburg, Germany",Quectel_BG96,262,Germany,de,8,LTE-M,Op B
15461,3,Mark-2,"Würzburg, Germany",Quectel_BG96,262,Germany,de,8,LTE-M,Op B
15461,4,Mark-2,"Würzburg, Germany",Quectel_BG96,262,Germany,de,8,LTE-M,Op B
15461,5,Mark-2,"Würzburg, Germany",Quectel_BG96,262,Germany,de,8,LTE-M,Op B
15462,1,Mark-2,"Würzburg, Germany",Quectel_BG96,262,Germany,de,8,LTE-M,Op B
15462,2,Mark-2,"Würzburg, Germany",Quectel_BG96,262,Germany,de,8,LTE-M,Op B
15462,3,Mark-2,"Würzburg, Germany",Quectel_BG96,262,Germany,de,8,LTE-M,Op B
15462,4,Mark-2,"Würzburg, Germany",Quectel_BG96,262,Germany,de,8,LTE-M,Op B
15462,5,Mark-2,"Würzburg, Germany",Quectel_BG96,262,Germany,de,8,LTE-M,Op B
15463,1,Mark-2,"Würzburg, Germany",Quectel_BG96,262,Germany,de,8,LTE-M,Op B
15463,2,Mark-2,"Würzburg, Germany",Quectel_BG96,262,Germany,de,8,LTE-M,Op B
15463,3,Mark-2,"Würzburg, Germany",Quectel_BG96,262,Germany,de,8,LTE-M,Op B
15463,4,Mark-2,"Würzburg, Germany",Quectel_BG96,262,Germany,de,8,LTE-M,Op B
15463,5,Mark-2,"Würzburg, Germany",Quectel_BG96,262,Germany,de,8,LTE-M,Op B
15464,1,Mark-2,"Würzburg, Germany",Quectel_BG96,262,Germany,de,8,LTE-M,Op B
15464,2,Mark-2,"Würzburg, Germany",Quectel_BG96,262,Germany,de,8,LTE-M,Op B
15464,3,Mark-2,"Würzburg, Germany",Quectel_BG96,262,Germany,de,8,LTE-M,Op B
15464,4,Mark-2,"Würzburg, Germany",Quectel_BG96,262,Germany,de,8,LTE-M,Op B
15464,5,Mark-2,"Würzburg, Germany",Quectel_BG96,262,Germany,de,8,LTE-M,Op B
15465,1,Mark-2,"Würzburg, Germany",Quectel_BG96,262,Germany,de,8,LTE-M,Op B
15465,2,Mark-2,"Würzburg, Germany",Quectel_BG96,262,Germany,de,8,LTE-M,Op B
15465,3,Mark-2,"Würzburg, Germany",Quectel_BG96,262,Germany,de,8,LTE-M,Op B
15465,4,Mark-2,"Würzburg, Germany",Quectel_BG96,262,Germany,de,8,LTE-M,Op B
15465,5,Mark-2,"Würzburg, Germany",Quectel_BG96,262,Germany,de,8,LTE-M,Op B
15466,1,Mark-2,"Würzburg, Germany",Quectel_BG96,262,Germany,de,8,LTE-M,Op B
15466,2,Mark-2,"Würzburg, Germany",Quectel_BG96,262,Germany,de,8,LTE-M,Op B
15466,3,Mark-2,"Würzburg, Germany",Quectel_BG96,262,Germany,de,8,LTE-M,Op B
15466,4,Mark-2,"Würzburg, Germany",Quectel_BG96,262,Germany,de,8,LTE-M,Op B
15466,5,Mark-2,"Würzburg, Germany",Quectel_BG96,262,Germany,de,8,LTE-M,Op B
15467,1,Mark-2,"Würzburg, Germany",Quectel_BG96,262,Germany,de,8,LTE-M,Op B
15467,2,Mark-2,"Würzburg, Germany",Quectel_BG96,262,Germany,de,8,LTE-M,Op B
15467,3,Mark-2,"Würzburg, Germany",Quectel_BG96,262,Germany,de,8,LTE-M,Op B
15467,4,Mark-2,"Würzburg, Germany",Quectel_BG96,262,Germany,de,8,LTE-M,Op B
15467,5,Mark-2,"Würzburg, Germany",Quectel_BG96,262,Germany,de,8,LTE-M,Op B
15468,1,Mark-2,"Würzburg, Germany",Quectel_BG96,262,Germany,de,8,LTE-M,Op B
15468,2,Mark-2,"Würzburg, Germany",Quectel_BG96,262,Germany,de,8,LTE-M,Op B
15468,3,Mark-2,"Würzburg, Germany",Quectel_BG96,262,Germany,de,8,LTE-M,Op B
15468,4,Mark-2,"Würzburg, Germany",Quectel_BG96,262,Germany,de,8,LTE-M,Op B
15468,5,Mark-2,"Würzburg, Germany",Quectel_BG96,262,Germany,de,8,LTE-M,Op B
15469,1,Mark-2,"Würzburg, Germany",Quectel_BG96,262,Germany,de,8,LTE-M,Op B
15469,2,Mark-2,"Würzburg, Germany",Quectel_BG96,262,Germany,de,8,LTE-M,Op B
15469,3,Mark-2,"Würzburg, Germany",Quectel_BG96,262,Germany,de,8,LTE-M,Op B
15469,4,Mark-2,"Würzburg, Germany",Quectel_BG96,262,Germany,de,8,LTE-M,Op B
15469,5,Mark-2,"Würzburg, Germany",Quectel_BG96,262,Germany,de,8,LTE-M,Op B
15470,1,Mark-2,"Würzburg, Germany",Quectel_BG96,262,Germany,de,8,LTE-M,Op B
15470,2,Mark-2,"Würzburg, Germany",Quectel_BG96,262,Germany,de,8,LTE-M,Op B
15470,3,Mark-2,"Würzburg, Germany",Quectel_BG96,262,Germany,de,8,LTE-M,Op B
15470,4,Mark-2,"Würzburg, Germany",Quectel_BG96,262,Germany,de,8,LTE-M,Op B
15470,5,Mark-2,"Würzburg, Germany",Quectel_BG96,262,Germany,de,8,LTE-M,Op B
15471,1,Mark-2,"Würzburg, Germany",Quectel_BG96,262,Germany,de,8,LTE-M,Op B
15471,2,Mark-2,"Würzburg, Germany",Quectel_BG96,262,Germany,de,8,LTE-M,Op B
15471,3,Mark-2,"Würzburg, Germany",Quectel_BG96,262,Germany,de,8,LTE-M,Op B
15471,4,Mark-2,"Würzburg, Germany",Quectel_BG96,262,Germany,de,8,LTE-M,Op B
15471,5,Mark-2,"Würzburg, Germany",Quectel_BG96,262,Germany,de,8,LTE-M,Op B
15472,1,Mark-2,"Würzburg, Germany",Quectel_BG96,262,Germany,de,8,LTE-M,Op B
15472,2,Mark-2,"Würzburg, Germany",Quectel_BG96,262,Germany,de,8,LTE-M,Op B
15472,3,Mark-2,"Würzburg, Germany",Quectel_BG96,262,Germany,de,8,LTE-M,Op B
15472,4,Mark-2,"Würzburg, Germany",Quectel_BG96,262,Germany,de,8,LTE-M,Op B
15472,5,Mark-2,"Würzburg, Germany",Quectel_BG96,262,Germany,de,8,LTE-M,Op B
15473,1,Mark-2,"Würzburg, Germany",Quectel_BG96,262,Germany,de,8,LTE-M,Op B
15473,2,Mark-2,"Würzburg, Germany",Quectel_BG96,262,Germany,de,8,LTE-M,Op B
15473,3,Mark-2,"Würzburg, Germany",Quectel_BG96,262,Germany,de,8,LTE-M,Op B
15473,4,Mark-2,"Würzburg, Germany",Quectel_BG96,262,Germany,de,8,LTE-M,Op B
15473,5,Mark-2,"Würzburg, Germany",Quectel_BG96,262,Germany,de,8,LTE-M,Op B
15474,1,Mark-2,"Würzburg, Germany",Quectel_BG96,262,Germany,de,8,LTE-M,Op B
15474,2,Mark-2,"Würzburg, Germany",Quectel_BG96,262,Germany,de,8,LTE-M,Op B
15474,3,Mark-2,"Würzburg, Germany",Quectel_BG96,262,Germany,de,8,LTE-M,Op B
15474,4,Mark-2,"Würzburg, Germany",Quectel_BG96,262,Germany,de,8,LTE-M,Op B
15474,5,Mark-2,"Würzburg, Germany",Quectel_BG96,262,Germany,de,8,LTE-M,Op B
15475,1,Mark-2,"Würzburg, Germany",Quectel_BG96,262,Germany,de,8,LTE-M,Op B
15475,2,Mark-2,"Würzburg, Germany",Quectel_BG96,262,Germany,de,8,LTE-M,Op B
15475,3,Mark-2,"Würzburg, Germany",Quectel_BG96,262,Germany,de,8,LTE-M,Op B
15475,4,Mark-2,"Würzburg, Germany",Quectel_BG96,262,Germany,de,8,LTE-M,Op B
15475,5,Mark-2,"Würzburg, Germany",Quectel_BG96,262,Germany,de,8,LTE-M,Op B
15476,1,Mark-2,"Würzburg, Germany",Quectel_BG96,262,Germany,de,8,LTE-M,Op B
15476,2,Mark-2,"Würzburg, Germany",Quectel_BG96,262,Germany,de,8,LTE-M,Op B
15476,3,Mark-2,"Würzburg, Germany",Quectel_BG96,262,Germany,de,8,LTE-M,Op B
15476,4,Mark-2,"Würzburg, Germany",Quectel_BG96,262,Germany,de,8,LTE-M,Op B
15476,5,Mark-2,"Würzburg, Germany",Quectel_BG96,262,Germany,de,8,LTE-M,Op B
15477,1,Mark-2,"Würzburg, Germany",Quectel_BG96,262,Germany,de,8,LTE-M,Op B
15477,2,Mark-2,"Würzburg, Germany",Quectel_BG96,262,Germany,de,8,LTE-M,Op B
15477,3,Mark-2,"Würzburg, Germany",Quectel_BG96,262,Germany,de,8,LTE-M,Op B
15477,4,Mark-2,"Würzburg, Germany",Quectel_BG96,262,Germany,de,8,LTE-M,Op B
15477,5,Mark-2,"Würzburg, Germany",Quectel_BG96,262,Germany,de,8,LTE-M,Op B
15945,1,Mark-2,"Würzburg, Germany",Quectel_BG96,262,Germany,de,8,LTE-M,Op B
15946,1,Mark-2,"Würzburg, Germany",Quectel_BG96,262,Germany,de,8,LTE-M,Op B
15947,1,Mark-2,"Würzburg, Germany",Quectel_BG96,262,Germany,de,8,LTE-M,Op B
16496,1,Mark-5,"Würzburg, Germany",Quectel_BG96,262,Germany,de,8,LTE-M,Op B
16498,1,Mark-1,"Würzburg, Germany",Quectel_BG96,262,Germany,de,8,LTE-M,Op B
16499,1,Mark-2,"Würzburg, Germany",Quectel_BG96,262,Germany,de,8,LTE-M,Op B
16628,1,Mark-2,"Würzburg, Germany",Quectel_BG96,262,Germany,de,8,LTE-M,Op B
16629,1,Mark-2,"Würzburg, Germany",Quectel_BG96,262,Germany,de,8,LTE-M,Op B
16630,1,Mark-2,"Würzburg, Germany",Quectel_BG96,262,Germany,de,8,LTE-M,Op B
16631,1,Mark-2,"Würzburg, Germany",Quectel_BG96,262,Germany,de,8,LTE-M,Op B
16632,1,Mark-2,"Würzburg, Germany",Quectel_BG96,262,Germany,de,8,LTE-M,Op B
16633,1,Mark-2,"Würzburg, Germany",Quectel_BG96,262,Germany,de,8,LTE-M,Op B
16634,1,Mark-2,"Würzburg, Germany",Quectel_BG96,262,Germany,de,8,LTE-M,Op B
16635,1,Mark-2,"Würzburg, Germany",Quectel_BG96,262,Germany,de,8,LTE-M,Op B
16636,1,Mark-2,"Würzburg, Germany",Quectel_BG96,262,Germany,de,8,LTE-M,Op B
16637,1,Mark-2,"Würzburg, Germany",Quectel_BG96,262,Germany,de,8,LTE-M,Op B
16638,1,Mark-2,"Würzburg, Germany",Quectel_BG96,262,Germany,de,8,LTE-M,Op B
16639,1,Mark-2,"Würzburg, Germany",Quectel_BG96,262,Germany,de,8,LTE-M,Op B
16652,1,Mark-1,"Würzburg, Germany",Quectel_BG96,262,Germany,de,8,LTE-M,Op B
16653,1,Mark-1,"Würzburg, Germany",Quectel_BG96,262,Germany,de,8,LTE-M,Op B
16654,1,Mark-1,"Würzburg, Germany",Quectel_BG96,262,Germany,de,8,LTE-M,Op B
16655,1,Mark-1,"Würzburg, Germany",Quectel_BG96,262,Germany,de,8,LTE-M,Op B
16656,1,Mark-1,"Würzburg, Germany",Quectel_BG96,262,Germany,de,8,LTE-M,Op B
16657,1,Mark-1,"Würzburg, Germany",Quectel_BG96,262,Germany,de,8,LTE-M,Op B
16658,1,Mark-1,"Würzburg, Germany",Quectel_BG96,262,Germany,de,8,LTE-M,Op B
16659,1,Mark-1,"Würzburg, Germany",Quectel_BG96,262,Germany,de,8,LTE-M,Op B
16660,1,Mark-1,"Würzburg, Germany",Quectel_BG96,262,Germany,de,8,LTE-M,Op B
16661,1,Mark-1,"Würzburg, Germany",Quectel_BG96,262,Germany,de,8,LTE-M,Op B
16662,1,Mark-1,"Würzburg, Germany",Quectel_BG96,262,Germany,de,8,LTE-M,Op B
16663,1,Mark-1,"Würzburg, Germany",Quectel_BG96,262,Germany,de,8,LTE-M,Op B
19797,1,Mark-4,"Würzburg, Germany",Quectel_BG96,262,Germany,de,8,LTE-M,Op B
20466,1,Mark-4,"Würzburg, Germany",Quectel_BG96,262,Germany,de,8,LTE-M,Op B
20492,1,Mark-6,"Munich, Germany",Quectel_BG96,262,Germany,de,8,LTE-M,Op B
20741,1,Mark-6,"Munich, Germany",Quectel_BG96,262,Germany,de,8,LTE-M,Op B
20768,1,Mark-6,"Munich, Germany",Quectel_BG96,262,Germany,de,8,LTE-M,Op B
20795,1,Mark-6,"Munich, Germany",Quectel_BG96,262,Germany,de,8,LTE-M,Op B
20822,1,Mark-6,"Munich, Germany",Quectel_BG96,262,Germany,de,8,LTE-M,Op B
20849,1,Mark-6,"Munich, Germany",Quectel_BG96,262,Germany,de,8,LTE-M,Op B
20930,1,Mark-6,"Munich, Germany",Quectel_BG96,262,Germany,de,8,LTE-M,Op B
20957,1,Mark-6,"Munich, Germany",Quectel_BG96,262,Germany,de,8,LTE-M,Op B
20984,1,Mark-6,"Munich, Germany",Quectel_BG96,262,Germany,de,8,LTE-M,Op B
22796,1,Mark-6,"Munich, Germany",Quectel_BG96,262,Germany,de,8,LTE-M,Op B
22994,1,Mark-6,"Munich, Germany",Quectel_BG96,262,Germany,de,8,LTE-M,Op B
23191,1,Mark-6,"Munich, Germany",Quectel_BG96,262,Germany,de,8,LTE-M,Op B
23250,1,Mark-6,"Munich, Germany",Quectel_BG96,262,Germany,de,8,LTE-M,Op B
23529,1,Mark-4,"Würzburg, Germany",Quectel_BG96,262,Germany,de,8,LTE-M,Op B
23530,1,Mark-4,"Würzburg, Germany",Quectel_BG96,262,Germany,de,8,LTE-M,Op B
23572,1,Mark-6,"Munich, Germany",Quectel_BG96,262,Germany,de,8,LTE-M,Op B
24700,1,Mark-4,"Würzburg, Germany",Quectel_BG96,262,Germany,de,8,LTE-M,Op B
24701,1,Mark-4,"Würzburg, Germany",Quectel_BG96,262,Germany,de,8,LTE-M,Op B
24702,1,Mark-4,"Würzburg, Germany",Quectel_BG96,262,Germany,de,8,LTE-M,Op B
24703,1,Mark-4,"Würzburg, Germany",Quectel_BG96,262,Germany,de,8,LTE-M,Op B
24704,1,Mark-4,"Würzburg, Germany",Quectel_BG96,262,Germany,de,8,LTE-M,Op B
24705,1,Mark-4,"Würzburg, Germany",Quectel_BG96,262,Germany,de,8,LTE-M,Op B
24706,1,Mark-4,"Würzburg, Germany",Quectel_BG96,262,Germany,de,8,LTE-M,Op B
24707,1,Mark-4,"Würzburg, Germany",Quectel_BG96,262,Germany,de,8,LTE-M,Op B
10010,1,Mark-1,"Würzburg, Germany",Quectel_BG96,262,Germany,de,9,NB-IoT,Op B
10014,1,Mark-1,"Würzburg, Germany",Quectel_BG96,262,Germany,de,9,NB-IoT,Op B
10015,1,Mark-1,"Würzburg, Germany",Quectel_BG96,262,Germany,de,9,NB-IoT,Op B
10027,1,Mark-1,"Würzburg, Germany",Quectel_BG96,262,Germany,de,9,NB-IoT,Op B
10028,1,Mark-1,"Würzburg, Germany",Quectel_BG96,262,Germany,de,9,NB-IoT,Op B
10029,1,Mark-1,"Würzburg, Germany",Quectel_BG96,262,Germany,de,9,NB-IoT,Op B
10030,1,Mark-1,"Würzburg, Germany",Quectel_BG96,262,Germany,de,9,NB-IoT,Op B
10032,1,Mark-1,"Würzburg, Germany",Quectel_BG96,262,Germany,de,9,NB-IoT,Op B
10034,1,Mark-1,"Würzburg, Germany",Quectel_BG96,262,Germany,de,9,NB-IoT,Op B
10039,1,Mark-1,"Würzburg, Germany",Quectel_BG96,262,Germany,de,9,NB-IoT,Op B
10042,1,Mark-1,"Würzburg, Germany",Quectel_BG96,262,Germany,de,9,NB-IoT,Op B
10043,1,Mark-1,"Würzburg, Germany",Quectel_BG96,262,Germany,de,9,NB-IoT,Op B
10044,1,Mark-1,"Würzburg, Germany",Quectel_BG96,262,Germany,de,9,NB-IoT,Op B
10045,1,Mark-1,"Würzburg, Germany",Quectel_BG96,262,Germany,de,9,NB-IoT,Op B
10647,1,Mark-5,"Würzburg, Germany",Quectel_BG96,262,Germany,de,9,NB-IoT,Op B
10650,1,Mark-5,"Würzburg, Germany",Quectel_BG96,262,Germany,de,9,NB-IoT,Op B
10651,1,Mark-5,"Würzburg, Germany",Quectel_BG96,262,Germany,de,9,NB-IoT,Op B
10652,1,Mark-5,"Würzburg, Germany",Quectel_BG96,262,Germany,de,9,NB-IoT,Op B
10656,1,Mark-5,"Würzburg, Germany",Quectel_BG96,262,Germany,de,9,NB-IoT,Op B
10661,1,Mark-5,"Würzburg, Germany",Quectel_BG96,262,Germany,de,9,NB-IoT,Op B
10664,1,Mark-5,"Würzburg, Germany",Quectel_BG96,262,Germany,de,9,NB-IoT,Op B
10667,1,Mark-5,"Würzburg, Germany",Quectel_BG96,262,Germany,de,9,NB-IoT,Op B
10668,1,Mark-5,"Würzburg, Germany",Quectel_BG96,262,Germany,de,9,NB-IoT,Op B
10673,1,Mark-5,"Würzburg, Germany",Quectel_BG96,262,Germany,de,9,NB-IoT,Op B
10680,1,Mark-5,"Würzburg, Germany",Quectel_BG96,262,Germany,de,9,NB-IoT,Op B
10689,1,Mark-5,"Würzburg, Germany",Quectel_BG96,262,Germany,de,9,NB-IoT,Op B
10690,1,Mark-5,"Würzburg, Germany",Quectel_BG96,262,Germany,de,9,NB-IoT,Op B
10691,1,Mark-5,"Würzburg, Germany",Quectel_BG96,262,Germany,de,9,NB-IoT,Op B
11046,1,Mark-2,"Würzburg, Germany",Quectel_BG96,262,Germany,de,9,NB-IoT,Op B
11047,1,Mark-2,"Würzburg, Germany",Quectel_BG96,262,Germany,de,9,NB-IoT,Op B
11048,1,Mark-2,"Würzburg, Germany",Quectel_BG96,262,Germany,de,9,NB-IoT,Op B
11049,1,Mark-2,"Würzburg, Germany",Quectel_BG96,262,Germany,de,9,NB-IoT,Op B
11050,1,Mark-2,"Würzburg, Germany",Quectel_BG96,262,Germany,de,9,NB-IoT,Op B
11051,1,Mark-2,"Würzburg, Germany",Quectel_BG96,262,Germany,de,9,NB-IoT,Op B
11055,1,Mark-2,"Würzburg, Germany",Quectel_BG96,262,Germany,de,9,NB-IoT,Op B
11056,1,Mark-2,"Würzburg, Germany",Quectel_BG96,262,Germany,de,9,NB-IoT,Op B
11060,1,Mark-2,"Würzburg, Germany",Quectel_BG96,262,Germany,de,9,NB-IoT,Op B
11061,1,Mark-2,"Würzburg, Germany",Quectel_BG96,262,Germany,de,9,NB-IoT,Op B
11062,1,Mark-2,"Würzburg, Germany",Quectel_BG96,262,Germany,de,9,NB-IoT,Op B
11070,1,Mark-2,"Würzburg, Germany",Quectel_BG96,262,Germany,de,9,NB-IoT,Op B
11072,1,Mark-2,"Würzburg, Germany",Quectel_BG96,262,Germany,de,9,NB-IoT,Op B
11074,1,Mark-2,"Würzburg, Germany",Quectel_BG96,262,Germany,de,9,NB-IoT,Op B
11077,1,Mark-2,"Würzburg, Germany",Quectel_BG96,262,Germany,de,9,NB-IoT,Op B
11079,1,Mark-2,"Würzburg, Germany",Quectel_BG96,262,Germany,de,9,NB-IoT,Op B
11080,1,Mark-2,"Würzburg, Germany",Quectel_BG96,262,Germany,de,9,NB-IoT,Op B
11081,1,Mark-2,"Würzburg, Germany",Quectel_BG96,262,Germany,de,9,NB-IoT,Op B
11082,1,Mark-2,"Würzburg, Germany",Quectel_BG96,262,Germany,de,9,NB-IoT,Op B
11083,1,Mark-2,"Würzburg, Germany",Quectel_BG96,262,Germany,de,9,NB-IoT,Op B
11091,1,Mark-2,"Würzburg, Germany",Quectel_BG96,262,Germany,de,9,NB-IoT,Op B
11092,1,Mark-2,"Würzburg, Germany",Quectel_BG96,262,Germany,de,9,NB-IoT,Op B
11093,1,Mark-2,"Würzburg, Germany",Quectel_BG96,262,Germany,de,9,NB-IoT,Op B
11102,1,Mark-2,"Würzburg, Germany",Quectel_BG96,262,Germany,de,9,NB-IoT,Op B
11103,1,Mark-2,"Würzburg, Germany",Quectel_BG96,262,Germany,de,9,NB-IoT,Op B
11104,1,Mark-2,"Würzburg, Germany",Quectel_BG96,262,Germany,de,9,NB-IoT,Op B
11105,1,Mark-2,"Würzburg, Germany",Quectel_BG96,262,Germany,de,9,NB-IoT,Op B
11106,1,Mark-2,"Würzburg, Germany",Quectel_BG96,262,Germany,de,9,NB-IoT,Op B
11107,1,Mark-2,"Würzburg, Germany",Quectel_BG96,262,Germany,de,9,NB-IoT,Op B
11108,1,Mark-2,"Würzburg, Germany",Quectel_BG96,262,Germany,de,9,NB-IoT,Op B
11109,1,Mark-2,"Würzburg, Germany",Quectel_BG96,262,Germany,de,9,NB-IoT,Op B
11114,1,Mark-2,"Würzburg, Germany",Quectel_BG96,262,Germany,de,9,NB-IoT,Op B
11115,1,Mark-2,"Würzburg, Germany",Quectel_BG96,262,Germany,de,9,NB-IoT,Op B
11116,1,Mark-2,"Würzburg, Germany",Quectel_BG96,262,Germany,de,9,NB-IoT,Op B
11119,1,Mark-2,"Würzburg, Germany",Quectel_BG96,262,Germany,de,9,NB-IoT,Op B
11120,1,Mark-2,"Würzburg, Germany",Quectel_BG96,262,Germany,de,9,NB-IoT,Op B
11121,1,Mark-2,"Würzburg, Germany",Quectel_BG96,262,Germany,de,9,NB-IoT,Op B
11122,1,Mark-2,"Würzburg, Germany",Quectel_BG96,262,Germany,de,9,NB-IoT,Op B
11123,1,Mark-2,"Würzburg, Germany",Quectel_BG96,262,Germany,de,9,NB-IoT,Op B
11124,1,Mark-2,"Würzburg, Germany",Quectel_BG96,262,Germany,de,9,NB-IoT,Op B
11133,1,Mark-2,"Würzburg, Germany",Quectel_BG96,262,Germany,de,9,NB-IoT,Op B
11141,1,Mark-2,"Würzburg, Germany",Quectel_BG96,262,Germany,de,9,NB-IoT,Op B
11145,1,Mark-2,"Würzburg, Germany",Quectel_BG96,262,Germany,de,9,NB-IoT,Op B
11147,1,Mark-2,"Würzburg, Germany",Quectel_BG96,262,Germany,de,9,NB-IoT,Op B
11148,1,Mark-2,"Würzburg, Germany",Quectel_BG96,262,Germany,de,9,NB-IoT,Op B
11150,1,Mark-2,"Würzburg, Germany",Quectel_BG96,262,Germany,de,9,NB-IoT,Op B
11156,1,Mark-2,"Würzburg, Germany",Quectel_BG96,262,Germany,de,9,NB-IoT,Op B
11159,1,Mark-2,"Würzburg, Germany",Quectel_BG96,262,Germany,de,9,NB-IoT,Op B
11165,1,Mark-2,"Würzburg, Germany",Quectel_BG96,262,Germany,de,9,NB-IoT,Op B
11166,1,Mark-2,"Würzburg, Germany",Quectel_BG96,262,Germany,de,9,NB-IoT,Op B
11172,1,Mark-2,"Würzburg, Germany",Quectel_BG96,262,Germany,de,9,NB-IoT,Op B
11187,1,Mark-2,"Würzburg, Germany",Quectel_BG96,262,Germany,de,9,NB-IoT,Op B
11189,1,Mark-2,"Würzburg, Germany",Quectel_BG96,262,Germany,de,9,NB-IoT,Op B
11194,1,Mark-2,"Würzburg, Germany",Quectel_BG96,262,Germany,de,9,NB-IoT,Op B
11201,1,Mark-2,"Würzburg, Germany",Quectel_BG96,262,Germany,de,9,NB-IoT,Op B
11204,1,Mark-2,"Würzburg, Germany",Quectel_BG96,262,Germany,de,9,NB-IoT,Op B
11206,1,Mark-2,"Würzburg, Germany",Quectel_BG96,262,Germany,de,9,NB-IoT,Op B
11207,1,Mark-2,"Würzburg, Germany",Quectel_BG96,262,Germany,de,9,NB-IoT,Op B
11208,1,Mark-2,"Würzburg, Germany",Quectel_BG96,262,Germany,de,9,NB-IoT,Op B
11221,1,Mark-2,"Würzburg, Germany",Quectel_BG96,262,Germany,de,9,NB-IoT,Op B
11224,1,Mark-2,"Würzburg, Germany",Quectel_BG96,262,Germany,de,9,NB-IoT,Op B
11228,1,Mark-2,"Würzburg, Germany",Quectel_BG96,262,Germany,de,9,NB-IoT,Op B
11230,1,Mark-2,"Würzburg, Germany",Quectel_BG96,262,Germany,de,9,NB-IoT,Op B
11231,1,Mark-2,"Würzburg, Germany",Quectel_BG96,262,Germany,de,9,NB-IoT,Op B
11232,1,Mark-2,"Würzburg, Germany",Quectel_BG96,262,Germany,de,9,NB-IoT,Op B
11234,1,Mark-2,"Würzburg, Germany",Quectel_BG96,262,Germany,de,9,NB-IoT,Op B
11235,1,Mark-2,"Würzburg, Germany",Quectel_BG96,262,Germany,de,9,NB-IoT,Op B
11238,1,Mark-2,"Würzburg, Germany",Quectel_BG96,262,Germany,de,9,NB-IoT,Op B
11242,1,Mark-2,"Würzburg, Germany",Quectel_BG96,262,Germany,de,9,NB-IoT,Op B
11243,1,Mark-2,"Würzburg, Germany",Quectel_BG96,262,Germany,de,9,NB-IoT,Op B
11245,1,Mark-2,"Würzburg, Germany",Quectel_BG96,262,Germany,de,9,NB-IoT,Op B
13208,1,Mark-5,"Würzburg, Germany",Quectel_BG96,262,Germany,de,9,NB-IoT,Op B
13212,1,Mark-5,"Würzburg, Germany",Quectel_BG96,262,Germany,de,9,NB-IoT,Op B
13213,1,Mark-5,"Würzburg, Germany",Quectel_BG96,262,Germany,de,9,NB-IoT,Op B
13218,1,Mark-5,"Würzburg, Germany",Quectel_BG96,262,Germany,de,9,NB-IoT,Op B
13219,1,Mark-5,"Würzburg, Germany",Quectel_BG96,262,Germany,de,9,NB-IoT,Op B
13222,1,Mark-5,"Würzburg, Germany",Quectel_BG96,262,Germany,de,9,NB-IoT,Op B
13223,1,Mark-5,"Würzburg, Germany",Quectel_BG96,262,Germany,de,9,NB-IoT,Op B
13225,1,Mark-5,"Würzburg, Germany",Quectel_BG96,262,Germany,de,9,NB-IoT,Op B
13229,1,Mark-5,"Würzburg, Germany",Quectel_BG96,262,Germany,de,9,NB-IoT,Op B
13406,1,Mark-4,"Würzburg, Germany",Quectel_BG96,262,Germany,de,9,NB-IoT,Op B
13407,1,Mark-4,"Würzburg, Germany",Quectel_BG96,262,Germany,de,9,NB-IoT,Op B
13408,1,Mark-4,"Würzburg, Germany",Quectel_BG96,262,Germany,de,9,NB-IoT,Op B
13410,1,Mark-4,"Würzburg, Germany",Quectel_BG96,262,Germany,de,9,NB-IoT,Op B
13411,1,Mark-4,"Würzburg, Germany",Quectel_BG96,262,Germany,de,9,NB-IoT,Op B
13412,1,Mark-4,"Würzburg, Germany",Quectel_BG96,262,Germany,de,9,NB-IoT,Op B
13413,1,Mark-4,"Würzburg, Germany",Quectel_BG96,262,Germany,de,9,NB-IoT,Op B
13414,1,Mark-4,"Würzburg, Germany",Quectel_BG96,262,Germany,de,9,NB-IoT,Op B
13415,1,Mark-4,"Würzburg, Germany",Quectel_BG96,262,Germany,de,9,NB-IoT,Op B
13416,1,Mark-4,"Würzburg, Germany",Quectel_BG96,262,Germany,de,9,NB-IoT,Op B
13417,1,Mark-4,"Würzburg, Germany",Quectel_BG96,262,Germany,de,9,NB-IoT,Op B
13418,1,Mark-4,"Würzburg, Germany",Quectel_BG96,262,Germany,de,9,NB-IoT,Op B
13419,1,Mark-4,"Würzburg, Germany",Quectel_BG96,262,Germany,de,9,NB-IoT,Op B
13420,1,Mark-4,"Würzburg, Germany",Quectel_BG96,262,Germany,de,9,NB-IoT,Op B
13421,1,Mark-4,"Würzburg, Germany",Quectel_BG96,262,Germany,de,9,NB-IoT,Op B
13422,1,Mark-4,"Würzburg, Germany",Quectel_BG96,262,Germany,de,9,NB-IoT,Op B
13423,1,Mark-4,"Würzburg, Germany",Quectel_BG96,262,Germany,de,9,NB-IoT,Op B
14061,1,Mark-1,"Würzburg, Germany",Quectel_BG96,262,Germany,de,9,NB-IoT,Op B
14090,1,Mark-1,"Würzburg, Germany",Quectel_BG96,262,Germany,de,9,NB-IoT,Op B
14102,1,Mark-4,"Würzburg, Germany",Quectel_BG96,262,Germany,de,9,NB-IoT,Op B
14103,1,Mark-4,"Würzburg, Germany",Quectel_BG96,262,Germany,de,9,NB-IoT,Op B
14104,1,Mark-4,"Würzburg, Germany",Quectel_BG96,262,Germany,de,9,NB-IoT,Op B
14105,1,Mark-4,"Würzburg, Germany",Quectel_BG96,262,Germany,de,9,NB-IoT,Op B
14106,1,Mark-4,"Würzburg, Germany",Quectel_BG96,262,Germany,de,9,NB-IoT,Op B
14107,1,Mark-4,"Würzburg, Germany",Quectel_BG96,262,Germany,de,9,NB-IoT,Op B
14115,1,Mark-4,"Würzburg, Germany",Quectel_BG96,262,Germany,de,9,NB-IoT,Op B
14116,1,Mark-4,"Würzburg, Germany",Quectel_BG96,262,Germany,de,9,NB-IoT,Op B
14118,1,Mark-4,"Würzburg, Germany",Quectel_BG96,262,Germany,de,9,NB-IoT,Op B
14119,1,Mark-4,"Würzburg, Germany",Quectel_BG96,262,Germany,de,9,NB-IoT,Op B
14120,1,Mark-4,"Würzburg, Germany",Quectel_BG96,262,Germany,de,9,NB-IoT,Op B
14121,1,Mark-4,"Würzburg, Germany",Quectel_BG96,262,Germany,de,9,NB-IoT,Op B
14123,1,Mark-4,"Würzburg, Germany",Quectel_BG96,262,Germany,de,9,NB-IoT,Op B
14124,1,Mark-4,"Würzburg, Germany",Quectel_BG96,262,Germany,de,9,NB-IoT,Op B
14127,1,Mark-4,"Würzburg, Germany",Quectel_BG96,262,Germany,de,9,NB-IoT,Op B
14128,1,Mark-4,"Würzburg, Germany",Quectel_BG96,262,Germany,de,9,NB-IoT,Op B
14130,1,Mark-4,"Würzburg, Germany",Quectel_BG96,262,Germany,de,9,NB-IoT,Op B
14132,1,Mark-4,"Würzburg, Germany",Quectel_BG96,262,Germany,de,9,NB-IoT,Op B
14134,1,Mark-4,"Würzburg, Germany",Quectel_BG96,262,Germany,de,9,NB-IoT,Op B
14135,1,Mark-4,"Würzburg, Germany",Quectel_BG96,262,Germany,de,9,NB-IoT,Op B
14136,1,Mark-4,"Würzburg, Germany",Quectel_BG96,262,Germany,de,9,NB-IoT,Op B
14141,1,Mark-4,"Würzburg, Germany",Quectel_BG96,262,Germany,de,9,NB-IoT,Op B
14153,1,Mark-4,"Würzburg, Germany",Quectel_BG96,262,Germany,de,9,NB-IoT,Op B
14154,1,Mark-4,"Würzburg, Germany",Quectel_BG96,262,Germany,de,9,NB-IoT,Op B
14165,1,Mark-4,"Würzburg, Germany",Quectel_BG96,262,Germany,de,9,NB-IoT,Op B
14166,1,Mark-4,"Würzburg, Germany",Quectel_BG96,262,Germany,de,9,NB-IoT,Op B
14173,1,Mark-4,"Würzburg, Germany",Quectel_BG96,262,Germany,de,9,NB-IoT,Op B
14174,1,Mark-4,"Würzburg, Germany",Quectel_BG96,262,Germany,de,9,NB-IoT,Op B
14180,1,Mark-4,"Würzburg, Germany",Quectel_BG96,262,Germany,de,9,NB-IoT,Op B
14181,1,Mark-4,"Würzburg, Germany",Quectel_BG96,262,Germany,de,9,NB-IoT,Op B
14182,1,Mark-4,"Würzburg, Germany",Quectel_BG96,262,Germany,de,9,NB-IoT,Op B
14183,1,Mark-4,"Würzburg, Germany",Quectel_BG96,262,Germany,de,9,NB-IoT,Op B
14184,1,Mark-4,"Würzburg, Germany",Quectel_BG96,262,Germany,de,9,NB-IoT,Op B
14185,1,Mark-4,"Würzburg, Germany",Quectel_BG96,262,Germany,de,9,NB-IoT,Op B
14186,1,Mark-4,"Würzburg, Germany",Quectel_BG96,262,Germany,de,9,NB-IoT,Op B
14187,1,Mark-4,"Würzburg, Germany",Quectel_BG96,262,Germany,de,9,NB-IoT,Op B
14188,1,Mark-4,"Würzburg, Germany",Quectel_BG96,262,Germany,de,9,NB-IoT,Op B
14189,1,Mark-4,"Würzburg, Germany",Quectel_BG96,262,Germany,de,9,NB-IoT,Op B
14190,1,Mark-4,"Würzburg, Germany",Quectel_BG96,262,Germany,de,9,NB-IoT,Op B
14193,1,Mark-4,"Würzburg, Germany",Quectel_BG96,262,Germany,de,9,NB-IoT,Op B
14194,1,Mark-4,"Würzburg, Germany",Quectel_BG96,262,Germany,de,9,NB-IoT,Op B
14195,1,Mark-4,"Würzburg, Germany",Quectel_BG96,262,Germany,de,9,NB-IoT,Op B
14196,1,Mark-4,"Würzburg, Germany",Quectel_BG96,262,Germany,de,9,NB-IoT,Op B
14197,1,Mark-4,"Würzburg, Germany",Quectel_BG96,262,Germany,de,9,NB-IoT,Op B
14206,1,Mark-4,"Würzburg, Germany",Quectel_BG96,262,Germany,de,9,NB-IoT,Op B
14208,1,Mark-4,"Würzburg, Germany",Quectel_BG96,262,Germany,de,9,NB-IoT,Op B
14218,1,Mark-4,"Würzburg, Germany",Quectel_BG96,262,Germany,de,9,NB-IoT,Op B
14220,1,Mark-4,"Würzburg, Germany",Quectel_BG96,262,Germany,de,9,NB-IoT,Op B
14224,1,Mark-4,"Würzburg, Germany",Quectel_BG96,262,Germany,de,9,NB-IoT,Op B
14236,1,Mark-4,"Würzburg, Germany",Quectel_BG96,262,Germany,de,9,NB-IoT,Op B
14238,1,Mark-4,"Würzburg, Germany",Quectel_BG96,262,Germany,de,9,NB-IoT,Op B
14247,1,Mark-4,"Würzburg, Germany",Quectel_BG96,262,Germany,de,9,NB-IoT,Op B
14250,1,Mark-4,"Würzburg, Germany",Quectel_BG96,262,Germany,de,9,NB-IoT,Op B
14251,1,Mark-4,"Würzburg, Germany",Quectel_BG96,262,Germany,de,9,NB-IoT,Op B
14262,1,Mark-4,"Würzburg, Germany",Quectel_BG96,262,Germany,de,9,NB-IoT,Op B
14270,1,Mark-4,"Würzburg, Germany",Quectel_BG96,262,Germany,de,9,NB-IoT,Op B
14275,1,Mark-4,"Würzburg, Germany",Quectel_BG96,262,Germany,de,9,NB-IoT,Op B
14276,1,Mark-4,"Würzburg, Germany",Quectel_BG96,262,Germany,de,9,NB-IoT,Op B
14283,1,Mark-4,"Würzburg, Germany",Quectel_BG96,262,Germany,de,9,NB-IoT,Op B
14286,1,Mark-4,"Würzburg, Germany",Quectel_BG96,262,Germany,de,9,NB-IoT,Op B
14290,1,Mark-4,"Würzburg, Germany",Quectel_BG96,262,Germany,de,9,NB-IoT,Op B
14293,1,Mark-4,"Würzburg, Germany",Quectel_BG96,262,Germany,de,9,NB-IoT,Op B
14294,1,Mark-4,"Würzburg, Germany",Quectel_BG96,262,Germany,de,9,NB-IoT,Op B
14303,1,Mark-2,"Würzburg, Germany",Quectel_BG96,262,Germany,de,9,NB-IoT,Op B
14304,1,Mark-2,"Würzburg, Germany",Quectel_BG96,262,Germany,de,9,NB-IoT,Op B
14305,1,Mark-2,"Würzburg, Germany",Quectel_BG96,262,Germany,de,9,NB-IoT,Op B
14306,1,Mark-2,"Würzburg, Germany",Quectel_BG96,262,Germany,de,9,NB-IoT,Op B
14310,1,Mark-2,"Würzburg, Germany",Quectel_BG96,262,Germany,de,9,NB-IoT,Op B
14311,1,Mark-2,"Würzburg, Germany",Quectel_BG96,262,Germany,de,9,NB-IoT,Op B
14312,1,Mark-2,"Würzburg, Germany",Quectel_BG96,262,Germany,de,9,NB-IoT,Op B
14313,1,Mark-2,"Würzburg, Germany",Quectel_BG96,262,Germany,de,9,NB-IoT,Op B
14314,1,Mark-2,"Würzburg, Germany",Quectel_BG96,262,Germany,de,9,NB-IoT,Op B
14317,1,Mark-2,"Würzburg, Germany",Quectel_BG96,262,Germany,de,9,NB-IoT,Op B
14318,1,Mark-2,"Würzburg, Germany",Quectel_BG96,262,Germany,de,9,NB-IoT,Op B
14319,1,Mark-2,"Würzburg, Germany",Quectel_BG96,262,Germany,de,9,NB-IoT,Op B
14320,1,Mark-2,"Würzburg, Germany",Quectel_BG96,262,Germany,de,9,NB-IoT,Op B
14327,1,Mark-2,"Würzburg, Germany",Quectel_BG96,262,Germany,de,9,NB-IoT,Op B
14331,1,Mark-2,"Würzburg, Germany",Quectel_BG96,262,Germany,de,9,NB-IoT,Op B
14335,1,Mark-2,"Würzburg, Germany",Quectel_BG96,262,Germany,de,9,NB-IoT,Op B
14337,1,Mark-2,"Würzburg, Germany",Quectel_BG96,262,Germany,de,9,NB-IoT,Op B
14340,1,Mark-2,"Würzburg, Germany",Quectel_BG96,262,Germany,de,9,NB-IoT,Op B
14342,1,Mark-2,"Würzburg, Germany",Quectel_BG96,262,Germany,de,9,NB-IoT,Op B
14343,1,Mark-2,"Würzburg, Germany",Quectel_BG96,262,Germany,de,9,NB-IoT,Op B
14345,1,Mark-2,"Würzburg, Germany",Quectel_BG96,262,Germany,de,9,NB-IoT,Op B
14346,1,Mark-2,"Würzburg, Germany",Quectel_BG96,262,Germany,de,9,NB-IoT,Op B
14347,1,Mark-2,"Würzburg, Germany",Quectel_BG96,262,Germany,de,9,NB-IoT,Op B
14348,1,Mark-2,"Würzburg, Germany",Quectel_BG96,262,Germany,de,9,NB-IoT,Op B
14352,1,Mark-2,"Würzburg, Germany",Quectel_BG96,262,Germany,de,9,NB-IoT,Op B
14354,1,Mark-2,"Würzburg, Germany",Quectel_BG96,262,Germany,de,9,NB-IoT,Op B
14355,1,Mark-2,"Würzburg, Germany",Quectel_BG96,262,Germany,de,9,NB-IoT,Op B
14356,1,Mark-2,"Würzburg, Germany",Quectel_BG96,262,Germany,de,9,NB-IoT,Op B
14361,1,Mark-2,"Würzburg, Germany",Quectel_BG96,262,Germany,de,9,NB-IoT,Op B
14362,1,Mark-2,"Würzburg, Germany",Quectel_BG96,262,Germany,de,9,NB-IoT,Op B
14367,1,Mark-2,"Würzburg, Germany",Quectel_BG96,262,Germany,de,9,NB-IoT,Op B
14370,1,Mark-2,"Würzburg, Germany",Quectel_BG96,262,Germany,de,9,NB-IoT,Op B
14372,1,Mark-2,"Würzburg, Germany",Quectel_BG96,262,Germany,de,9,NB-IoT,Op B
14373,1,Mark-2,"Würzburg, Germany",Quectel_BG96,262,Germany,de,9,NB-IoT,Op B
14374,1,Mark-2,"Würzburg, Germany",Quectel_BG96,262,Germany,de,9,NB-IoT,Op B
14375,1,Mark-2,"Würzburg, Germany",Quectel_BG96,262,Germany,de,9,NB-IoT,Op B
14378,1,Mark-2,"Würzburg, Germany",Quectel_BG96,262,Germany,de,9,NB-IoT,Op B
14379,1,Mark-2,"Würzburg, Germany",Quectel_BG96,262,Germany,de,9,NB-IoT,Op B
14380,1,Mark-2,"Würzburg, Germany",Quectel_BG96,262,Germany,de,9,NB-IoT,Op B
14381,1,Mark-2,"Würzburg, Germany",Quectel_BG96,262,Germany,de,9,NB-IoT,Op B
14382,1,Mark-2,"Würzburg, Germany",Quectel_BG96,262,Germany,de,9,NB-IoT,Op B
14384,1,Mark-2,"Würzburg, Germany",Quectel_BG96,262,Germany,de,9,NB-IoT,Op B
14389,1,Mark-2,"Würzburg, Germany",Quectel_BG96,262,Germany,de,9,NB-IoT,Op B
14390,1,Mark-2,"Würzburg, Germany",Quectel_BG96,262,Germany,de,9,NB-IoT,Op B
14391,1,Mark-2,"Würzburg, Germany",Quectel_BG96,262,Germany,de,9,NB-IoT,Op B
14399,1,Mark-2,"Würzburg, Germany",Quectel_BG96,262,Germany,de,9,NB-IoT,Op B
14403,1,Mark-2,"Würzburg, Germany",Quectel_BG96,262,Germany,de,9,NB-IoT,Op B
14409,1,Mark-2,"Würzburg, Germany",Quectel_BG96,262,Germany,de,9,NB-IoT,Op B
14412,1,Mark-2,"Würzburg, Germany",Quectel_BG96,262,Germany,de,9,NB-IoT,Op B
14418,1,Mark-2,"Würzburg, Germany",Quectel_BG96,262,Germany,de,9,NB-IoT,Op B
14421,1,Mark-2,"Würzburg, Germany",Quectel_BG96,262,Germany,de,9,NB-IoT,Op B
14426,1,Mark-2,"Würzburg, Germany",Quectel_BG96,262,Germany,de,9,NB-IoT,Op B
14427,1,Mark-2,"Würzburg, Germany",Quectel_BG96,262,Germany,de,9,NB-IoT,Op B
14432,1,Mark-2,"Würzburg, Germany",Quectel_BG96,262,Germany,de,9,NB-IoT,Op B
14433,1,Mark-2,"Würzburg, Germany",Quectel_BG96,262,Germany,de,9,NB-IoT,Op B
14441,1,Mark-2,"Würzburg, Germany",Quectel_BG96,262,Germany,de,9,NB-IoT,Op B
14442,1,Mark-2,"Würzburg, Germany",Quectel_BG96,262,Germany,de,9,NB-IoT,Op B
14443,1,Mark-2,"Würzburg, Germany",Quectel_BG96,262,Germany,de,9,NB-IoT,Op B
14448,1,Mark-2,"Würzburg, Germany",Quectel_BG96,262,Germany,de,9,NB-IoT,Op B
14453,1,Mark-2,"Würzburg, Germany",Quectel_BG96,262,Germany,de,9,NB-IoT,Op B
14454,1,Mark-2,"Würzburg, Germany",Quectel_BG96,262,Germany,de,9,NB-IoT,Op B
14459,1,Mark-2,"Würzburg, Germany",Quectel_BG96,262,Germany,de,9,NB-IoT,Op B
14460,1,Mark-2,"Würzburg, Germany",Quectel_BG96,262,Germany,de,9,NB-IoT,Op B
14463,1,Mark-2,"Würzburg, Germany",Quectel_BG96,262,Germany,de,9,NB-IoT,Op B
14464,1,Mark-2,"Würzburg, Germany",Quectel_BG96,262,Germany,de,9,NB-IoT,Op B
14471,1,Mark-2,"Würzburg, Germany",Quectel_BG96,262,Germany,de,9,NB-IoT,Op B
14472,1,Mark-2,"Würzburg, Germany",Quectel_BG96,262,Germany,de,9,NB-IoT,Op B
14473,1,Mark-2,"Würzburg, Germany",Quectel_BG96,262,Germany,de,9,NB-IoT,Op B
14476,1,Mark-2,"Würzburg, Germany",Quectel_BG96,262,Germany,de,9,NB-IoT,Op B
14484,1,Mark-2,"Würzburg, Germany",Quectel_BG96,262,Germany,de,9,NB-IoT,Op B
14485,1,Mark-2,"Würzburg, Germany",Quectel_BG96,262,Germany,de,9,NB-IoT,Op B
14491,1,Mark-2,"Würzburg, Germany",Quectel_BG96,262,Germany,de,9,NB-IoT,Op B
14493,1,Mark-2,"Würzburg, Germany",Quectel_BG96,262,Germany,de,9,NB-IoT,Op B
14494,1,Mark-2,"Würzburg, Germany",Quectel_BG96,262,Germany,de,9,NB-IoT,Op B
14500,1,Mark-2,"Würzburg, Germany",Quectel_BG96,262,Germany,de,9,NB-IoT,Op B
15948,1,Mark-2,"Würzburg, Germany",Quectel_BG96,262,Germany,de,9,NB-IoT,Op B
15949,1,Mark-2,"Würzburg, Germany",Quectel_BG96,262,Germany,de,9,NB-IoT,Op B
15950,1,Mark-2,"Würzburg, Germany",Quectel_BG96,262,Germany,de,9,NB-IoT,Op B
16231,1,Mark-4,"Würzburg, Germany",Quectel_BG96,262,Germany,de,9,NB-IoT,Op B
16232,1,Mark-4,"Würzburg, Germany",Quectel_BG96,262,Germany,de,9,NB-IoT,Op B
16233,1,Mark-4,"Würzburg, Germany",Quectel_BG96,262,Germany,de,9,NB-IoT,Op B
16234,1,Mark-4,"Würzburg, Germany",Quectel_BG96,262,Germany,de,9,NB-IoT,Op B
16235,1,Mark-4,"Würzburg, Germany",Quectel_BG96,262,Germany,de,9,NB-IoT,Op B
16236,1,Mark-4,"Würzburg, Germany",Quectel_BG96,262,Germany,de,9,NB-IoT,Op B
16237,1,Mark-4,"Würzburg, Germany",Quectel_BG96,262,Germany,de,9,NB-IoT,Op B
16238,1,Mark-4,"Würzburg, Germany",Quectel_BG96,262,Germany,de,9,NB-IoT,Op B
16239,1,Mark-4,"Würzburg, Germany",Quectel_BG96,262,Germany,de,9,NB-IoT,Op B
16240,1,Mark-4,"Würzburg, Germany",Quectel_BG96,262,Germany,de,9,NB-IoT,Op B
16373,1,Mark-9,"Würzburg, Germany",Quectel_BG96,262,Germany,de,9,NB-IoT,Op B
16548,1,Mark-2,"Würzburg, Germany",Quectel_BG96,262,Germany,de,9,NB-IoT,Op B
16640,1,Mark-2,"Würzburg, Germany",Quectel_BG96,262,Germany,de,9,NB-IoT,Op B
16641,1,Mark-2,"Würzburg, Germany",Quectel_BG96,262,Germany,de,9,NB-IoT,Op B
16642,1,Mark-2,"Würzburg, Germany",Quectel_BG96,262,Germany,de,9,NB-IoT,Op B
16643,1,Mark-2,"Würzburg, Germany",Quectel_BG96,262,Germany,de,9,NB-IoT,Op B
16644,1,Mark-2,"Würzburg, Germany",Quectel_BG96,262,Germany,de,9,NB-IoT,Op B
16645,1,Mark-2,"Würzburg, Germany",Quectel_BG96,262,Germany,de,9,NB-IoT,Op B
16646,1,Mark-2,"Würzburg, Germany",Quectel_BG96,262,Germany,de,9,NB-IoT,Op B
16647,1,Mark-2,"Würzburg, Germany",Quectel_BG96,262,Germany,de,9,NB-IoT,Op B
16648,1,Mark-2,"Würzburg, Germany",Quectel_BG96,262,Germany,de,9,NB-IoT,Op B
16649,1,Mark-2,"Würzburg, Germany",Quectel_BG96,262,Germany,de,9,NB-IoT,Op B
16650,1,Mark-2,"Würzburg, Germany",Quectel_BG96,262,Germany,de,9,NB-IoT,Op B
16651,1,Mark-2,"Würzburg, Germany",Quectel_BG96,262,Germany,de,9,NB-IoT,Op B
17578,1,Mark-4,"Würzburg, Germany",Quectel_BG96,262,Germany,de,9,NB-IoT,Op B
18821,1,Mark-4,"Würzburg, Germany",Quectel_BG96,262,Germany,de,9,NB-IoT,Op B
18942,1,Mark-2,"Würzburg, Germany",Quectel_BG96,262,Germany,de,9,NB-IoT,Op B
18947,1,Mark-2,"Würzburg, Germany",Quectel_BG96,262,Germany,de,9,NB-IoT,Op B
19074,1,Mark-2,"Würzburg, Germany",Quectel_BG96,262,Germany,de,9,NB-IoT,Op B
19076,1,Mark-2,"Würzburg, Germany",Quectel_BG96,262,Germany,de,9,NB-IoT,Op B
19078,1,Mark-2,"Würzburg, Germany",Quectel_BG96,262,Germany,de,9,NB-IoT,Op B
19606,1,Mark-4,"Würzburg, Germany",Quectel_BG96,262,Germany,de,9,NB-IoT,Op B
19626,1,Mark-1,"Würzburg, Germany",Quectel_BG96,262,Germany,de,9,NB-IoT,Op B
19629,1,Mark-4,"Würzburg, Germany",Quectel_BG96,262,Germany,de,9,NB-IoT,Op B
19699,1,Mark-4,"Würzburg, Germany",Quectel_BG96,262,Germany,de,9,NB-IoT,Op B
19706,1,Mark-4,"Würzburg, Germany",Quectel_BG96,262,Germany,de,9,NB-IoT,Op B
19707,1,Mark-4,"Würzburg, Germany",Quectel_BG96,262,Germany,de,9,NB-IoT,Op B
19708,1,Mark-3,"Würzburg, Germany",Quectel_BG96,262,Germany,de,9,NB-IoT,Op B
19711,1,Mark-4,"Würzburg, Germany",Quectel_BG96,262,Germany,de,9,NB-IoT,Op B
19715,1,Mark-1,"Würzburg, Germany",Quectel_BG96,262,Germany,de,9,NB-IoT,Op B
19751,1,Mark-3,"Würzburg, Germany",Quectel_BG96,262,Germany,de,9,NB-IoT,Op B
19788,1,Mark-1,"Würzburg, Germany",Quectel_BG96,262,Germany,de,9,NB-IoT,Op B
19799,1,Mark-4,"Würzburg, Germany",Quectel_BG96,262,Germany,de,9,NB-IoT,Op B
19823,1,Mark-2,"Würzburg, Germany",Quectel_BG96,262,Germany,de,9,NB-IoT,Op B
19839,1,Mark-3,"Würzburg, Germany",Quectel_BG96,262,Germany,de,9,NB-IoT,Op B
19840,1,Mark-3,"Würzburg, Germany",Quectel_BG96,262,Germany,de,9,NB-IoT,Op B
19841,1,Mark-3,"Würzburg, Germany",Quectel_BG96,262,Germany,de,9,NB-IoT,Op B
19842,1,Mark-1,"Würzburg, Germany",Quectel_BG96,262,Germany,de,9,NB-IoT,Op B
19862,1,Mark-3,"Würzburg, Germany",Quectel_BG96,262,Germany,de,9,NB-IoT,Op B
19863,1,Mark-3,"Würzburg, Germany",Quectel_BG96,262,Germany,de,9,NB-IoT,Op B
20465,1,Mark-4,"Würzburg, Germany",Quectel_BG96,262,Germany,de,9,NB-IoT,Op B
20473,1,Mark-4,"Würzburg, Germany",Quectel_BG96,262,Germany,de,9,NB-IoT,Op B
20474,1,Mark-4,"Würzburg, Germany",Quectel_BG96,262,Germany,de,9,NB-IoT,Op B
20506,1,Mark-1,"Würzburg, Germany",Quectel_BG96,262,Germany,de,9,NB-IoT,Op B
20507,1,Mark-6,"Munich, Germany",Quectel_BG96,262,Germany,de,9,NB-IoT,Op B
20538,1,Mark-1,"Würzburg, Germany",Quectel_BG96,262,Germany,de,9,NB-IoT,Op B
20575,1,Mark-1,"Würzburg, Germany",Quectel_BG96,262,Germany,de,9,NB-IoT,Op B
20576,1,Mark-6,"Munich, Germany",Quectel_BG96,262,Germany,de,9,NB-IoT,Op B
20755,1,Mark-1,"Würzburg, Germany",Quectel_BG96,262,Germany,de,9,NB-IoT,Op B
20756,1,Mark-6,"Munich, Germany",Quectel_BG96,262,Germany,de,9,NB-IoT,Op B
20782,1,Mark-1,"Würzburg, Germany",Quectel_BG96,262,Germany,de,9,NB-IoT,Op B
20783,1,Mark-6,"Munich, Germany",Quectel_BG96,262,Germany,de,9,NB-IoT,Op B
20809,1,Mark-1,"Würzburg, Germany",Quectel_BG96,262,Germany,de,9,NB-IoT,Op B
20810,1,Mark-6,"Munich, Germany",Quectel_BG96,262,Germany,de,9,NB-IoT,Op B
20836,1,Mark-1,"Würzburg, Germany",Quectel_BG96,262,Germany,de,9,NB-IoT,Op B
20837,1,Mark-6,"Munich, Germany",Quectel_BG96,262,Germany,de,9,NB-IoT,Op B
20863,1,Mark-1,"Würzburg, Germany",Quectel_BG96,262,Germany,de,9,NB-IoT,Op B
20864,1,Mark-6,"Munich, Germany",Quectel_BG96,262,Germany,de,9,NB-IoT,Op B
20890,1,Mark-1,"Würzburg, Germany",Quectel_BG96,262,Germany,de,9,NB-IoT,Op B
20891,1,Mark-6,"Munich, Germany",Quectel_BG96,262,Germany,de,9,NB-IoT,Op B
20917,1,Mark-1,"Würzburg, Germany",Quectel_BG96,262,Germany,de,9,NB-IoT,Op B
20918,1,Mark-6,"Munich, Germany",Quectel_BG96,262,Germany,de,9,NB-IoT,Op B
20944,1,Mark-1,"Würzburg, Germany",Quectel_BG96,262,Germany,de,9,NB-IoT,Op B
20945,1,Mark-6,"Munich, Germany",Quectel_BG96,262,Germany,de,9,NB-IoT,Op B
20971,1,Mark-1,"Würzburg, Germany",Quectel_BG96,262,Germany,de,9,NB-IoT,Op B
20972,1,Mark-6,"Munich, Germany",Quectel_BG96,262,Germany,de,9,NB-IoT,Op B
20998,1,Mark-1,"Würzburg, Germany",Quectel_BG96,262,Germany,de,9,NB-IoT,Op B
20999,1,Mark-6,"Munich, Germany",Quectel_BG96,262,Germany,de,9,NB-IoT,Op B
23017,1,Mark-1,"Würzburg, Germany",Quectel_BG96,262,Germany,de,9,NB-IoT,Op B
23021,1,Mark-4,"Würzburg, Germany",Quectel_BG96,262,Germany,de,9,NB-IoT,Op B
23133,1,Mark-4,"Würzburg, Germany",Quectel_BG96,262,Germany,de,9,NB-IoT,Op B
23134,1,Mark-4,"Würzburg, Germany",Quectel_BG96,262,Germany,de,9,NB-IoT,Op B
23135,1,Mark-4,"Würzburg, Germany",Quectel_BG96,262,Germany,de,9,NB-IoT,Op B
23136,1,Mark-4,"Würzburg, Germany",Quectel_BG96,262,Germany,de,9,NB-IoT,Op B
23137,1,Mark-4,"Würzburg, Germany",Quectel_BG96,262,Germany,de,9,NB-IoT,Op B
23138,1,Mark-4,"Würzburg, Germany",Quectel_BG96,262,Germany,de,9,NB-IoT,Op B
23139,1,Mark-4,"Würzburg, Germany",Quectel_BG96,262,Germany,de,9,NB-IoT,Op B
23140,1,Mark-4,"Würzburg, Germany",Quectel_BG96,262,Germany,de,9,NB-IoT,Op B
23141,1,Mark-4,"Würzburg, Germany",Quectel_BG96,262,Germany,de,9,NB-IoT,Op B
23142,1,Mark-4,"Würzburg, Germany",Quectel_BG96,262,Germany,de,9,NB-IoT,Op B
23143,1,Mark-4,"Würzburg, Germany",Quectel_BG96,262,Germany,de,9,NB-IoT,Op B
23144,1,Mark-4,"Würzburg, Germany",Quectel_BG96,262,Germany,de,9,NB-IoT,Op B
23146,1,Mark-4,"Würzburg, Germany",Quectel_BG96,262,Germany,de,9,NB-IoT,Op B
23147,1,Mark-4,"Würzburg, Germany",Quectel_BG96,262,Germany,de,9,NB-IoT,Op B
23148,1,Mark-4,"Würzburg, Germany",Quectel_BG96,262,Germany,de,9,NB-IoT,Op B
23151,1,Mark-4,"Würzburg, Germany",Quectel_BG96,262,Germany,de,9,NB-IoT,Op B
23152,1,Mark-4,"Würzburg, Germany",Quectel_BG96,262,Germany,de,9,NB-IoT,Op B
23153,1,Mark-4,"Würzburg, Germany",Quectel_BG96,262,Germany,de,9,NB-IoT,Op B
23154,1,Mark-4,"Würzburg, Germany",Quectel_BG96,262,Germany,de,9,NB-IoT,Op B
23155,1,Mark-4,"Würzburg, Germany",Quectel_BG96,262,Germany,de,9,NB-IoT,Op B
23156,1,Mark-4,"Würzburg, Germany",Quectel_BG96,262,Germany,de,9,NB-IoT,Op B
23214,1,Mark-1,"Würzburg, Germany",Quectel_BG96,262,Germany,de,9,NB-IoT,Op B
23217,1,Mark-6,"Munich, Germany",Quectel_BG96,262,Germany,de,9,NB-IoT,Op B
23273,1,Mark-1,"Würzburg, Germany",Quectel_BG96,262,Germany,de,9,NB-IoT,Op B
23276,1,Mark-6,"Munich, Germany",Quectel_BG96,262,Germany,de,9,NB-IoT,Op B
23531,1,Mark-4,"Würzburg, Germany",Quectel_BG96,262,Germany,de,9,NB-IoT,Op B
23532,1,Mark-4,"Würzburg, Germany",Quectel_BG96,262,Germany,de,9,NB-IoT,Op B
23533,1,Mark-4,"Würzburg, Germany",Quectel_BG96,262,Germany,de,9,NB-IoT,Op B
23534,1,Mark-4,"Würzburg, Germany",Quectel_BG96,262,Germany,de,9,NB-IoT,Op B
23535,1,Mark-4,"Würzburg, Germany",Quectel_BG96,262,Germany,de,9,NB-IoT,Op B
23536,1,Mark-4,"Würzburg, Germany",Quectel_BG96,262,Germany,de,9,NB-IoT,Op B
23537,1,Mark-4,"Würzburg, Germany",Quectel_BG96,262,Germany,de,9,NB-IoT,Op B
23538,1,Mark-4,"Würzburg, Germany",Quectel_BG96,262,Germany,de,9,NB-IoT,Op B
23539,1,Mark-4,"Würzburg, Germany",Quectel_BG96,262,Germany,de,9,NB-IoT,Op B
23595,1,Mark-1,"Würzburg, Germany",Quectel_BG96,262,Germany,de,9,NB-IoT,Op B
23598,1,Mark-6,"Munich, Germany",Quectel_BG96,262,Germany,de,9,NB-IoT,Op B
23725,1,Mark-4,"Würzburg, Germany",Quectel_BG96,262,Germany,de,9,NB-IoT,Op B
23726,1,Mark-4,"Würzburg, Germany",Quectel_BG96,262,Germany,de,9,NB-IoT,Op B
23727,1,Mark-4,"Würzburg, Germany",Quectel_BG96,262,Germany,de,9,NB-IoT,Op B
23728,1,Mark-4,"Würzburg, Germany",Quectel_BG96,262,Germany,de,9,NB-IoT,Op B
18846,1,Mark-5,"Milan, Italy",Quectel_EC21,222,Italy,it,2,3G,Op A
18873,1,Mark-5,"Milan, Italy",Quectel_EC21,222,Italy,it,2,3G,Op A
18927,1,Mark-5,"Milan, Italy",Quectel_EC21,222,Italy,it,2,3G,Op A
19060,1,Mark-5,"Milan, Italy",Quectel_EC21,222,Italy,it,2,3G,Op A
19144,1,Mark-5,"Milan, Italy",Quectel_EC21,222,Italy,it,2,3G,Op A
19758,1,Mark-5,"Milan, Italy",Quectel_EC21,222,Italy,it,2,3G,Op A
20120,1,Mark-5,"Milan, Italy",Quectel_EC21,222,Italy,it,2,3G,Op A
20156,1,Mark-5,"Milan, Italy",Quectel_EC21,222,Italy,it,2,3G,Op A
20192,1,Mark-5,"Milan, Italy",Quectel_EC21,222,Italy,it,2,3G,Op A
20228,1,Mark-5,"Milan, Italy",Quectel_EC21,222,Italy,it,2,3G,Op A
20264,1,Mark-5,"Milan, Italy",Quectel_EC21,222,Italy,it,2,3G,Op A
20300,1,Mark-5,"Milan, Italy",Quectel_EC21,222,Italy,it,2,3G,Op A
20336,1,Mark-5,"Milan, Italy",Quectel_EC21,222,Italy,it,2,3G,Op A
20372,1,Mark-5,"Milan, Italy",Quectel_EC21,222,Italy,it,2,3G,Op A
20408,1,Mark-5,"Milan, Italy",Quectel_EC21,222,Italy,it,2,3G,Op A
20444,1,Mark-5,"Milan, Italy",Quectel_EC21,222,Italy,it,2,3G,Op A
22997,1,Mark-5,"Milan, Italy",Quectel_EC21,222,Italy,it,2,3G,Op A
23253,1,Mark-5,"Milan, Italy",Quectel_EC21,222,Italy,it,2,3G,Op A
17869,1,Mark-5,"Milan, Italy",Quectel_EC21,222,Italy,it,7,LTE CAT1,Op A
18848,1,Mark-5,"Milan, Italy",Quectel_EC21,222,Italy,it,7,LTE CAT1,Op A
18875,1,Mark-5,"Milan, Italy",Quectel_EC21,222,Italy,it,7,LTE CAT1,Op A
18929,1,Mark-5,"Milan, Italy",Quectel_EC21,222,Italy,it,7,LTE CAT1,Op A
19062,1,Mark-5,"Milan, Italy",Quectel_EC21,222,Italy,it,7,LTE CAT1,Op A
19146,1,Mark-5,"Milan, Italy",Quectel_EC21,222,Italy,it,7,LTE CAT1,Op A
19763,1,Mark-5,"Milan, Italy",Quectel_EC21,222,Italy,it,7,LTE CAT1,Op A
20114,1,Mark-5,"Milan, Italy",Quectel_EC21,222,Italy,it,7,LTE CAT1,Op A
20150,1,Mark-5,"Milan, Italy",Quectel_EC21,222,Italy,it,7,LTE CAT1,Op A
20186,1,Mark-5,"Milan, Italy",Quectel_EC21,222,Italy,it,7,LTE CAT1,Op A
20222,1,Mark-5,"Milan, Italy",Quectel_EC21,222,Italy,it,7,LTE CAT1,Op A
20258,1,Mark-5,"Milan, Italy",Quectel_EC21,222,Italy,it,7,LTE CAT1,Op A
20294,1,Mark-5,"Milan, Italy",Quectel_EC21,222,Italy,it,7,LTE CAT1,Op A
20330,1,Mark-5,"Milan, Italy",Quectel_EC21,222,Italy,it,7,LTE CAT1,Op A
20366,1,Mark-5,"Milan, Italy",Quectel_EC21,222,Italy,it,7,LTE CAT1,Op A
20402,1,Mark-5,"Milan, Italy",Quectel_EC21,222,Italy,it,7,LTE CAT1,Op A
20438,1,Mark-5,"Milan, Italy",Quectel_EC21,222,Italy,it,7,LTE CAT1,Op A
22989,1,Mark-5,"Milan, Italy",Quectel_EC21,222,Italy,it,7,LTE CAT1,Op A
23186,1,Mark-5,"Milan, Italy",Quectel_EC21,222,Italy,it,7,LTE CAT1,Op A
23245,1,Mark-5,"Milan, Italy",Quectel_EC21,222,Italy,it,7,LTE CAT1,Op A
23567,1,Mark-5,"Milan, Italy",Quectel_EC21,222,Italy,it,7,LTE CAT1,Op A
18849,1,Mark-5,"Milan, Italy",Quectel_EC21,222,Italy,it,0,2G,Op D
18876,1,Mark-5,"Milan, Italy",Quectel_EC21,222,Italy,it,0,2G,Op D
19063,1,Mark-5,"Milan, Italy",Quectel_EC21,222,Italy,it,0,2G,Op D
19147,1,Mark-5,"Milan, Italy",Quectel_EC21,222,Italy,it,0,2G,Op D
19655,1,Mark-5,"Milan, Italy",Quectel_EC21,222,Italy,it,0,2G,Op D
19761,1,Mark-5,"Milan, Italy",Quectel_EC21,222,Italy,it,0,2G,Op D
20113,1,Mark-5,"Milan, Italy",Quectel_EC21,222,Italy,it,0,2G,Op D
20149,1,Mark-5,"Milan, Italy",Quectel_EC21,222,Italy,it,0,2G,Op D
20185,1,Mark-5,"Milan, Italy",Quectel_EC21,222,Italy,it,0,2G,Op D
20221,1,Mark-5,"Milan, Italy",Quectel_EC21,222,Italy,it,0,2G,Op D
20257,1,Mark-5,"Milan, Italy",Quectel_EC21,222,Italy,it,0,2G,Op D
20293,1,Mark-5,"Milan, Italy",Quectel_EC21,222,Italy,it,0,2G,Op D
20329,1,Mark-5,"Milan, Italy",Quectel_EC21,222,Italy,it,0,2G,Op D
20365,1,Mark-5,"Milan, Italy",Quectel_EC21,222,Italy,it,0,2G,Op D
20401,1,Mark-5,"Milan, Italy",Quectel_EC21,222,Italy,it,0,2G,Op D
20437,1,Mark-5,"Milan, Italy",Quectel_EC21,222,Italy,it,0,2G,Op D
20484,1,Mark-5,"Milan, Italy",Quectel_BG96,222,Italy,it,0,2G,Op D
20553,1,Mark-5,"Milan, Italy",Quectel_BG96,222,Italy,it,0,2G,Op D
20733,1,Mark-5,"Milan, Italy",Quectel_BG96,222,Italy,it,0,2G,Op D
20760,1,Mark-5,"Milan, Italy",Quectel_BG96,222,Italy,it,0,2G,Op D
20787,1,Mark-5,"Milan, Italy",Quectel_BG96,222,Italy,it,0,2G,Op D
20814,1,Mark-5,"Milan, Italy",Quectel_BG96,222,Italy,it,0,2G,Op D
20841,1,Mark-5,"Milan, Italy",Quectel_BG96,222,Italy,it,0,2G,Op D
20868,1,Mark-5,"Milan, Italy",Quectel_BG96,222,Italy,it,0,2G,Op D
20895,1,Mark-5,"Milan, Italy",Quectel_BG96,222,Italy,it,0,2G,Op D
20922,1,Mark-5,"Milan, Italy",Quectel_BG96,222,Italy,it,0,2G,Op D
20976,1,Mark-5,"Milan, Italy",Quectel_BG96,222,Italy,it,0,2G,Op D
22988,1,Mark-5,"Milan, Italy",Quectel_EC21,222,Italy,it,0,2G,Op D
23170,1,Mark-5,"Milan, Italy",Quectel_BG96,222,Italy,it,0,2G,Op D
23185,1,Mark-5,"Milan, Italy",Quectel_EC21,222,Italy,it,0,2G,Op D
23551,1,Mark-5,"Milan, Italy",Quectel_BG96,222,Italy,it,0,2G,Op D
23566,1,Mark-5,"Milan, Italy",Quectel_EC21,222,Italy,it,0,2G,Op D
17870,1,Mark-5,"Milan, Italy",Quectel_EC21,222,Italy,it,7,LTE CAT1,Op D
18850,1,Mark-5,"Milan, Italy",Quectel_EC21,222,Italy,it,7,LTE CAT1,Op D
18877,1,Mark-5,"Milan, Italy",Quectel_EC21,222,Italy,it,7,LTE CAT1,Op D
19148,1,Mark-5,"Milan, Italy",Quectel_EC21,222,Italy,it,7,LTE CAT1,Op D
19760,1,Mark-5,"Milan, Italy",Quectel_EC21,222,Italy,it,7,LTE CAT1,Op D
20200,1,Mark-5,"Milan, Italy",Quectel_EC21,222,Italy,it,7,LTE CAT1,Op D
20272,1,Mark-5,"Milan, Italy",Quectel_EC21,222,Italy,it,7,LTE CAT1,Op D
20344,1,Mark-5,"Milan, Italy",Quectel_EC21,222,Italy,it,7,LTE CAT1,Op D
20416,1,Mark-5,"Milan, Italy",Quectel_EC21,222,Italy,it,7,LTE CAT1,Op D
20452,1,Mark-5,"Milan, Italy",Quectel_EC21,222,Italy,it,7,LTE CAT1,Op D
20478,1,Mark-5,"Milan, Italy",Quectel_EC21,222,Italy,it,7,LTE CAT1,Op D
22323,1,Mark-5,"Milan, Italy",Quectel_EC21,222,Italy,it,7,LTE CAT1,Op D
22325,1,Mark-5,"Milan, Italy",Quectel_EC21,222,Italy,it,7,LTE CAT1,Op D
22326,1,Mark-5,"Milan, Italy",Quectel_EC21,222,Italy,it,7,LTE CAT1,Op D
22327,1,Mark-5,"Milan, Italy",Quectel_EC21,222,Italy,it,7,LTE CAT1,Op D
22819,1,Mark-5,"Milan, Italy",Quectel_EC21,222,Italy,it,7,LTE CAT1,Op D
22820,1,Mark-5,"Milan, Italy",Quectel_EC21,222,Italy,it,7,LTE CAT1,Op D
22821,1,Mark-5,"Milan, Italy",Quectel_EC21,222,Italy,it,7,LTE CAT1,Op D
22822,1,Mark-5,"Milan, Italy",Quectel_EC21,222,Italy,it,7,LTE CAT1,Op D
23008,1,Mark-5,"Milan, Italy",Quectel_EC21,222,Italy,it,7,LTE CAT1,Op D
23205,1,Mark-5,"Milan, Italy",Quectel_EC21,222,Italy,it,7,LTE CAT1,Op D
23586,1,Mark-5,"Milan, Italy",Quectel_EC21,222,Italy,it,7,LTE CAT1,Op D
25003,1,Mark-5,"Milan, Italy",Quectel_BG96,222,Italy,it,9,NB-IoT,Op D
25066,1,Mark-5,"Milan, Italy",Quectel_BG96,222,Italy,it,9,NB-IoT,Op D
25067,1,Mark-5,"Milan, Italy",Quectel_BG96,222,Italy,it,9,NB-IoT,Op D
25068,1,Mark-5,"Milan, Italy",Quectel_BG96,222,Italy,it,9,NB-IoT,Op D
25069,1,Mark-5,"Milan, Italy",Quectel_BG96,222,Italy,it,9,NB-IoT,Op D
25070,1,Mark-5,"Milan, Italy",Quectel_BG96,222,Italy,it,9,NB-IoT,Op D
25071,1,Mark-5,"Milan, Italy",Quectel_BG96,222,Italy,it,9,NB-IoT,Op D
25072,1,Mark-5,"Milan, Italy",Quectel_BG96,222,Italy,it,9,NB-IoT,Op D
25073,1,Mark-5,"Milan, Italy",Quectel_BG96,222,Italy,it,9,NB-IoT,Op D
25074,1,Mark-5,"Milan, Italy",Quectel_BG96,222,Italy,it,9,NB-IoT,Op D
25076,1,Mark-5,"Milan, Italy",Quectel_BG96,222,Italy,it,9,NB-IoT,Op D
25077,1,Mark-5,"Milan, Italy",Quectel_BG96,222,Italy,it,9,NB-IoT,Op D
25078,1,Mark-5,"Milan, Italy",Quectel_BG96,222,Italy,it,9,NB-IoT,Op D
25079,1,Mark-5,"Milan, Italy",Quectel_BG96,222,Italy,it,9,NB-IoT,Op D
25080,1,Mark-5,"Milan, Italy",Quectel_BG96,222,Italy,it,9,NB-IoT,Op D
18818,1,Mark-5,"Milan, Italy",Quectel_EC21,222,Italy,it,0,2G,Op C
18853,1,Mark-5,"Milan, Italy",Quectel_BG96,222,Italy,it,0,2G,Op C
18868,1,Mark-5,"Milan, Italy",Quectel_EC21,222,Italy,it,0,2G,Op C
18922,1,Mark-5,"Milan, Italy",Quectel_EC21,222,Italy,it,0,2G,Op C
19055,1,Mark-5,"Milan, Italy",Quectel_EC21,222,Italy,it,0,2G,Op C
19067,1,Mark-5,"Milan, Italy",Quectel_BG96,222,Italy,it,0,2G,Op C
19139,1,Mark-5,"Milan, Italy",Quectel_EC21,222,Italy,it,0,2G,Op C
19151,1,Mark-5,"Milan, Italy",Quectel_BG96,222,Italy,it,0,2G,Op C
19756,1,Mark-5,"Milan, Italy",Quectel_BG96,222,Italy,it,0,2G,Op C
19769,1,Mark-5,"Milan, Italy",Quectel_EC21,222,Italy,it,0,2G,Op C
19917,1,Mark-5,"Milan, Italy",Quectel_EC21,222,Italy,it,0,2G,Op C
20106,1,Mark-5,"Milan, Italy",Quectel_EC21,222,Italy,it,0,2G,Op C
20142,1,Mark-5,"Milan, Italy",Quectel_EC21,222,Italy,it,0,2G,Op C
20178,1,Mark-5,"Milan, Italy",Quectel_EC21,222,Italy,it,0,2G,Op C
20214,1,Mark-5,"Milan, Italy",Quectel_EC21,222,Italy,it,0,2G,Op C
20250,1,Mark-5,"Milan, Italy",Quectel_EC21,222,Italy,it,0,2G,Op C
20286,1,Mark-5,"Milan, Italy",Quectel_EC21,222,Italy,it,0,2G,Op C
20322,1,Mark-5,"Milan, Italy",Quectel_EC21,222,Italy,it,0,2G,Op C
20358,1,Mark-5,"Milan, Italy",Quectel_EC21,222,Italy,it,0,2G,Op C
20394,1,Mark-5,"Milan, Italy",Quectel_EC21,222,Italy,it,0,2G,Op C
20491,1,Mark-5,"Milan, Italy",Quectel_BG96,222,Italy,it,0,2G,Op C
20523,1,Mark-5,"Milan, Italy",Quectel_BG96,222,Italy,it,0,2G,Op C
20560,1,Mark-5,"Milan, Italy",Quectel_BG96,222,Italy,it,0,2G,Op C
20740,1,Mark-5,"Milan, Italy",Quectel_BG96,222,Italy,it,0,2G,Op C
20767,1,Mark-5,"Milan, Italy",Quectel_BG96,222,Italy,it,0,2G,Op C
20794,1,Mark-5,"Milan, Italy",Quectel_BG96,222,Italy,it,0,2G,Op C
20821,1,Mark-5,"Milan, Italy",Quectel_BG96,222,Italy,it,0,2G,Op C
20848,1,Mark-5,"Milan, Italy",Quectel_BG96,222,Italy,it,0,2G,Op C
20875,1,Mark-5,"Milan, Italy",Quectel_BG96,222,Italy,it,0,2G,Op C
20902,1,Mark-5,"Milan, Italy",Quectel_BG96,222,Italy,it,0,2G,Op C
20929,1,Mark-5,"Milan, Italy",Quectel_BG96,222,Italy,it,0,2G,Op C
22823,1,Mark-5,"Milan, Italy",Quectel_EC21,222,Italy,it,0,2G,Op C
22974,1,Mark-5,"Milan, Italy",Quectel_EC21,222,Italy,it,0,2G,Op C
22985,1,Mark-5,"Milan, Italy",Quectel_BG96,222,Italy,it,0,2G,Op C
23171,1,Mark-5,"Milan, Italy",Quectel_EC21,222,Italy,it,0,2G,Op C
23230,1,Mark-5,"Milan, Italy",Quectel_EC21,222,Italy,it,0,2G,Op C
23241,1,Mark-5,"Milan, Italy",Quectel_BG96,222,Italy,it,0,2G,Op C
23552,1,Mark-5,"Milan, Italy",Quectel_EC21,222,Italy,it,0,2G,Op C
23563,1,Mark-5,"Milan, Italy",Quectel_BG96,222,Italy,it,0,2G,Op C
18120,1,Mark-5,"Milan, Italy",Quectel_EC21,222,Italy,it,7,LTE CAT1,Op C
18851,1,Mark-5,"Milan, Italy",Quectel_EC21,222,Italy,it,7,LTE CAT1,Op C
18878,1,Mark-5,"Milan, Italy",Quectel_EC21,222,Italy,it,7,LTE CAT1,Op C
18932,1,Mark-5,"Milan, Italy",Quectel_EC21,222,Italy,it,7,LTE CAT1,Op C
19065,1,Mark-5,"Milan, Italy",Quectel_EC21,222,Italy,it,7,LTE CAT1,Op C
19149,1,Mark-5,"Milan, Italy",Quectel_EC21,222,Italy,it,7,LTE CAT1,Op C
19636,1,Mark-5,"Milan, Italy",Quectel_EC21,222,Italy,it,7,LTE CAT1,Op C
19759,1,Mark-5,"Milan, Italy",Quectel_EC21,222,Italy,it,7,LTE CAT1,Op C
20108,1,Mark-5,"Milan, Italy",Quectel_EC21,222,Italy,it,7,LTE CAT1,Op C
20144,1,Mark-5,"Milan, Italy",Quectel_EC21,222,Italy,it,7,LTE CAT1,Op C
20180,1,Mark-5,"Milan, Italy",Quectel_EC21,222,Italy,it,7,LTE CAT1,Op C
20216,1,Mark-5,"Milan, Italy",Quectel_EC21,222,Italy,it,7,LTE CAT1,Op C
20252,1,Mark-5,"Milan, Italy",Quectel_EC21,222,Italy,it,7,LTE CAT1,Op C
20288,1,Mark-5,"Milan, Italy",Quectel_EC21,222,Italy,it,7,LTE CAT1,Op C
20324,1,Mark-5,"Milan, Italy",Quectel_EC21,222,Italy,it,7,LTE CAT1,Op C
20360,1,Mark-5,"Milan, Italy",Quectel_EC21,222,Italy,it,7,LTE CAT1,Op C
20396,1,Mark-5,"Milan, Italy",Quectel_EC21,222,Italy,it,7,LTE CAT1,Op C
20432,1,Mark-5,"Milan, Italy",Quectel_EC21,222,Italy,it,7,LTE CAT1,Op C
22979,1,Mark-5,"Milan, Italy",Quectel_EC21,222,Italy,it,7,LTE CAT1,Op C
23176,1,Mark-5,"Milan, Italy",Quectel_EC21,222,Italy,it,7,LTE CAT1,Op C
23235,1,Mark-5,"Milan, Italy",Quectel_EC21,222,Italy,it,7,LTE CAT1,Op C
23557,1,Mark-5,"Milan, Italy",Quectel_EC21,222,Italy,it,7,LTE CAT1,Op C
18817,1,Mark-5,"Milan, Italy",Quectel_BG96,222,Italy,it,9,NB-IoT,Op C
18855,1,Mark-5,"Milan, Italy",Quectel_BG96,222,Italy,it,9,NB-IoT,Op C
18882,1,Mark-5,"Milan, Italy",Quectel_BG96,222,Italy,it,9,NB-IoT,Op C
18936,1,Mark-5,"Milan, Italy",Quectel_BG96,222,Italy,it,9,NB-IoT,Op C
19069,1,Mark-5,"Milan, Italy",Quectel_BG96,222,Italy,it,9,NB-IoT,Op C
19153,1,Mark-5,"Milan, Italy",Quectel_BG96,222,Italy,it,9,NB-IoT,Op C
20488,1,Mark-5,"Milan, Italy",Quectel_BG96,222,Italy,it,9,NB-IoT,Op C
20520,1,Mark-5,"Milan, Italy",Quectel_BG96,222,Italy,it,9,NB-IoT,Op C
20557,1,Mark-5,"Milan, Italy",Quectel_BG96,222,Italy,it,9,NB-IoT,Op C
20737,1,Mark-5,"Milan, Italy",Quectel_BG96,222,Italy,it,9,NB-IoT,Op C
20764,1,Mark-5,"Milan, Italy",Quectel_BG96,222,Italy,it,9,NB-IoT,Op C
20791,1,Mark-5,"Milan, Italy",Quectel_BG96,222,Italy,it,9,NB-IoT,Op C
20818,1,Mark-5,"Milan, Italy",Quectel_BG96,222,Italy,it,9,NB-IoT,Op C
20845,1,Mark-5,"Milan, Italy",Quectel_BG96,222,Italy,it,9,NB-IoT,Op C
20872,1,Mark-5,"Milan, Italy",Quectel_BG96,222,Italy,it,9,NB-IoT,Op C
20899,1,Mark-5,"Milan, Italy",Quectel_BG96,222,Italy,it,9,NB-IoT,Op C
20926,1,Mark-5,"Milan, Italy",Quectel_BG96,222,Italy,it,9,NB-IoT,Op C
20980,1,Mark-5,"Milan, Italy",Quectel_BG96,222,Italy,it,9,NB-IoT,Op C
22978,1,Mark-5,"Milan, Italy",Quectel_BG96,222,Italy,it,9,NB-IoT,Op C
23175,1,Mark-5,"Milan, Italy",Quectel_BG96,222,Italy,it,9,NB-IoT,Op C
23234,1,Mark-5,"Milan, Italy",Quectel_BG96,222,Italy,it,9,NB-IoT,Op C
23556,1,Mark-5,"Milan, Italy",Quectel_BG96,222,Italy,it,9,NB-IoT,Op C
18847,1,Mark-5,"Milan, Italy",Quectel_EC21,222,Italy,it,0,2G,Op B
18874,1,Mark-5,"Milan, Italy",Quectel_EC21,222,Italy,it,0,2G,Op B
18928,1,Mark-5,"Milan, Italy",Quectel_EC21,222,Italy,it,0,2G,Op B
19061,1,Mark-5,"Milan, Italy",Quectel_EC21,222,Italy,it,0,2G,Op B
19066,1,Mark-5,"Milan, Italy",Quectel_BG96,222,Italy,it,0,2G,Op B
19145,1,Mark-5,"Milan, Italy",Quectel_EC21,222,Italy,it,0,2G,Op B
19150,1,Mark-5,"Milan, Italy",Quectel_BG96,222,Italy,it,0,2G,Op B
19764,1,Mark-5,"Milan, Italy",Quectel_EC21,222,Italy,it,0,2G,Op B
20103,1,Mark-5,"Milan, Italy",Quectel_EC21,222,Italy,it,0,2G,Op B
20175,1,Mark-5,"Milan, Italy",Quectel_EC21,222,Italy,it,0,2G,Op B
20211,1,Mark-5,"Milan, Italy",Quectel_EC21,222,Italy,it,0,2G,Op B
20247,1,Mark-5,"Milan, Italy",Quectel_EC21,222,Italy,it,0,2G,Op B
20283,1,Mark-5,"Milan, Italy",Quectel_EC21,222,Italy,it,0,2G,Op B
20319,1,Mark-5,"Milan, Italy",Quectel_EC21,222,Italy,it,0,2G,Op B
20355,1,Mark-5,"Milan, Italy",Quectel_EC21,222,Italy,it,0,2G,Op B
20391,1,Mark-5,"Milan, Italy",Quectel_EC21,222,Italy,it,0,2G,Op B
20427,1,Mark-5,"Milan, Italy",Quectel_EC21,222,Italy,it,0,2G,Op B
20494,1,Mark-5,"Milan, Italy",Quectel_BG96,222,Italy,it,0,2G,Op B
20526,1,Mark-5,"Milan, Italy",Quectel_BG96,222,Italy,it,0,2G,Op B
20770,1,Mark-5,"Milan, Italy",Quectel_BG96,222,Italy,it,0,2G,Op B
20851,1,Mark-5,"Milan, Italy",Quectel_BG96,222,Italy,it,0,2G,Op B
22800,1,Mark-5,"Milan, Italy",Quectel_BG96,222,Italy,it,0,2G,Op B
22801,1,Mark-5,"Milan, Italy",Quectel_BG96,222,Italy,it,0,2G,Op B
22804,1,Mark-5,"Milan, Italy",Quectel_BG96,222,Italy,it,0,2G,Op B
22824,1,Mark-5,"Milan, Italy",Quectel_EC21,222,Italy,it,0,2G,Op B
22967,1,Mark-5,"Milan, Italy",Quectel_EC21,222,Italy,it,0,2G,Op B
22999,1,Mark-5,"Milan, Italy",Quectel_BG96,222,Italy,it,0,2G,Op B
23164,1,Mark-5,"Milan, Italy",Quectel_EC21,222,Italy,it,0,2G,Op B
23223,1,Mark-5,"Milan, Italy",Quectel_EC21,222,Italy,it,0,2G,Op B
23255,1,Mark-5,"Milan, Italy",Quectel_BG96,222,Italy,it,0,2G,Op B
18843,1,Mark-5,"Milan, Italy",Quectel_EC21,222,Italy,it,2,3G,Op B
18870,1,Mark-5,"Milan, Italy",Quectel_EC21,222,Italy,it,2,3G,Op B
18924,1,Mark-5,"Milan, Italy",Quectel_EC21,222,Italy,it,2,3G,Op B
19057,1,Mark-5,"Milan, Italy",Quectel_EC21,222,Italy,it,2,3G,Op B
19141,1,Mark-5,"Milan, Italy",Quectel_EC21,222,Italy,it,2,3G,Op B
19767,1,Mark-5,"Milan, Italy",Quectel_EC21,222,Italy,it,2,3G,Op B
20102,1,Mark-5,"Milan, Italy",Quectel_EC21,222,Italy,it,2,3G,Op B
20138,1,Mark-5,"Milan, Italy",Quectel_EC21,222,Italy,it,2,3G,Op B
20174,1,Mark-5,"Milan, Italy",Quectel_EC21,222,Italy,it,2,3G,Op B
20210,1,Mark-5,"Milan, Italy",Quectel_EC21,222,Italy,it,2,3G,Op B
20246,1,Mark-5,"Milan, Italy",Quectel_EC21,222,Italy,it,2,3G,Op B
20282,1,Mark-5,"Milan, Italy",Quectel_EC21,222,Italy,it,2,3G,Op B
20318,1,Mark-5,"Milan, Italy",Quectel_EC21,222,Italy,it,2,3G,Op B
20354,1,Mark-5,"Milan, Italy",Quectel_EC21,222,Italy,it,2,3G,Op B
20390,1,Mark-5,"Milan, Italy",Quectel_EC21,222,Italy,it,2,3G,Op B
20426,1,Mark-5,"Milan, Italy",Quectel_EC21,222,Italy,it,2,3G,Op B
22965,1,Mark-5,"Milan, Italy",Quectel_EC21,222,Italy,it,2,3G,Op B
23162,1,Mark-5,"Milan, Italy",Quectel_EC21,222,Italy,it,2,3G,Op B
23221,1,Mark-5,"Milan, Italy",Quectel_EC21,222,Italy,it,2,3G,Op B
23543,1,Mark-5,"Milan, Italy",Quectel_EC21,222,Italy,it,2,3G,Op B
18844,1,Mark-5,"Milan, Italy",Quectel_EC21,222,Italy,it,7,LTE CAT1,Op B
18871,1,Mark-5,"Milan, Italy",Quectel_EC21,222,Italy,it,7,LTE CAT1,Op B
18925,1,Mark-5,"Milan, Italy",Quectel_EC21,222,Italy,it,7,LTE CAT1,Op B
19058,1,Mark-5,"Milan, Italy",Quectel_EC21,222,Italy,it,7,LTE CAT1,Op B
19142,1,Mark-5,"Milan, Italy",Quectel_EC21,222,Italy,it,7,LTE CAT1,Op B
19646,1,Mark-5,"Milan, Italy",Quectel_EC21,222,Italy,it,7,LTE CAT1,Op B
19766,1,Mark-5,"Milan, Italy",Quectel_EC21,222,Italy,it,7,LTE CAT1,Op B
20100,1,Mark-5,"Milan, Italy",Quectel_EC21,222,Italy,it,7,LTE CAT1,Op B
20136,1,Mark-5,"Milan, Italy",Quectel_EC21,222,Italy,it,7,LTE CAT1,Op B
20172,1,Mark-5,"Milan, Italy",Quectel_EC21,222,Italy,it,7,LTE CAT1,Op B
20208,1,Mark-5,"Milan, Italy",Quectel_EC21,222,Italy,it,7,LTE CAT1,Op B
20244,1,Mark-5,"Milan, Italy",Quectel_EC21,222,Italy,it,7,LTE CAT1,Op B
20280,1,Mark-5,"Milan, Italy",Quectel_EC21,222,Italy,it,7,LTE CAT1,Op B
20316,1,Mark-5,"Milan, Italy",Quectel_EC21,222,Italy,it,7,LTE CAT1,Op B
20352,1,Mark-5,"Milan, Italy",Quectel_EC21,222,Italy,it,7,LTE CAT1,Op B
20388,1,Mark-5,"Milan, Italy",Quectel_EC21,222,Italy,it,7,LTE CAT1,Op B
20424,1,Mark-5,"Milan, Italy",Quectel_EC21,222,Italy,it,7,LTE CAT1,Op B
22963,1,Mark-5,"Milan, Italy",Quectel_EC21,222,Italy,it,7,LTE CAT1,Op B
23160,1,Mark-5,"Milan, Italy",Quectel_EC21,222,Italy,it,7,LTE CAT1,Op B
23219,1,Mark-5,"Milan, Italy",Quectel_EC21,222,Italy,it,7,LTE CAT1,Op B
23541,1,Mark-5,"Milan, Italy",Quectel_EC21,222,Italy,it,7,LTE CAT1,Op B
18863,1,Mark-7,"Trondheim, Norway",Quectel_EC21,242,Norway,no,0,2G,Op A
18916,1,Mark-7,"Trondheim, Norway",Quectel_EC21,242,Norway,no,0,2G,Op A
19045,1,Mark-7,"Trondheim, Norway",Quectel_EC21,242,Norway,no,0,2G,Op A
19050,1,Mark-7,"Trondheim, Norway",Quectel_EC21,242,Norway,no,0,2G,Op A
19170,1,Mark-7,"Trondheim, Norway",Quectel_EC21,242,Norway,no,0,2G,Op A
19177,1,Mark-7,"Trondheim, Norway",Quectel_EC21,242,Norway,no,0,2G,Op A
19657,1,Mark-7,"Trondheim, Norway",Quectel_EC21,242,Norway,no,0,2G,Op A
19770,1,Mark-7,"Trondheim, Norway",Quectel_EC21,242,Norway,no,0,2G,Op A
19801,1,Mark-7,"Trondheim, Norway",Quectel_EC21,242,Norway,no,0,2G,Op A
19931,1,Mark-7,"Trondheim, Norway",Quectel_EC21,242,Norway,no,0,2G,Op A
20133,1,Mark-7,"Trondheim, Norway",Quectel_EC21,242,Norway,no,0,2G,Op A
20169,1,Mark-7,"Trondheim, Norway",Quectel_EC21,242,Norway,no,0,2G,Op A
22310,1,Mark-7,"Trondheim, Norway",Quectel_EC21,242,Norway,no,0,2G,Op A
22311,1,Mark-7,"Trondheim, Norway",Quectel_EC21,242,Norway,no,0,2G,Op A
22312,1,Mark-7,"Trondheim, Norway",Quectel_EC21,242,Norway,no,0,2G,Op A
22313,1,Mark-7,"Trondheim, Norway",Quectel_EC21,242,Norway,no,0,2G,Op A
22314,1,Mark-7,"Trondheim, Norway",Quectel_EC21,242,Norway,no,0,2G,Op A
22315,1,Mark-7,"Trondheim, Norway",Quectel_EC21,242,Norway,no,0,2G,Op A
22825,1,Mark-7,"Trondheim, Norway",Quectel_EC21,242,Norway,no,0,2G,Op A
22826,1,Mark-7,"Trondheim, Norway",Quectel_EC21,242,Norway,no,0,2G,Op A
22827,1,Mark-7,"Trondheim, Norway",Quectel_EC21,242,Norway,no,0,2G,Op A
22828,1,Mark-7,"Trondheim, Norway",Quectel_EC21,242,Norway,no,0,2G,Op A
22829,1,Mark-7,"Trondheim, Norway",Quectel_EC21,242,Norway,no,0,2G,Op A
22830,1,Mark-7,"Trondheim, Norway",Quectel_EC21,242,Norway,no,0,2G,Op A
23068,1,Mark-7,"Trondheim, Norway",Quectel_EC21,242,Norway,no,0,2G,Op A
23069,1,Mark-7,"Trondheim, Norway",Quectel_EC21,242,Norway,no,0,2G,Op A
23070,1,Mark-7,"Trondheim, Norway",Quectel_EC21,242,Norway,no,0,2G,Op A
23071,1,Mark-7,"Trondheim, Norway",Quectel_EC21,242,Norway,no,0,2G,Op A
23072,1,Mark-7,"Trondheim, Norway",Quectel_EC21,242,Norway,no,0,2G,Op A
23073,1,Mark-7,"Trondheim, Norway",Quectel_EC21,242,Norway,no,0,2G,Op A
23074,1,Mark-7,"Trondheim, Norway",Quectel_EC21,242,Norway,no,0,2G,Op A
23075,1,Mark-7,"Trondheim, Norway",Quectel_EC21,242,Norway,no,0,2G,Op A
23076,1,Mark-7,"Trondheim, Norway",Quectel_EC21,242,Norway,no,0,2G,Op A
23077,1,Mark-7,"Trondheim, Norway",Quectel_EC21,242,Norway,no,0,2G,Op A
23275,1,Mark-7,"Trondheim, Norway",Quectel_EC21,242,Norway,no,0,2G,Op A
23597,1,Mark-7,"Trondheim, Norway",Quectel_EC21,242,Norway,no,0,2G,Op A
17068,1,Mark-7,"Trondheim, Norway",Quectel_EC21,242,Norway,no,7,LTE CAT1,Op A
17180,1,Mark-7,"Trondheim, Norway",Quectel_EC21,242,Norway,no,7,LTE CAT1,Op A
17415,1,Mark-7,"Trondheim, Norway",Quectel_EC21,242,Norway,no,7,LTE CAT1,Op A
17463,1,Mark-7,"Trondheim, Norway",Quectel_EC21,242,Norway,no,7,LTE CAT1,Op A
17684,1,Mark-7,"Trondheim, Norway",Quectel_EC21,242,Norway,no,7,LTE CAT1,Op A
18867,1,Mark-7,"Trondheim, Norway",Quectel_EC21,242,Norway,no,7,LTE CAT1,Op A
18920,1,Mark-7,"Trondheim, Norway",Quectel_EC21,242,Norway,no,7,LTE CAT1,Op A
19049,1,Mark-7,"Trondheim, Norway",Quectel_EC21,242,Norway,no,7,LTE CAT1,Op A
19054,1,Mark-7,"Trondheim, Norway",Quectel_EC21,242,Norway,no,7,LTE CAT1,Op A
19175,1,Mark-7,"Trondheim, Norway",Quectel_EC21,242,Norway,no,7,LTE CAT1,Op A
19176,1,Mark-7,"Trondheim, Norway",Quectel_EC21,242,Norway,no,7,LTE CAT1,Op A
19181,1,Mark-7,"Trondheim, Norway",Quectel_EC21,242,Norway,no,7,LTE CAT1,Op A
19774,1,Mark-7,"Trondheim, Norway",Quectel_EC21,242,Norway,no,7,LTE CAT1,Op A
19805,1,Mark-7,"Trondheim, Norway",Quectel_EC21,242,Norway,no,7,LTE CAT1,Op A
20111,1,Mark-7,"Trondheim, Norway",Quectel_EC21,242,Norway,no,7,LTE CAT1,Op A
20147,1,Mark-7,"Trondheim, Norway",Quectel_EC21,242,Norway,no,7,LTE CAT1,Op A
20183,1,Mark-7,"Trondheim, Norway",Quectel_EC21,242,Norway,no,7,LTE CAT1,Op A
20219,1,Mark-7,"Trondheim, Norway",Quectel_EC21,242,Norway,no,7,LTE CAT1,Op A
20291,1,Mark-7,"Trondheim, Norway",Quectel_EC21,242,Norway,no,7,LTE CAT1,Op A
20399,1,Mark-7,"Trondheim, Norway",Quectel_EC21,242,Norway,no,7,LTE CAT1,Op A
20435,1,Mark-7,"Trondheim, Norway",Quectel_EC21,242,Norway,no,7,LTE CAT1,Op A
22308,1,Mark-7,"Trondheim, Norway",Quectel_EC21,242,Norway,no,7,LTE CAT1,Op A
22309,1,Mark-7,"Trondheim, Norway",Quectel_EC21,242,Norway,no,7,LTE CAT1,Op A
22831,1,Mark-7,"Trondheim, Norway",Quectel_EC21,242,Norway,no,7,LTE CAT1,Op A
22832,1,Mark-7,"Trondheim, Norway",Quectel_EC21,242,Norway,no,7,LTE CAT1,Op A
22833,1,Mark-7,"Trondheim, Norway",Quectel_EC21,242,Norway,no,7,LTE CAT1,Op A
22984,1,Mark-7,"Trondheim, Norway",Quectel_EC21,242,Norway,no,7,LTE CAT1,Op A
23088,1,Mark-7,"Trondheim, Norway",Quectel_EC21,242,Norway,no,7,LTE CAT1,Op A
23089,1,Mark-7,"Trondheim, Norway",Quectel_EC21,242,Norway,no,7,LTE CAT1,Op A
23090,1,Mark-7,"Trondheim, Norway",Quectel_EC21,242,Norway,no,7,LTE CAT1,Op A
23091,1,Mark-7,"Trondheim, Norway",Quectel_EC21,242,Norway,no,7,LTE CAT1,Op A
23092,1,Mark-7,"Trondheim, Norway",Quectel_EC21,242,Norway,no,7,LTE CAT1,Op A
23093,1,Mark-7,"Trondheim, Norway",Quectel_EC21,242,Norway,no,7,LTE CAT1,Op A
23094,1,Mark-7,"Trondheim, Norway",Quectel_EC21,242,Norway,no,7,LTE CAT1,Op A
23095,1,Mark-7,"Trondheim, Norway",Quectel_EC21,242,Norway,no,7,LTE CAT1,Op A
23096,1,Mark-7,"Trondheim, Norway",Quectel_EC21,242,Norway,no,7,LTE CAT1,Op A
23097,1,Mark-7,"Trondheim, Norway",Quectel_EC21,242,Norway,no,7,LTE CAT1,Op A
23181,1,Mark-7,"Trondheim, Norway",Quectel_EC21,242,Norway,no,7,LTE CAT1,Op A
23240,1,Mark-7,"Trondheim, Norway",Quectel_EC21,242,Norway,no,7,LTE CAT1,Op A
23562,1,Mark-7,"Trondheim, Norway",Quectel_EC21,242,Norway,no,7,LTE CAT1,Op A
15093,1,Mark-6,"Trondheim, Norway",Quectel_BG96,242,Norway,no,8,LTE-M,Op A
15515,1,Mark-7,"Trondheim, Norway",Quectel_EC21,242,Norway,no,8,LTE-M,Op A
25081,1,Mark-7,"Trondheim, Norway",Quectel_BG96,242,Norway,no,8,LTE-M,Op A
25082,1,Mark-7,"Trondheim, Norway",Quectel_BG96,242,Norway,no,8,LTE-M,Op A
25083,1,Mark-7,"Trondheim, Norway",Quectel_BG96,242,Norway,no,8,LTE-M,Op A
25084,1,Mark-7,"Trondheim, Norway",Quectel_BG96,242,Norway,no,8,LTE-M,Op A
25085,1,Mark-7,"Trondheim, Norway",Quectel_BG96,242,Norway,no,8,LTE-M,Op A
25086,1,Mark-7,"Trondheim, Norway",Quectel_BG96,242,Norway,no,8,LTE-M,Op A
25087,1,Mark-7,"Trondheim, Norway",Quectel_BG96,242,Norway,no,8,LTE-M,Op A
25088,1,Mark-7,"Trondheim, Norway",Quectel_BG96,242,Norway,no,8,LTE-M,Op A
25089,1,Mark-7,"Trondheim, Norway",Quectel_BG96,242,Norway,no,8,LTE-M,Op A
25090,1,Mark-7,"Trondheim, Norway",Quectel_BG96,242,Norway,no,8,LTE-M,Op A
25091,1,Mark-7,"Trondheim, Norway",Quectel_BG96,242,Norway,no,8,LTE-M,Op A
25156,1,Mark-7,"Trondheim, Norway",Quectel_BG96,242,Norway,no,8,LTE-M,Op A
25157,1,Mark-7,"Trondheim, Norway",Quectel_BG96,242,Norway,no,8,LTE-M,Op A
25158,1,Mark-7,"Trondheim, Norway",Quectel_BG96,242,Norway,no,8,LTE-M,Op A
25159,1,Mark-7,"Trondheim, Norway",Quectel_BG96,242,Norway,no,8,LTE-M,Op A
25160,1,Mark-7,"Trondheim, Norway",Quectel_BG96,242,Norway,no,8,LTE-M,Op A
25161,1,Mark-7,"Trondheim, Norway",Quectel_BG96,242,Norway,no,8,LTE-M,Op A
25162,1,Mark-7,"Trondheim, Norway",Quectel_BG96,242,Norway,no,8,LTE-M,Op A
25163,1,Mark-7,"Trondheim, Norway",Quectel_BG96,242,Norway,no,8,LTE-M,Op A
25164,1,Mark-7,"Trondheim, Norway",Quectel_BG96,242,Norway,no,8,LTE-M,Op A
25165,1,Mark-7,"Trondheim, Norway",Quectel_BG96,242,Norway,no,8,LTE-M,Op A
24810,1,Mark-7,"Trondheim, Norway",Quectel_BG96,242,Norway,no,9,NB-IoT,Op A
24825,1,Mark-7,"Trondheim, Norway",Quectel_BG96,242,Norway,no,9,NB-IoT,Op A
24840,1,Mark-7,"Trondheim, Norway",Quectel_BG96,242,Norway,no,9,NB-IoT,Op A
24855,1,Mark-7,"Trondheim, Norway",Quectel_BG96,242,Norway,no,9,NB-IoT,Op A
24870,1,Mark-7,"Trondheim, Norway",Quectel_BG96,242,Norway,no,9,NB-IoT,Op A
24885,1,Mark-7,"Trondheim, Norway",Quectel_BG96,242,Norway,no,9,NB-IoT,Op A
24900,1,Mark-7,"Trondheim, Norway",Quectel_BG96,242,Norway,no,9,NB-IoT,Op A
24915,1,Mark-7,"Trondheim, Norway",Quectel_BG96,242,Norway,no,9,NB-IoT,Op A
24930,1,Mark-7,"Trondheim, Norway",Quectel_BG96,242,Norway,no,9,NB-IoT,Op A
24945,1,Mark-7,"Trondheim, Norway",Quectel_BG96,242,Norway,no,9,NB-IoT,Op A
24960,1,Mark-7,"Trondheim, Norway",Quectel_BG96,242,Norway,no,9,NB-IoT,Op A
24975,1,Mark-7,"Trondheim, Norway",Quectel_BG96,242,Norway,no,9,NB-IoT,Op A
24990,1,Mark-7,"Trondheim, Norway",Quectel_BG96,242,Norway,no,9,NB-IoT,Op A
25007,1,Mark-7,"Trondheim, Norway",Quectel_BG96,242,Norway,no,9,NB-IoT,Op A
25022,1,Mark-7,"Trondheim, Norway",Quectel_BG96,242,Norway,no,9,NB-IoT,Op A
18864,1,Mark-7,"Trondheim, Norway",Quectel_EC21,242,Norway,no,0,2G,Op B
19046,1,Mark-7,"Trondheim, Norway",Quectel_EC21,242,Norway,no,0,2G,Op B
19051,1,Mark-7,"Trondheim, Norway",Quectel_EC21,242,Norway,no,0,2G,Op B
19167,1,Mark-7,"Trondheim, Norway",Quectel_EC21,242,Norway,no,0,2G,Op B
19172,1,Mark-7,"Trondheim, Norway",Quectel_EC21,242,Norway,no,0,2G,Op B
19178,1,Mark-7,"Trondheim, Norway",Quectel_EC21,242,Norway,no,0,2G,Op B
19638,1,Mark-7,"Trondheim, Norway",Quectel_EC21,242,Norway,no,0,2G,Op B
19771,1,Mark-7,"Trondheim, Norway",Quectel_EC21,242,Norway,no,0,2G,Op B
19802,1,Mark-7,"Trondheim, Norway",Quectel_EC21,242,Norway,no,0,2G,Op B
20131,1,Mark-7,"Trondheim, Norway",Quectel_EC21,242,Norway,no,0,2G,Op B
20167,1,Mark-7,"Trondheim, Norway",Quectel_EC21,242,Norway,no,0,2G,Op B
20203,1,Mark-7,"Trondheim, Norway",Quectel_EC21,242,Norway,no,0,2G,Op B
20239,1,Mark-7,"Trondheim, Norway",Quectel_EC21,242,Norway,no,0,2G,Op B
20275,1,Mark-7,"Trondheim, Norway",Quectel_EC21,242,Norway,no,0,2G,Op B
20311,1,Mark-7,"Trondheim, Norway",Quectel_EC21,242,Norway,no,0,2G,Op B
20347,1,Mark-7,"Trondheim, Norway",Quectel_EC21,242,Norway,no,0,2G,Op B
20383,1,Mark-7,"Trondheim, Norway",Quectel_EC21,242,Norway,no,0,2G,Op B
20419,1,Mark-7,"Trondheim, Norway",Quectel_EC21,242,Norway,no,0,2G,Op B
20455,1,Mark-7,"Trondheim, Norway",Quectel_EC21,242,Norway,no,0,2G,Op B
23015,1,Mark-7,"Trondheim, Norway",Quectel_EC21,242,Norway,no,0,2G,Op B
23078,1,Mark-7,"Trondheim, Norway",Quectel_EC21,242,Norway,no,0,2G,Op B
23079,1,Mark-7,"Trondheim, Norway",Quectel_EC21,242,Norway,no,0,2G,Op B
23080,1,Mark-7,"Trondheim, Norway",Quectel_EC21,242,Norway,no,0,2G,Op B
23081,1,Mark-7,"Trondheim, Norway",Quectel_EC21,242,Norway,no,0,2G,Op B
23082,1,Mark-7,"Trondheim, Norway",Quectel_EC21,242,Norway,no,0,2G,Op B
23083,1,Mark-7,"Trondheim, Norway",Quectel_EC21,242,Norway,no,0,2G,Op B
23084,1,Mark-7,"Trondheim, Norway",Quectel_EC21,242,Norway,no,0,2G,Op B
23085,1,Mark-7,"Trondheim, Norway",Quectel_EC21,242,Norway,no,0,2G,Op B
23086,1,Mark-7,"Trondheim, Norway",Quectel_EC21,242,Norway,no,0,2G,Op B
23087,1,Mark-7,"Trondheim, Norway",Quectel_EC21,242,Norway,no,0,2G,Op B
23212,1,Mark-7,"Trondheim, Norway",Quectel_EC21,242,Norway,no,0,2G,Op B
23271,1,Mark-7,"Trondheim, Norway",Quectel_EC21,242,Norway,no,0,2G,Op B
23593,1,Mark-7,"Trondheim, Norway",Quectel_EC21,242,Norway,no,0,2G,Op B
24811,1,Mark-7,"Trondheim, Norway",Quectel_BG96,242,Norway,no,0,2G,Op B
24831,1,Mark-7,"Trondheim, Norway",Quectel_BG96,242,Norway,no,0,2G,Op B
24846,1,Mark-7,"Trondheim, Norway",Quectel_BG96,242,Norway,no,0,2G,Op B
24861,1,Mark-7,"Trondheim, Norway",Quectel_BG96,242,Norway,no,0,2G,Op B
24876,1,Mark-7,"Trondheim, Norway",Quectel_BG96,242,Norway,no,0,2G,Op B
24891,1,Mark-7,"Trondheim, Norway",Quectel_BG96,242,Norway,no,0,2G,Op B
24906,1,Mark-7,"Trondheim, Norway",Quectel_BG96,242,Norway,no,0,2G,Op B
24921,1,Mark-7,"Trondheim, Norway",Quectel_BG96,242,Norway,no,0,2G,Op B
24936,1,Mark-7,"Trondheim, Norway",Quectel_BG96,242,Norway,no,0,2G,Op B
24951,1,Mark-7,"Trondheim, Norway",Quectel_BG96,242,Norway,no,0,2G,Op B
24966,1,Mark-7,"Trondheim, Norway",Quectel_BG96,242,Norway,no,0,2G,Op B
24981,1,Mark-7,"Trondheim, Norway",Quectel_BG96,242,Norway,no,0,2G,Op B
24996,1,Mark-7,"Trondheim, Norway",Quectel_BG96,242,Norway,no,0,2G,Op B
25013,1,Mark-7,"Trondheim, Norway",Quectel_BG96,242,Norway,no,0,2G,Op B
13369,1,Mark-6,"Trondheim, Norway",Quectel_EC21,242,Norway,no,7,LTE CAT1,Op B
13369,2,Mark-6,"Trondheim, Norway",Quectel_EC21,242,Norway,no,7,LTE CAT1,Op B
14021,1,Mark-6,"Trondheim, Norway",Quectel_EC21,242,Norway,no,7,LTE CAT1,Op B
14021,2,Mark-6,"Trondheim, Norway",Quectel_EC21,242,Norway,no,7,LTE CAT1,Op B
14021,3,Mark-6,"Trondheim, Norway",Quectel_EC21,242,Norway,no,7,LTE CAT1,Op B
14021,4,Mark-6,"Trondheim, Norway",Quectel_EC21,242,Norway,no,7,LTE CAT1,Op B
14021,5,Mark-6,"Trondheim, Norway",Quectel_EC21,242,Norway,no,7,LTE CAT1,Op B
14066,1,Mark-6,"Trondheim, Norway",Quectel_EC21,242,Norway,no,7,LTE CAT1,Op B
14066,3,Mark-6,"Trondheim, Norway",Quectel_EC21,242,Norway,no,7,LTE CAT1,Op B
14066,5,Mark-6,"Trondheim, Norway",Quectel_EC21,242,Norway,no,7,LTE CAT1,Op B
15484,1,Mark-6,"Trondheim, Norway",Quectel_EC21,242,Norway,no,7,LTE CAT1,Op B
18865,1,Mark-7,"Trondheim, Norway",Quectel_EC21,242,Norway,no,7,LTE CAT1,Op B
18918,1,Mark-7,"Trondheim, Norway",Quectel_EC21,242,Norway,no,7,LTE CAT1,Op B
19047,1,Mark-7,"Trondheim, Norway",Quectel_EC21,242,Norway,no,7,LTE CAT1,Op B
19052,1,Mark-7,"Trondheim, Norway",Quectel_EC21,242,Norway,no,7,LTE CAT1,Op B
19168,1,Mark-7,"Trondheim, Norway",Quectel_EC21,242,Norway,no,7,LTE CAT1,Op B
19179,1,Mark-7,"Trondheim, Norway",Quectel_EC21,242,Norway,no,7,LTE CAT1,Op B
19648,1,Mark-7,"Trondheim, Norway",Quectel_EC21,242,Norway,no,7,LTE CAT1,Op B
19772,1,Mark-7,"Trondheim, Norway",Quectel_EC21,242,Norway,no,7,LTE CAT1,Op B
19803,1,Mark-7,"Trondheim, Norway",Quectel_EC21,242,Norway,no,7,LTE CAT1,Op B
20129,1,Mark-7,"Trondheim, Norway",Quectel_EC21,242,Norway,no,7,LTE CAT1,Op B
20165,1,Mark-7,"Trondheim, Norway",Quectel_EC21,242,Norway,no,7,LTE CAT1,Op B
20201,1,Mark-7,"Trondheim, Norway",Quectel_EC21,242,Norway,no,7,LTE CAT1,Op B
20237,1,Mark-7,"Trondheim, Norway",Quectel_EC21,242,Norway,no,7,LTE CAT1,Op B
20309,1,Mark-7,"Trondheim, Norway",Quectel_EC21,242,Norway,no,7,LTE CAT1,Op B
20345,1,Mark-7,"Trondheim, Norway",Quectel_EC21,242,Norway,no,7,LTE CAT1,Op B
20381,1,Mark-7,"Trondheim, Norway",Quectel_EC21,242,Norway,no,7,LTE CAT1,Op B
20417,1,Mark-7,"Trondheim, Norway",Quectel_EC21,242,Norway,no,7,LTE CAT1,Op B
22317,1,Mark-7,"Trondheim, Norway",Quectel_EC21,242,Norway,no,7,LTE CAT1,Op B
22834,1,Mark-7,"Trondheim, Norway",Quectel_EC21,242,Norway,no,7,LTE CAT1,Op B
23012,1,Mark-7,"Trondheim, Norway",Quectel_EC21,242,Norway,no,7,LTE CAT1,Op B
23099,1,Mark-7,"Trondheim, Norway",Quectel_EC21,242,Norway,no,7,LTE CAT1,Op B
23100,1,Mark-7,"Trondheim, Norway",Quectel_EC21,242,Norway,no,7,LTE CAT1,Op B
23107,1,Mark-7,"Trondheim, Norway",Quectel_EC21,242,Norway,no,7,LTE CAT1,Op B
23268,1,Mark-7,"Trondheim, Norway",Quectel_EC21,242,Norway,no,7,LTE CAT1,Op B
23590,1,Mark-7,"Trondheim, Norway",Quectel_EC21,242,Norway,no,7,LTE CAT1,Op B
24804,1,Mark-7,"Trondheim, Norway",Quectel_BG96,242,Norway,no,8,LTE-M,Op B
24821,1,Mark-7,"Trondheim, Norway",Quectel_BG96,242,Norway,no,8,LTE-M,Op B
24828,1,Mark-7,"Trondheim, Norway",Quectel_BG96,242,Norway,no,8,LTE-M,Op B
24843,1,Mark-7,"Trondheim, Norway",Quectel_BG96,242,Norway,no,8,LTE-M,Op B
24858,1,Mark-7,"Trondheim, Norway",Quectel_BG96,242,Norway,no,8,LTE-M,Op B
24873,1,Mark-7,"Trondheim, Norway",Quectel_BG96,242,Norway,no,8,LTE-M,Op B
24888,1,Mark-7,"Trondheim, Norway",Quectel_BG96,242,Norway,no,8,LTE-M,Op B
24903,1,Mark-7,"Trondheim, Norway",Quectel_BG96,242,Norway,no,8,LTE-M,Op B
24918,1,Mark-7,"Trondheim, Norway",Quectel_BG96,242,Norway,no,8,LTE-M,Op B
24933,1,Mark-7,"Trondheim, Norway",Quectel_BG96,242,Norway,no,8,LTE-M,Op B
24948,1,Mark-7,"Trondheim, Norway",Quectel_BG96,242,Norway,no,8,LTE-M,Op B
24963,1,Mark-7,"Trondheim, Norway",Quectel_BG96,242,Norway,no,8,LTE-M,Op B
24978,1,Mark-7,"Trondheim, Norway",Quectel_BG96,242,Norway,no,8,LTE-M,Op B
24993,1,Mark-7,"Trondheim, Norway",Quectel_BG96,242,Norway,no,8,LTE-M,Op B
25010,1,Mark-7,"Trondheim, Norway",Quectel_BG96,242,Norway,no,8,LTE-M,Op B
25025,1,Mark-7,"Trondheim, Norway",Quectel_BG96,242,Norway,no,8,LTE-M,Op B
20101,1,Mark-10,"Zagreb, Croatia",Quectel_EC21,219,Croatia,hr,7,LTE CAT1,Op A
20137,1,Mark-10,"Zagreb, Croatia",Quectel_EC21,219,Croatia,hr,7,LTE CAT1,Op A
20245,1,Mark-10,"Zagreb, Croatia",Quectel_EC21,219,Croatia,hr,7,LTE CAT1,Op A
20425,1,Mark-10,"Zagreb, Croatia",Quectel_EC21,219,Croatia,hr,7,LTE CAT1,Op A
23194,1,Mark-5,"Milan, Italy",Quectel_EC21,222,Italy,it,2,3G,Op A
20313,1,Mark-7,"Trondheim, Norway",Quectel_EC21,242,Norway,no,0,2G,Op A
20349,1,Mark-7,"Trondheim, Norway",Quectel_EC21,242,Norway,no,0,2G,Op A
20188,1,Mark-1,"Würzburg, Germany",Quectel_EC21,262,Germany,de,7,LTE CAT1,Op B
20440,1,Mark-1,"Würzburg, Germany",Quectel_EC21,262,Germany,de,7,LTE CAT1,Op B
20533,1,Mark-6,"Munich, Germany",Quectel_BG96,262,Germany,de,0,2G,Op B
22810,1,Mark-6,"Munich, Germany",Quectel_EC21,262,Germany,de,7,LTE CAT1,Op B
20202,1,Mark-1,"Würzburg, Germany",Quectel_EC21,262,Germany,de,7,LTE CAT1,Op A
22815,1,Mark-6,"Munich, Germany",Quectel_EC21,262,Germany,de,7,LTE CAT1,Op A
23256,1,Mark-6,"Munich, Germany",Quectel_EC21,262,Germany,de,7,LTE CAT1,Op A
20616,1,Mark-10,"Zagreb, Croatia",Quectel_EC21,219,Croatia,hr,0,2G,Op C
20627,1,Mark-10,"Zagreb, Croatia",Quectel_EC21,219,Croatia,hr,7,LTE CAT1,Op C
20680,1,Mark-10,"Zagreb, Croatia",Quectel_EC21,219,Croatia,hr,0,2G,Op C
21026,1,Mark-10,"Zagreb, Croatia",Quectel_EC21,219,Croatia,hr,0,2G,Op C
21037,1,Mark-10,"Zagreb, Croatia",Quectel_EC21,219,Croatia,hr,7,LTE CAT1,Op C
21089,1,Mark-10,"Zagreb, Croatia",Quectel_EC21,219,Croatia,hr,0,2G,Op C
21152,1,Mark-10,"Zagreb, Croatia",Quectel_EC21,219,Croatia,hr,0,2G,Op C
21163,1,Mark-10,"Zagreb, Croatia",Quectel_EC21,219,Croatia,hr,7,LTE CAT1,Op C
21215,1,Mark-10,"Zagreb, Croatia",Quectel_EC21,219,Croatia,hr,0,2G,Op C
21226,1,Mark-10,"Zagreb, Croatia",Quectel_EC21,219,Croatia,hr,7,LTE CAT1,Op C
21278,1,Mark-10,"Zagreb, Croatia",Quectel_EC21,219,Croatia,hr,0,2G,Op C
21289,1,Mark-10,"Zagreb, Croatia",Quectel_EC21,219,Croatia,hr,7,LTE CAT1,Op C
21348,1,Mark-10,"Zagreb, Croatia",Quectel_EC21,219,Croatia,hr,0,2G,Op C
21359,1,Mark-10,"Zagreb, Croatia",Quectel_EC21,219,Croatia,hr,7,LTE CAT1,Op C
21411,1,Mark-10,"Zagreb, Croatia",Quectel_EC21,219,Croatia,hr,0,2G,Op C
21422,1,Mark-10,"Zagreb, Croatia",Quectel_EC21,219,Croatia,hr,7,LTE CAT1,Op C
21474,1,Mark-10,"Zagreb, Croatia",Quectel_EC21,219,Croatia,hr,0,2G,Op C
21537,1,Mark-10,"Zagreb, Croatia",Quectel_EC21,219,Croatia,hr,0,2G,Op C
21548,1,Mark-10,"Zagreb, Croatia",Quectel_EC21,219,Croatia,hr,7,LTE CAT1,Op C
21600,1,Mark-10,"Zagreb, Croatia",Quectel_EC21,219,Croatia,hr,0,2G,Op C
21611,1,Mark-10,"Zagreb, Croatia",Quectel_EC21,219,Croatia,hr,7,LTE CAT1,Op C
22341,1,Mark-10,"Zagreb, Croatia",Quectel_EC21,219,Croatia,hr,7,LTE CAT1,Op C
22861,1,Mark-10,"Zagreb, Croatia",Quectel_EC21,219,Croatia,hr,0,2G,Op C
22874,1,Mark-10,"Zagreb, Croatia",Quectel_EC21,219,Croatia,hr,7,LTE CAT1,Op C
23302,1,Mark-10,"Zagreb, Croatia",Quectel_EC21,219,Croatia,hr,0,2G,Op C
23315,1,Mark-10,"Zagreb, Croatia",Quectel_EC21,219,Croatia,hr,7,LTE CAT1,Op C
23365,1,Mark-10,"Zagreb, Croatia",Quectel_EC21,219,Croatia,hr,0,2G,Op C
23378,1,Mark-10,"Zagreb, Croatia",Quectel_EC21,219,Croatia,hr,7,LTE CAT1,Op C
23624,1,Mark-10,"Zagreb, Croatia",Quectel_EC21,219,Croatia,hr,0,2G,Op C
23637,1,Mark-10,"Zagreb, Croatia",Quectel_EC21,219,Croatia,hr,7,LTE CAT1,Op C
20610,1,Mark-10,"Zagreb, Croatia",Quectel_EC21,219,Croatia,hr,0,2G,Op A
20613,1,Mark-10,"Zagreb, Croatia",Quectel_BG96,219,Croatia,hr,0,2G,Op A
20617,1,Mark-10,"Zagreb, Croatia",Quectel_EC21,219,Croatia,hr,2,3G,Op A
20643,1,Mark-10,"Zagreb, Croatia",Quectel_EC21,219,Croatia,hr,7,LTE CAT1,Op A
20674,1,Mark-10,"Zagreb, Croatia",Quectel_EC21,219,Croatia,hr,0,2G,Op A
20677,1,Mark-10,"Zagreb, Croatia",Quectel_BG96,219,Croatia,hr,0,2G,Op A
20681,1,Mark-10,"Zagreb, Croatia",Quectel_EC21,219,Croatia,hr,2,3G,Op A
20707,1,Mark-10,"Zagreb, Croatia",Quectel_EC21,219,Croatia,hr,7,LTE CAT1,Op A
21020,1,Mark-10,"Zagreb, Croatia",Quectel_EC21,219,Croatia,hr,0,2G,Op A
21027,1,Mark-10,"Zagreb, Croatia",Quectel_EC21,219,Croatia,hr,2,3G,Op A
21053,1,Mark-10,"Zagreb, Croatia",Quectel_EC21,219,Croatia,hr,7,LTE CAT1,Op A
21083,1,Mark-10,"Zagreb, Croatia",Quectel_EC21,219,Croatia,hr,0,2G,Op A
21090,1,Mark-10,"Zagreb, Croatia",Quectel_EC21,219,Croatia,hr,2,3G,Op A
21116,1,Mark-10,"Zagreb, Croatia",Quectel_EC21,219,Croatia,hr,7,LTE CAT1,Op A
21146,1,Mark-10,"Zagreb, Croatia",Quectel_EC21,219,Croatia,hr,0,2G,Op A
21149,1,Mark-10,"Zagreb, Croatia",Quectel_BG96,219,Croatia,hr,0,2G,Op A
21153,1,Mark-10,"Zagreb, Croatia",Quectel_EC21,219,Croatia,hr,2,3G,Op A
21179,1,Mark-10,"Zagreb, Croatia",Quectel_EC21,219,Croatia,hr,7,LTE CAT1,Op A
21209,1,Mark-10,"Zagreb, Croatia",Quectel_EC21,219,Croatia,hr,0,2G,Op A
21212,1,Mark-10,"Zagreb, Croatia",Quectel_BG96,219,Croatia,hr,0,2G,Op A
21216,1,Mark-10,"Zagreb, Croatia",Quectel_EC21,219,Croatia,hr,2,3G,Op A
21242,1,Mark-10,"Zagreb, Croatia",Quectel_EC21,219,Croatia,hr,7,LTE CAT1,Op A
21272,1,Mark-10,"Zagreb, Croatia",Quectel_EC21,219,Croatia,hr,0,2G,Op A
21275,1,Mark-10,"Zagreb, Croatia",Quectel_BG96,219,Croatia,hr,0,2G,Op A
21279,1,Mark-10,"Zagreb, Croatia",Quectel_EC21,219,Croatia,hr,2,3G,Op A
21305,1,Mark-10,"Zagreb, Croatia",Quectel_EC21,219,Croatia,hr,7,LTE CAT1,Op A
21342,1,Mark-10,"Zagreb, Croatia",Quectel_EC21,219,Croatia,hr,0,2G,Op A
21345,1,Mark-10,"Zagreb, Croatia",Quectel_BG96,219,Croatia,hr,0,2G,Op A
21349,1,Mark-10,"Zagreb, Croatia",Quectel_EC21,219,Croatia,hr,2,3G,Op A
21375,1,Mark-10,"Zagreb, Croatia",Quectel_EC21,219,Croatia,hr,7,LTE CAT1,Op A
21405,1,Mark-10,"Zagreb, Croatia",Quectel_EC21,219,Croatia,hr,0,2G,Op A
21408,1,Mark-10,"Zagreb, Croatia",Quectel_BG96,219,Croatia,hr,0,2G,Op A
21412,1,Mark-10,"Zagreb, Croatia",Quectel_EC21,219,Croatia,hr,2,3G,Op A
21438,1,Mark-10,"Zagreb, Croatia",Quectel_EC21,219,Croatia,hr,7,LTE CAT1,Op A
21468,1,Mark-10,"Zagreb, Croatia",Quectel_EC21,219,Croatia,hr,0,2G,Op A
21471,1,Mark-10,"Zagreb, Croatia",Quectel_BG96,219,Croatia,hr,0,2G,Op A
21475,1,Mark-10,"Zagreb, Croatia",Quectel_EC21,219,Croatia,hr,2,3G,Op A
21501,1,Mark-10,"Zagreb, Croatia",Quectel_EC21,219,Croatia,hr,7,LTE CAT1,Op A
21531,1,Mark-10,"Zagreb, Croatia",Quectel_EC21,219,Croatia,hr,0,2G,Op A
21534,1,Mark-10,"Zagreb, Croatia",Quectel_BG96,219,Croatia,hr,0,2G,Op A
21538,1,Mark-10,"Zagreb, Croatia",Quectel_EC21,219,Croatia,hr,2,3G,Op A
21564,1,Mark-10,"Zagreb, Croatia",Quectel_EC21,219,Croatia,hr,7,LTE CAT1,Op A
21594,1,Mark-10,"Zagreb, Croatia",Quectel_EC21,219,Croatia,hr,0,2G,Op A
21597,1,Mark-10,"Zagreb, Croatia",Quectel_BG96,219,Croatia,hr,0,2G,Op A
21601,1,Mark-10,"Zagreb, Croatia",Quectel_EC21,219,Croatia,hr,2,3G,Op A
21627,1,Mark-10,"Zagreb, Croatia",Quectel_EC21,219,Croatia,hr,7,LTE CAT1,Op A
22855,1,Mark-10,"Zagreb, Croatia",Quectel_EC21,219,Croatia,hr,0,2G,Op A
22858,1,Mark-10,"Zagreb, Croatia",Quectel_BG96,219,Croatia,hr,0,2G,Op A
22862,1,Mark-10,"Zagreb, Croatia",Quectel_EC21,219,Croatia,hr,2,3G,Op A
22889,1,Mark-10,"Zagreb, Croatia",Quectel_EC21,219,Croatia,hr,7,LTE CAT1,Op A
23296,1,Mark-10,"Zagreb, Croatia",Quectel_EC21,219,Croatia,hr,0,2G,Op A
23299,1,Mark-10,"Zagreb, Croatia",Quectel_BG96,219,Croatia,hr,0,2G,Op A
23303,1,Mark-10,"Zagreb, Croatia",Quectel_EC21,219,Croatia,hr,2,3G,Op A
23330,1,Mark-10,"Zagreb, Croatia",Quectel_EC21,219,Croatia,hr,7,LTE CAT1,Op A
23359,1,Mark-10,"Zagreb, Croatia",Quectel_EC21,219,Croatia,hr,0,2G,Op A
23362,1,Mark-10,"Zagreb, Croatia",Quectel_BG96,219,Croatia,hr,0,2G,Op A
23366,1,Mark-10,"Zagreb, Croatia",Quectel_EC21,219,Croatia,hr,2,3G,Op A
23393,1,Mark-10,"Zagreb, Croatia",Quectel_EC21,219,Croatia,hr,7,LTE CAT1,Op A
23618,1,Mark-10,"Zagreb, Croatia",Quectel_EC21,219,Croatia,hr,0,2G,Op A
23621,1,Mark-10,"Zagreb, Croatia",Quectel_BG96,219,Croatia,hr,0,2G,Op A
23625,1,Mark-10,"Zagreb, Croatia",Quectel_EC21,219,Croatia,hr,2,3G,Op A
23652,1,Mark-10,"Zagreb, Croatia",Quectel_EC21,219,Croatia,hr,7,LTE CAT1,Op A
20602,1,Mark-10,"Zagreb, Croatia",Quectel_BG96,219,Croatia,hr,0,2G,Op B
20612,1,Mark-10,"Zagreb, Croatia",Quectel_EC21,219,Croatia,hr,7,LTE CAT1,Op B
20624,1,Mark-10,"Zagreb, Croatia",Quectel_EC21,219,Croatia,hr,2,3G,Op B
20635,1,Mark-10,"Zagreb, Croatia",Quectel_EC21,219,Croatia,hr,0,2G,Op B
20676,1,Mark-10,"Zagreb, Croatia",Quectel_EC21,219,Croatia,hr,7,LTE CAT1,Op B
20688,1,Mark-10,"Zagreb, Croatia",Quectel_EC21,219,Croatia,hr,2,3G,Op B
20699,1,Mark-10,"Zagreb, Croatia",Quectel_EC21,219,Croatia,hr,0,2G,Op B
20701,1,Mark-10,"Zagreb, Croatia",Quectel_BG96,219,Croatia,hr,8,LTE-M,Op B
21022,1,Mark-10,"Zagreb, Croatia",Quectel_EC21,219,Croatia,hr,7,LTE CAT1,Op B
21034,1,Mark-10,"Zagreb, Croatia",Quectel_EC21,219,Croatia,hr,2,3G,Op B
21045,1,Mark-10,"Zagreb, Croatia",Quectel_EC21,219,Croatia,hr,0,2G,Op B
21047,1,Mark-10,"Zagreb, Croatia",Quectel_BG96,219,Croatia,hr,8,LTE-M,Op B
21085,1,Mark-10,"Zagreb, Croatia",Quectel_EC21,219,Croatia,hr,7,LTE CAT1,Op B
21097,1,Mark-10,"Zagreb, Croatia",Quectel_EC21,219,Croatia,hr,2,3G,Op B
21108,1,Mark-10,"Zagreb, Croatia",Quectel_EC21,219,Croatia,hr,0,2G,Op B
21110,1,Mark-10,"Zagreb, Croatia",Quectel_BG96,219,Croatia,hr,8,LTE-M,Op B
21148,1,Mark-10,"Zagreb, Croatia",Quectel_EC21,219,Croatia,hr,7,LTE CAT1,Op B
21160,1,Mark-10,"Zagreb, Croatia",Quectel_EC21,219,Croatia,hr,2,3G,Op B
21171,1,Mark-10,"Zagreb, Croatia",Quectel_EC21,219,Croatia,hr,0,2G,Op B
21201,1,Mark-10,"Zagreb, Croatia",Quectel_BG96,219,Croatia,hr,0,2G,Op B
21211,1,Mark-10,"Zagreb, Croatia",Quectel_EC21,219,Croatia,hr,7,LTE CAT1,Op B
21223,1,Mark-10,"Zagreb, Croatia",Quectel_EC21,219,Croatia,hr,2,3G,Op B
21234,1,Mark-10,"Zagreb, Croatia",Quectel_EC21,219,Croatia,hr,0,2G,Op B
21264,1,Mark-10,"Zagreb, Croatia",Quectel_BG96,219,Croatia,hr,0,2G,Op B
21274,1,Mark-10,"Zagreb, Croatia",Quectel_EC21,219,Croatia,hr,7,LTE CAT1,Op B
21286,1,Mark-10,"Zagreb, Croatia",Quectel_EC21,219,Croatia,hr,2,3G,Op B
21297,1,Mark-10,"Zagreb, Croatia",Quectel_EC21,219,Croatia,hr,0,2G,Op B
21299,1,Mark-10,"Zagreb, Croatia",Quectel_BG96,219,Croatia,hr,8,LTE-M,Op B
21334,1,Mark-10,"Zagreb, Croatia",Quectel_BG96,219,Croatia,hr,0,2G,Op B
21344,1,Mark-10,"Zagreb, Croatia",Quectel_EC21,219,Croatia,hr,7,LTE CAT1,Op B
21356,1,Mark-10,"Zagreb, Croatia",Quectel_EC21,219,Croatia,hr,2,3G,Op B
21367,1,Mark-10,"Zagreb, Croatia",Quectel_EC21,219,Croatia,hr,0,2G,Op B
21397,1,Mark-10,"Zagreb, Croatia",Quectel_BG96,219,Croatia,hr,0,2G,Op B
21407,1,Mark-10,"Zagreb, Croatia",Quectel_EC21,219,Croatia,hr,7,LTE CAT1,Op B
21419,1,Mark-10,"Zagreb, Croatia",Quectel_EC21,219,Croatia,hr,2,3G,Op B
21430,1,Mark-10,"Zagreb, Croatia",Quectel_EC21,219,Croatia,hr,0,2G,Op B
21432,1,Mark-10,"Zagreb, Croatia",Quectel_BG96,219,Croatia,hr,8,LTE-M,Op B
21470,1,Mark-10,"Zagreb, Croatia",Quectel_EC21,219,Croatia,hr,7,LTE CAT1,Op B
21482,1,Mark-10,"Zagreb, Croatia",Quectel_EC21,219,Croatia,hr,2,3G,Op B
21493,1,Mark-10,"Zagreb, Croatia",Quectel_EC21,219,Croatia,hr,0,2G,Op B
21495,1,Mark-10,"Zagreb, Croatia",Quectel_BG96,219,Croatia,hr,8,LTE-M,Op B
21523,1,Mark-10,"Zagreb, Croatia",Quectel_BG96,219,Croatia,hr,0,2G,Op B
21533,1,Mark-10,"Zagreb, Croatia",Quectel_EC21,219,Croatia,hr,7,LTE CAT1,Op B
21543,1,Mark-10,"Zagreb, Croatia",Quectel_BG96,219,Croatia,hr,9,NB-IoT,Op B
21545,1,Mark-10,"Zagreb, Croatia",Quectel_EC21,219,Croatia,hr,2,3G,Op B
21556,1,Mark-10,"Zagreb, Croatia",Quectel_EC21,219,Croatia,hr,0,2G,Op B
21558,1,Mark-10,"Zagreb, Croatia",Quectel_BG96,219,Croatia,hr,8,LTE-M,Op B
21596,1,Mark-10,"Zagreb, Croatia",Quectel_EC21,219,Croatia,hr,7,LTE CAT1,Op B
21606,1,Mark-10,"Zagreb, Croatia",Quectel_BG96,219,Croatia,hr,9,NB-IoT,Op B
21608,1,Mark-10,"Zagreb, Croatia",Quectel_EC21,219,Croatia,hr,2,3G,Op B
21619,1,Mark-10,"Zagreb, Croatia",Quectel_EC21,219,Croatia,hr,0,2G,Op B
21621,1,Mark-10,"Zagreb, Croatia",Quectel_BG96,219,Croatia,hr,8,LTE-M,Op B
22331,1,Mark-10,"Zagreb, Croatia",Quectel_BG96,219,Croatia,hr,9,NB-IoT,Op B
22332,1,Mark-10,"Zagreb, Croatia",Quectel_BG96,219,Croatia,hr,9,NB-IoT,Op B
22333,1,Mark-10,"Zagreb, Croatia",Quectel_BG96,219,Croatia,hr,9,NB-IoT,Op B
22334,1,Mark-10,"Zagreb, Croatia",Quectel_BG96,219,Croatia,hr,9,NB-IoT,Op B
22335,1,Mark-10,"Zagreb, Croatia",Quectel_BG96,219,Croatia,hr,9,NB-IoT,Op B
22336,1,Mark-10,"Zagreb, Croatia",Quectel_BG96,219,Croatia,hr,9,NB-IoT,Op B
22337,1,Mark-10,"Zagreb, Croatia",Quectel_BG96,219,Croatia,hr,9,NB-IoT,Op B
22338,1,Mark-10,"Zagreb, Croatia",Quectel_BG96,219,Croatia,hr,9,NB-IoT,Op B
22339,1,Mark-10,"Zagreb, Croatia",Quectel_BG96,219,Croatia,hr,8,LTE-M,Op B
22342,1,Mark-10,"Zagreb, Croatia",Quectel_BG96,219,Croatia,hr,0,2G,Op B
22344,1,Mark-10,"Zagreb, Croatia",Quectel_BG96,219,Croatia,hr,0,2G,Op B
22367,1,Mark-10,"Zagreb, Croatia",Quectel_BG96,219,Croatia,hr,8,LTE-M,Op B
22368,1,Mark-10,"Zagreb, Croatia",Quectel_BG96,219,Croatia,hr,0,2G,Op B
22527,1,Mark-10,"Zagreb, Croatia",Quectel_BG96,219,Croatia,hr,0,2G,Op B
22857,1,Mark-10,"Zagreb, Croatia",Quectel_EC21,219,Croatia,hr,7,LTE CAT1,Op B
22868,1,Mark-10,"Zagreb, Croatia",Quectel_BG96,219,Croatia,hr,9,NB-IoT,Op B
22870,1,Mark-10,"Zagreb, Croatia",Quectel_EC21,219,Croatia,hr,2,3G,Op B
22881,1,Mark-10,"Zagreb, Croatia",Quectel_EC21,219,Croatia,hr,0,2G,Op B
23287,1,Mark-10,"Zagreb, Croatia",Quectel_BG96,219,Croatia,hr,0,2G,Op B
23298,1,Mark-10,"Zagreb, Croatia",Quectel_EC21,219,Croatia,hr,7,LTE CAT1,Op B
23309,1,Mark-10,"Zagreb, Croatia",Quectel_BG96,219,Croatia,hr,9,NB-IoT,Op B
23311,1,Mark-10,"Zagreb, Croatia",Quectel_EC21,219,Croatia,hr,2,3G,Op B
23322,1,Mark-10,"Zagreb, Croatia",Quectel_EC21,219,Croatia,hr,0,2G,Op B
23324,1,Mark-10,"Zagreb, Croatia",Quectel_BG96,219,Croatia,hr,8,LTE-M,Op B
23350,1,Mark-10,"Zagreb, Croatia",Quectel_BG96,219,Croatia,hr,0,2G,Op B
23361,1,Mark-10,"Zagreb, Croatia",Quectel_EC21,219,Croatia,hr,7,LTE CAT1,Op B
23372,1,Mark-10,"Zagreb, Croatia",Quectel_BG96,219,Croatia,hr,9,NB-IoT,Op B
23374,1,Mark-10,"Zagreb, Croatia",Quectel_EC21,219,Croatia,hr,2,3G,Op B
23385,1,Mark-10,"Zagreb, Croatia",Quectel_EC21,219,Croatia,hr,0,2G,Op B
23387,1,Mark-10,"Zagreb, Croatia",Quectel_BG96,219,Croatia,hr,8,LTE-M,Op B
23609,1,Mark-10,"Zagreb, Croatia",Quectel_BG96,219,Croatia,hr,0,2G,Op B
23620,1,Mark-10,"Zagreb, Croatia",Quectel_EC21,219,Croatia,hr,7,LTE CAT1,Op B
23631,1,Mark-10,"Zagreb, Croatia",Quectel_BG96,219,Croatia,hr,9,NB-IoT,Op B
23633,1,Mark-10,"Zagreb, Croatia",Quectel_EC21,219,Croatia,hr,2,3G,Op B
23644,1,Mark-10,"Zagreb, Croatia",Quectel_EC21,219,Croatia,hr,0,2G,Op B
23646,1,Mark-10,"Zagreb, Croatia",Quectel_BG96,219,Croatia,hr,8,LTE-M,Op B
20608,1,Mark-5,"Milan, Italy",Quectel_EC21,222,Italy,it,0,2G,Op D
20649,1,Mark-5,"Milan, Italy",Quectel_EC21,222,Italy,it,7,LTE CAT1,Op D
20670,1,Mark-5,"Milan, Italy",Quectel_BG96,222,Italy,it,0,2G,Op D
20713,1,Mark-5,"Milan, Italy",Quectel_EC21,222,Italy,it,7,LTE CAT1,Op D
21016,1,Mark-5,"Milan, Italy",Quectel_BG96,222,Italy,it,0,2G,Op D
21018,1,Mark-5,"Milan, Italy",Quectel_EC21,222,Italy,it,0,2G,Op D
21059,1,Mark-5,"Milan, Italy",Quectel_EC21,222,Italy,it,7,LTE CAT1,Op D
21079,1,Mark-5,"Milan, Italy",Quectel_BG96,222,Italy,it,0,2G,Op D
21122,1,Mark-5,"Milan, Italy",Quectel_EC21,222,Italy,it,7,LTE CAT1,Op D
21142,1,Mark-5,"Milan, Italy",Quectel_BG96,222,Italy,it,0,2G,Op D
21144,1,Mark-5,"Milan, Italy",Quectel_EC21,222,Italy,it,0,2G,Op D
21185,1,Mark-5,"Milan, Italy",Quectel_EC21,222,Italy,it,7,LTE CAT1,Op D
21205,1,Mark-5,"Milan, Italy",Quectel_BG96,222,Italy,it,0,2G,Op D
21207,1,Mark-5,"Milan, Italy",Quectel_EC21,222,Italy,it,0,2G,Op D
21248,1,Mark-5,"Milan, Italy",Quectel_EC21,222,Italy,it,7,LTE CAT1,Op D
21268,1,Mark-5,"Milan, Italy",Quectel_BG96,222,Italy,it,0,2G,Op D
21338,1,Mark-5,"Milan, Italy",Quectel_BG96,222,Italy,it,0,2G,Op D
21340,1,Mark-5,"Milan, Italy",Quectel_EC21,222,Italy,it,0,2G,Op D
21403,1,Mark-5,"Milan, Italy",Quectel_EC21,222,Italy,it,0,2G,Op D
21464,1,Mark-5,"Milan, Italy",Quectel_BG96,222,Italy,it,0,2G,Op D
21466,1,Mark-5,"Milan, Italy",Quectel_EC21,222,Italy,it,0,2G,Op D
21527,1,Mark-5,"Milan, Italy",Quectel_BG96,222,Italy,it,0,2G,Op D
21590,1,Mark-5,"Milan, Italy",Quectel_BG96,222,Italy,it,0,2G,Op D
21633,1,Mark-5,"Milan, Italy",Quectel_EC21,222,Italy,it,7,LTE CAT1,Op D
22328,1,Mark-5,"Milan, Italy",Quectel_EC21,222,Italy,it,7,LTE CAT1,Op D
22329,1,Mark-5,"Milan, Italy",Quectel_EC21,222,Italy,it,7,LTE CAT1,Op D
22330,1,Mark-5,"Milan, Italy",Quectel_EC21,222,Italy,it,7,LTE CAT1,Op D
22510,1,Mark-5,"Milan, Italy",Quectel_EC21,222,Italy,it,0,2G,Op D
22511,1,Mark-5,"Milan, Italy",Quectel_EC21,222,Italy,it,0,2G,Op D
22512,1,Mark-5,"Milan, Italy",Quectel_EC21,222,Italy,it,0,2G,Op D
22850,1,Mark-5,"Milan, Italy",Quectel_BG96,222,Italy,it,0,2G,Op D
22853,1,Mark-5,"Milan, Italy",Quectel_EC21,222,Italy,it,0,2G,Op D
22895,1,Mark-5,"Milan, Italy",Quectel_EC21,222,Italy,it,7,LTE CAT1,Op D
23291,1,Mark-5,"Milan, Italy",Quectel_BG96,222,Italy,it,0,2G,Op D
23294,1,Mark-5,"Milan, Italy",Quectel_EC21,222,Italy,it,0,2G,Op D
23336,1,Mark-5,"Milan, Italy",Quectel_EC21,222,Italy,it,7,LTE CAT1,Op D
23354,1,Mark-5,"Milan, Italy",Quectel_BG96,222,Italy,it,0,2G,Op D
23357,1,Mark-5,"Milan, Italy",Quectel_EC21,222,Italy,it,0,2G,Op D
23399,1,Mark-5,"Milan, Italy",Quectel_EC21,222,Italy,it,7,LTE CAT1,Op D
23613,1,Mark-5,"Milan, Italy",Quectel_BG96,222,Italy,it,0,2G,Op D
25036,1,Mark-5,"Milan, Italy",Quectel_BG96,222,Italy,it,9,NB-IoT,Op D
25037,1,Mark-5,"Milan, Italy",Quectel_BG96,222,Italy,it,9,NB-IoT,Op D
25038,1,Mark-5,"Milan, Italy",Quectel_BG96,222,Italy,it,9,NB-IoT,Op D
25039,1,Mark-5,"Milan, Italy",Quectel_BG96,222,Italy,it,9,NB-IoT,Op D
25040,1,Mark-5,"Milan, Italy",Quectel_BG96,222,Italy,it,9,NB-IoT,Op D
25041,1,Mark-5,"Milan, Italy",Quectel_BG96,222,Italy,it,9,NB-IoT,Op D
25042,1,Mark-5,"Milan, Italy",Quectel_BG96,222,Italy,it,9,NB-IoT,Op D
25043,1,Mark-5,"Milan, Italy",Quectel_BG96,222,Italy,it,9,NB-IoT,Op D
25044,1,Mark-5,"Milan, Italy",Quectel_BG96,222,Italy,it,9,NB-IoT,Op D
25045,1,Mark-5,"Milan, Italy",Quectel_BG96,222,Italy,it,9,NB-IoT,Op D
25046,1,Mark-5,"Milan, Italy",Quectel_BG96,222,Italy,it,9,NB-IoT,Op D
25047,1,Mark-5,"Milan, Italy",Quectel_BG96,222,Italy,it,9,NB-IoT,Op D
25048,1,Mark-5,"Milan, Italy",Quectel_BG96,222,Italy,it,9,NB-IoT,Op D
25049,1,Mark-5,"Milan, Italy",Quectel_BG96,222,Italy,it,9,NB-IoT,Op D
25050,1,Mark-5,"Milan, Italy",Quectel_BG96,222,Italy,it,9,NB-IoT,Op D
20590,1,Mark-5,"Milan, Italy",Quectel_EC21,222,Italy,it,0,2G,Op C
20621,1,Mark-5,"Milan, Italy",Quectel_BG96,222,Italy,it,0,2G,Op C
20639,1,Mark-5,"Milan, Italy",Quectel_EC21,222,Italy,it,7,LTE CAT1,Op C
20654,1,Mark-5,"Milan, Italy",Quectel_EC21,222,Italy,it,0,2G,Op C
20703,1,Mark-5,"Milan, Italy",Quectel_EC21,222,Italy,it,7,LTE CAT1,Op C
21001,1,Mark-5,"Milan, Italy",Quectel_EC21,222,Italy,it,0,2G,Op C
21049,1,Mark-5,"Milan, Italy",Quectel_EC21,222,Italy,it,7,LTE CAT1,Op C
21064,1,Mark-5,"Milan, Italy",Quectel_EC21,222,Italy,it,0,2G,Op C
21094,1,Mark-5,"Milan, Italy",Quectel_BG96,222,Italy,it,0,2G,Op C
21112,1,Mark-5,"Milan, Italy",Quectel_EC21,222,Italy,it,7,LTE CAT1,Op C
21127,1,Mark-5,"Milan, Italy",Quectel_EC21,222,Italy,it,0,2G,Op C
21175,1,Mark-5,"Milan, Italy",Quectel_EC21,222,Italy,it,7,LTE CAT1,Op C
21190,1,Mark-5,"Milan, Italy",Quectel_EC21,222,Italy,it,0,2G,Op C
21220,1,Mark-5,"Milan, Italy",Quectel_BG96,222,Italy,it,0,2G,Op C
21238,1,Mark-5,"Milan, Italy",Quectel_EC21,222,Italy,it,7,LTE CAT1,Op C
21253,1,Mark-5,"Milan, Italy",Quectel_EC21,222,Italy,it,0,2G,Op C
21283,1,Mark-5,"Milan, Italy",Quectel_BG96,222,Italy,it,0,2G,Op C
21301,1,Mark-5,"Milan, Italy",Quectel_EC21,222,Italy,it,7,LTE CAT1,Op C
21323,1,Mark-5,"Milan, Italy",Quectel_EC21,222,Italy,it,0,2G,Op C
21353,1,Mark-5,"Milan, Italy",Quectel_BG96,222,Italy,it,0,2G,Op C
21371,1,Mark-5,"Milan, Italy",Quectel_EC21,222,Italy,it,7,LTE CAT1,Op C
21386,1,Mark-5,"Milan, Italy",Quectel_EC21,222,Italy,it,0,2G,Op C
21416,1,Mark-5,"Milan, Italy",Quectel_BG96,222,Italy,it,0,2G,Op C
21425,1,Mark-5,"Milan, Italy",Quectel_BG96,222,Italy,it,9,NB-IoT,Op C
21434,1,Mark-5,"Milan, Italy",Quectel_EC21,222,Italy,it,7,LTE CAT1,Op C
21479,1,Mark-5,"Milan, Italy",Quectel_BG96,222,Italy,it,0,2G,Op C
21488,1,Mark-5,"Milan, Italy",Quectel_BG96,222,Italy,it,9,NB-IoT,Op C
21497,1,Mark-5,"Milan, Italy",Quectel_EC21,222,Italy,it,7,LTE CAT1,Op C
21512,1,Mark-5,"Milan, Italy",Quectel_EC21,222,Italy,it,0,2G,Op C
21542,1,Mark-5,"Milan, Italy",Quectel_BG96,222,Italy,it,0,2G,Op C
21551,1,Mark-5,"Milan, Italy",Quectel_BG96,222,Italy,it,9,NB-IoT,Op C
21560,1,Mark-5,"Milan, Italy",Quectel_EC21,222,Italy,it,7,LTE CAT1,Op C
21575,1,Mark-5,"Milan, Italy",Quectel_EC21,222,Italy,it,0,2G,Op C
21605,1,Mark-5,"Milan, Italy",Quectel_BG96,222,Italy,it,0,2G,Op C
21623,1,Mark-5,"Milan, Italy",Quectel_EC21,222,Italy,it,7,LTE CAT1,Op C
22360,1,Mark-5,"Milan, Italy",Quectel_BG96,222,Italy,it,9,NB-IoT,Op C
22363,1,Mark-5,"Milan, Italy",Quectel_BG96,222,Italy,it,9,NB-IoT,Op C
22364,1,Mark-5,"Milan, Italy",Quectel_BG96,222,Italy,it,9,NB-IoT,Op C
22366,1,Mark-5,"Milan, Italy",Quectel_BG96,222,Italy,it,9,NB-IoT,Op C
22515,1,Mark-5,"Milan, Italy",Quectel_BG96,222,Italy,it,0,2G,Op C
22516,1,Mark-5,"Milan, Italy",Quectel_BG96,222,Italy,it,9,NB-IoT,Op C
22837,1,Mark-5,"Milan, Italy",Quectel_EC21,222,Italy,it,0,2G,Op C
22867,1,Mark-5,"Milan, Italy",Quectel_BG96,222,Italy,it,0,2G,Op C
22885,1,Mark-5,"Milan, Italy",Quectel_EC21,222,Italy,it,7,LTE CAT1,Op C
23022,1,Mark-5,"Milan, Italy",Quectel_BG96,222,Italy,it,9,NB-IoT,Op C
23023,1,Mark-5,"Milan, Italy",Quectel_BG96,222,Italy,it,9,NB-IoT,Op C
23024,1,Mark-5,"Milan, Italy",Quectel_BG96,222,Italy,it,9,NB-IoT,Op C
23025,1,Mark-5,"Milan, Italy",Quectel_BG96,222,Italy,it,9,NB-IoT,Op C
23026,1,Mark-5,"Milan, Italy",Quectel_BG96,222,Italy,it,9,NB-IoT,Op C
23278,1,Mark-5,"Milan, Italy",Quectel_EC21,222,Italy,it,0,2G,Op C
23308,1,Mark-5,"Milan, Italy",Quectel_BG96,222,Italy,it,0,2G,Op C
23318,1,Mark-5,"Milan, Italy",Quectel_BG96,222,Italy,it,9,NB-IoT,Op C
23326,1,Mark-5,"Milan, Italy",Quectel_EC21,222,Italy,it,7,LTE CAT1,Op C
23341,1,Mark-5,"Milan, Italy",Quectel_EC21,222,Italy,it,0,2G,Op C
23389,1,Mark-5,"Milan, Italy",Quectel_EC21,222,Italy,it,7,LTE CAT1,Op C
23600,1,Mark-5,"Milan, Italy",Quectel_EC21,222,Italy,it,0,2G,Op C
23630,1,Mark-5,"Milan, Italy",Quectel_BG96,222,Italy,it,0,2G,Op C
23640,1,Mark-5,"Milan, Italy",Quectel_BG96,222,Italy,it,9,NB-IoT,Op C
23648,1,Mark-5,"Milan, Italy",Quectel_EC21,222,Italy,it,7,LTE CAT1,Op C
20589,1,Mark-5,"Milan, Italy",Quectel_EC21,222,Italy,it,2,3G,Op A
20620,1,Mark-5,"Milan, Italy",Quectel_EC21,222,Italy,it,7,LTE CAT1,Op A
20653,1,Mark-5,"Milan, Italy",Quectel_EC21,222,Italy,it,2,3G,Op A
20684,1,Mark-5,"Milan, Italy",Quectel_EC21,222,Italy,it,7,LTE CAT1,Op A
21000,1,Mark-5,"Milan, Italy",Quectel_EC21,222,Italy,it,2,3G,Op A
21030,1,Mark-5,"Milan, Italy",Quectel_EC21,222,Italy,it,7,LTE CAT1,Op A
21063,1,Mark-5,"Milan, Italy",Quectel_EC21,222,Italy,it,2,3G,Op A
21093,1,Mark-5,"Milan, Italy",Quectel_EC21,222,Italy,it,7,LTE CAT1,Op A
21126,1,Mark-5,"Milan, Italy",Quectel_EC21,222,Italy,it,2,3G,Op A
21156,1,Mark-5,"Milan, Italy",Quectel_EC21,222,Italy,it,7,LTE CAT1,Op A
21189,1,Mark-5,"Milan, Italy",Quectel_EC21,222,Italy,it,2,3G,Op A
21219,1,Mark-5,"Milan, Italy",Quectel_EC21,222,Italy,it,7,LTE CAT1,Op A
21252,1,Mark-5,"Milan, Italy",Quectel_EC21,222,Italy,it,2,3G,Op A
21282,1,Mark-5,"Milan, Italy",Quectel_EC21,222,Italy,it,7,LTE CAT1,Op A
21322,1,Mark-5,"Milan, Italy",Quectel_EC21,222,Italy,it,2,3G,Op A
21352,1,Mark-5,"Milan, Italy",Quectel_EC21,222,Italy,it,7,LTE CAT1,Op A
21385,1,Mark-5,"Milan, Italy",Quectel_EC21,222,Italy,it,2,3G,Op A
21415,1,Mark-5,"Milan, Italy",Quectel_EC21,222,Italy,it,7,LTE CAT1,Op A
21448,1,Mark-5,"Milan, Italy",Quectel_EC21,222,Italy,it,2,3G,Op A
21478,1,Mark-5,"Milan, Italy",Quectel_EC21,222,Italy,it,7,LTE CAT1,Op A
21511,1,Mark-5,"Milan, Italy",Quectel_EC21,222,Italy,it,2,3G,Op A
21541,1,Mark-5,"Milan, Italy",Quectel_EC21,222,Italy,it,7,LTE CAT1,Op A
21574,1,Mark-5,"Milan, Italy",Quectel_EC21,222,Italy,it,2,3G,Op A
21604,1,Mark-5,"Milan, Italy",Quectel_EC21,222,Italy,it,7,LTE CAT1,Op A
22836,1,Mark-5,"Milan, Italy",Quectel_EC21,222,Italy,it,2,3G,Op A
22865,1,Mark-5,"Milan, Italy",Quectel_EC21,222,Italy,it,7,LTE CAT1,Op A
23306,1,Mark-5,"Milan, Italy",Quectel_EC21,222,Italy,it,7,LTE CAT1,Op A
23369,1,Mark-5,"Milan, Italy",Quectel_EC21,222,Italy,it,7,LTE CAT1,Op A
23599,1,Mark-5,"Milan, Italy",Quectel_EC21,222,Italy,it,2,3G,Op A
23628,1,Mark-5,"Milan, Italy",Quectel_EC21,222,Italy,it,7,LTE CAT1,Op A
20605,1,Mark-5,"Milan, Italy",Quectel_EC21,222,Italy,it,2,3G,Op B
20623,1,Mark-5,"Milan, Italy",Quectel_EC21,222,Italy,it,7,LTE CAT1,Op B
20652,1,Mark-5,"Milan, Italy",Quectel_EC21,222,Italy,it,0,2G,Op B
20669,1,Mark-5,"Milan, Italy",Quectel_EC21,222,Italy,it,2,3G,Op B
20687,1,Mark-5,"Milan, Italy",Quectel_EC21,222,Italy,it,7,LTE CAT1,Op B
21015,1,Mark-5,"Milan, Italy",Quectel_EC21,222,Italy,it,2,3G,Op B
21033,1,Mark-5,"Milan, Italy",Quectel_EC21,222,Italy,it,7,LTE CAT1,Op B
21065,1,Mark-5,"Milan, Italy",Quectel_BG96,222,Italy,it,0,2G,Op B
21078,1,Mark-5,"Milan, Italy",Quectel_EC21,222,Italy,it,2,3G,Op B
21096,1,Mark-5,"Milan, Italy",Quectel_EC21,222,Italy,it,7,LTE CAT1,Op B
21125,1,Mark-5,"Milan, Italy",Quectel_EC21,222,Italy,it,0,2G,Op B
21128,1,Mark-5,"Milan, Italy",Quectel_BG96,222,Italy,it,0,2G,Op B
21141,1,Mark-5,"Milan, Italy",Quectel_EC21,222,Italy,it,2,3G,Op B
21159,1,Mark-5,"Milan, Italy",Quectel_EC21,222,Italy,it,7,LTE CAT1,Op B
21204,1,Mark-5,"Milan, Italy",Quectel_EC21,222,Italy,it,2,3G,Op B
21222,1,Mark-5,"Milan, Italy",Quectel_EC21,222,Italy,it,7,LTE CAT1,Op B
21251,1,Mark-5,"Milan, Italy",Quectel_EC21,222,Italy,it,0,2G,Op B
21267,1,Mark-5,"Milan, Italy",Quectel_EC21,222,Italy,it,2,3G,Op B
21285,1,Mark-5,"Milan, Italy",Quectel_EC21,222,Italy,it,7,LTE CAT1,Op B
21314,1,Mark-5,"Milan, Italy",Quectel_EC21,222,Italy,it,0,2G,Op B
21337,1,Mark-5,"Milan, Italy",Quectel_EC21,222,Italy,it,2,3G,Op B
21355,1,Mark-5,"Milan, Italy",Quectel_EC21,222,Italy,it,7,LTE CAT1,Op B
21384,1,Mark-5,"Milan, Italy",Quectel_EC21,222,Italy,it,0,2G,Op B
21400,1,Mark-5,"Milan, Italy",Quectel_EC21,222,Italy,it,2,3G,Op B
21418,1,Mark-5,"Milan, Italy",Quectel_EC21,222,Italy,it,7,LTE CAT1,Op B
21463,1,Mark-5,"Milan, Italy",Quectel_EC21,222,Italy,it,2,3G,Op B
21481,1,Mark-5,"Milan, Italy",Quectel_EC21,222,Italy,it,7,LTE CAT1,Op B
21510,1,Mark-5,"Milan, Italy",Quectel_EC21,222,Italy,it,0,2G,Op B
21526,1,Mark-5,"Milan, Italy",Quectel_EC21,222,Italy,it,2,3G,Op B
21544,1,Mark-5,"Milan, Italy",Quectel_EC21,222,Italy,it,7,LTE CAT1,Op B
21573,1,Mark-5,"Milan, Italy",Quectel_EC21,222,Italy,it,0,2G,Op B
21589,1,Mark-5,"Milan, Italy",Quectel_EC21,222,Italy,it,2,3G,Op B
21607,1,Mark-5,"Milan, Italy",Quectel_EC21,222,Italy,it,7,LTE CAT1,Op B
21636,1,Mark-5,"Milan, Italy",Quectel_EC21,222,Italy,it,0,2G,Op B
22513,1,Mark-5,"Milan, Italy",Quectel_EC21,222,Italy,it,0,2G,Op B
22514,1,Mark-5,"Milan, Italy",Quectel_EC21,222,Italy,it,0,2G,Op B
22524,1,Mark-5,"Milan, Italy",Quectel_BG96,222,Italy,it,0,2G,Op B
22849,1,Mark-5,"Milan, Italy",Quectel_EC21,222,Italy,it,2,3G,Op B
22869,1,Mark-5,"Milan, Italy",Quectel_EC21,222,Italy,it,7,LTE CAT1,Op B
22898,1,Mark-5,"Milan, Italy",Quectel_EC21,222,Italy,it,0,2G,Op B
23027,1,Mark-5,"Milan, Italy",Quectel_BG96,222,Italy,it,0,2G,Op B
23028,1,Mark-5,"Milan, Italy",Quectel_BG96,222,Italy,it,0,2G,Op B
23029,1,Mark-5,"Milan, Italy",Quectel_BG96,222,Italy,it,0,2G,Op B
23032,1,Mark-5,"Milan, Italy",Quectel_BG96,222,Italy,it,0,2G,Op B
23033,1,Mark-5,"Milan, Italy",Quectel_BG96,222,Italy,it,0,2G,Op B
23034,1,Mark-5,"Milan, Italy",Quectel_BG96,222,Italy,it,0,2G,Op B
23035,1,Mark-5,"Milan, Italy",Quectel_BG96,222,Italy,it,0,2G,Op B
23036,1,Mark-5,"Milan, Italy",Quectel_BG96,222,Italy,it,0,2G,Op B
23290,1,Mark-5,"Milan, Italy",Quectel_EC21,222,Italy,it,2,3G,Op B
23310,1,Mark-5,"Milan, Italy",Quectel_EC21,222,Italy,it,7,LTE CAT1,Op B
23373,1,Mark-5,"Milan, Italy",Quectel_EC21,222,Italy,it,7,LTE CAT1,Op B
23612,1,Mark-5,"Milan, Italy",Quectel_EC21,222,Italy,it,2,3G,Op B
23632,1,Mark-5,"Milan, Italy",Quectel_EC21,222,Italy,it,7,LTE CAT1,Op B
23661,1,Mark-5,"Milan, Italy",Quectel_EC21,222,Italy,it,0,2G,Op B
20629,1,Mark-7,"Trondheim, Norway",Quectel_EC21,242,Norway,no,0,2G,Op A
20682,1,Mark-7,"Trondheim, Norway",Quectel_EC21,242,Norway,no,7,LTE CAT1,Op A
20693,1,Mark-7,"Trondheim, Norway",Quectel_EC21,242,Norway,no,0,2G,Op A
21028,1,Mark-7,"Trondheim, Norway",Quectel_EC21,242,Norway,no,7,LTE CAT1,Op A
21039,1,Mark-7,"Trondheim, Norway",Quectel_EC21,242,Norway,no,0,2G,Op A
21102,1,Mark-7,"Trondheim, Norway",Quectel_EC21,242,Norway,no,0,2G,Op A
21154,1,Mark-7,"Trondheim, Norway",Quectel_EC21,242,Norway,no,7,LTE CAT1,Op A
21165,1,Mark-7,"Trondheim, Norway",Quectel_EC21,242,Norway,no,0,2G,Op A
21228,1,Mark-7,"Trondheim, Norway",Quectel_EC21,242,Norway,no,0,2G,Op A
21280,1,Mark-7,"Trondheim, Norway",Quectel_EC21,242,Norway,no,7,LTE CAT1,Op A
21291,1,Mark-7,"Trondheim, Norway",Quectel_EC21,242,Norway,no,0,2G,Op A
21350,1,Mark-7,"Trondheim, Norway",Quectel_EC21,242,Norway,no,7,LTE CAT1,Op A
21361,1,Mark-7,"Trondheim, Norway",Quectel_EC21,242,Norway,no,0,2G,Op A
21413,1,Mark-7,"Trondheim, Norway",Quectel_EC21,242,Norway,no,7,LTE CAT1,Op A
21424,1,Mark-7,"Trondheim, Norway",Quectel_EC21,242,Norway,no,0,2G,Op A
21476,1,Mark-7,"Trondheim, Norway",Quectel_EC21,242,Norway,no,7,LTE CAT1,Op A
21487,1,Mark-7,"Trondheim, Norway",Quectel_EC21,242,Norway,no,0,2G,Op A
21539,1,Mark-7,"Trondheim, Norway",Quectel_EC21,242,Norway,no,7,LTE CAT1,Op A
21550,1,Mark-7,"Trondheim, Norway",Quectel_EC21,242,Norway,no,0,2G,Op A
21602,1,Mark-7,"Trondheim, Norway",Quectel_EC21,242,Norway,no,7,LTE CAT1,Op A
21613,1,Mark-7,"Trondheim, Norway",Quectel_EC21,242,Norway,no,0,2G,Op A
22318,1,Mark-7,"Trondheim, Norway",Quectel_EC21,242,Norway,no,7,LTE CAT1,Op A
22863,1,Mark-7,"Trondheim, Norway",Quectel_EC21,242,Norway,no,7,LTE CAT1,Op A
22876,1,Mark-7,"Trondheim, Norway",Quectel_EC21,242,Norway,no,0,2G,Op A
23304,1,Mark-7,"Trondheim, Norway",Quectel_EC21,242,Norway,no,7,LTE CAT1,Op A
23317,1,Mark-7,"Trondheim, Norway",Quectel_EC21,242,Norway,no,0,2G,Op A
23367,1,Mark-7,"Trondheim, Norway",Quectel_EC21,242,Norway,no,7,LTE CAT1,Op A
23380,1,Mark-7,"Trondheim, Norway",Quectel_EC21,242,Norway,no,0,2G,Op A
23626,1,Mark-7,"Trondheim, Norway",Quectel_EC21,242,Norway,no,7,LTE CAT1,Op A
23639,1,Mark-7,"Trondheim, Norway",Quectel_EC21,242,Norway,no,0,2G,Op A
24250,1,Mark-7,"Trondheim, Norway",Quectel_EC21,242,Norway,no,7,LTE CAT1,Op A
24255,1,Mark-7,"Trondheim, Norway",Quectel_EC21,242,Norway,no,0,2G,Op A
24272,1,Mark-7,"Trondheim, Norway",Quectel_EC21,242,Norway,no,7,LTE CAT1,Op A
24277,1,Mark-7,"Trondheim, Norway",Quectel_EC21,242,Norway,no,0,2G,Op A
24829,1,Mark-7,"Trondheim, Norway",Quectel_BG96,242,Norway,no,9,NB-IoT,Op A
24836,1,Mark-7,"Trondheim, Norway",Quectel_BG96,242,Norway,no,8,LTE-M,Op A
24844,1,Mark-7,"Trondheim, Norway",Quectel_BG96,242,Norway,no,9,NB-IoT,Op A
24851,1,Mark-7,"Trondheim, Norway",Quectel_BG96,242,Norway,no,8,LTE-M,Op A
24859,1,Mark-7,"Trondheim, Norway",Quectel_BG96,242,Norway,no,9,NB-IoT,Op A
24866,1,Mark-7,"Trondheim, Norway",Quectel_BG96,242,Norway,no,8,LTE-M,Op A
24874,1,Mark-7,"Trondheim, Norway",Quectel_BG96,242,Norway,no,9,NB-IoT,Op A
24881,1,Mark-7,"Trondheim, Norway",Quectel_BG96,242,Norway,no,8,LTE-M,Op A
24889,1,Mark-7,"Trondheim, Norway",Quectel_BG96,242,Norway,no,9,NB-IoT,Op A
24896,1,Mark-7,"Trondheim, Norway",Quectel_BG96,242,Norway,no,8,LTE-M,Op A
24904,1,Mark-7,"Trondheim, Norway",Quectel_BG96,242,Norway,no,9,NB-IoT,Op A
24911,1,Mark-7,"Trondheim, Norway",Quectel_BG96,242,Norway,no,8,LTE-M,Op A
24919,1,Mark-7,"Trondheim, Norway",Quectel_BG96,242,Norway,no,9,NB-IoT,Op A
24926,1,Mark-7,"Trondheim, Norway",Quectel_BG96,242,Norway,no,8,LTE-M,Op A
24934,1,Mark-7,"Trondheim, Norway",Quectel_BG96,242,Norway,no,9,NB-IoT,Op A
24941,1,Mark-7,"Trondheim, Norway",Quectel_BG96,242,Norway,no,8,LTE-M,Op A
24949,1,Mark-7,"Trondheim, Norway",Quectel_BG96,242,Norway,no,9,NB-IoT,Op A
24956,1,Mark-7,"Trondheim, Norway",Quectel_BG96,242,Norway,no,8,LTE-M,Op A
24964,1,Mark-7,"Trondheim, Norway",Quectel_BG96,242,Norway,no,9,NB-IoT,Op A
24971,1,Mark-7,"Trondheim, Norway",Quectel_BG96,242,Norway,no,8,LTE-M,Op A
24979,1,Mark-7,"Trondheim, Norway",Quectel_BG96,242,Norway,no,9,NB-IoT,Op A
24986,1,Mark-7,"Trondheim, Norway",Quectel_BG96,242,Norway,no,8,LTE-M,Op A
24994,1,Mark-7,"Trondheim, Norway",Quectel_BG96,242,Norway,no,9,NB-IoT,Op A
25001,1,Mark-7,"Trondheim, Norway",Quectel_BG96,242,Norway,no,8,LTE-M,Op A
25011,1,Mark-7,"Trondheim, Norway",Quectel_BG96,242,Norway,no,9,NB-IoT,Op A
25018,1,Mark-7,"Trondheim, Norway",Quectel_BG96,242,Norway,no,8,LTE-M,Op A
25026,1,Mark-7,"Trondheim, Norway",Quectel_BG96,242,Norway,no,9,NB-IoT,Op A
25033,1,Mark-7,"Trondheim, Norway",Quectel_BG96,242,Norway,no,8,LTE-M,Op A
20625,1,Mark-7,"Trondheim, Norway",Quectel_EC21,242,Norway,no,7,LTE CAT1,Op B
20645,1,Mark-7,"Trondheim, Norway",Quectel_EC21,242,Norway,no,0,2G,Op B
20689,1,Mark-7,"Trondheim, Norway",Quectel_EC21,242,Norway,no,7,LTE CAT1,Op B
20709,1,Mark-7,"Trondheim, Norway",Quectel_EC21,242,Norway,no,0,2G,Op B
21035,1,Mark-7,"Trondheim, Norway",Quectel_EC21,242,Norway,no,7,LTE CAT1,Op B
21055,1,Mark-7,"Trondheim, Norway",Quectel_EC21,242,Norway,no,0,2G,Op B
21098,1,Mark-7,"Trondheim, Norway",Quectel_EC21,242,Norway,no,7,LTE CAT1,Op B
21118,1,Mark-7,"Trondheim, Norway",Quectel_EC21,242,Norway,no,0,2G,Op B
21161,1,Mark-7,"Trondheim, Norway",Quectel_EC21,242,Norway,no,7,LTE CAT1,Op B
21181,1,Mark-7,"Trondheim, Norway",Quectel_EC21,242,Norway,no,0,2G,Op B
21224,1,Mark-7,"Trondheim, Norway",Quectel_EC21,242,Norway,no,7,LTE CAT1,Op B
21244,1,Mark-7,"Trondheim, Norway",Quectel_EC21,242,Norway,no,0,2G,Op B
21287,1,Mark-7,"Trondheim, Norway",Quectel_EC21,242,Norway,no,7,LTE CAT1,Op B
21307,1,Mark-7,"Trondheim, Norway",Quectel_EC21,242,Norway,no,0,2G,Op B
21357,1,Mark-7,"Trondheim, Norway",Quectel_EC21,242,Norway,no,7,LTE CAT1,Op B
21377,1,Mark-7,"Trondheim, Norway",Quectel_EC21,242,Norway,no,0,2G,Op B
21420,1,Mark-7,"Trondheim, Norway",Quectel_EC21,242,Norway,no,7,LTE CAT1,Op B
21440,1,Mark-7,"Trondheim, Norway",Quectel_EC21,242,Norway,no,0,2G,Op B
21483,1,Mark-7,"Trondheim, Norway",Quectel_EC21,242,Norway,no,7,LTE CAT1,Op B
21503,1,Mark-7,"Trondheim, Norway",Quectel_EC21,242,Norway,no,0,2G,Op B
21546,1,Mark-7,"Trondheim, Norway",Quectel_EC21,242,Norway,no,7,LTE CAT1,Op B
21566,1,Mark-7,"Trondheim, Norway",Quectel_EC21,242,Norway,no,0,2G,Op B
21629,1,Mark-7,"Trondheim, Norway",Quectel_EC21,242,Norway,no,0,2G,Op B
22872,1,Mark-7,"Trondheim, Norway",Quectel_EC21,242,Norway,no,7,LTE CAT1,Op B
22891,1,Mark-7,"Trondheim, Norway",Quectel_EC21,242,Norway,no,0,2G,Op B
23313,1,Mark-7,"Trondheim, Norway",Quectel_EC21,242,Norway,no,7,LTE CAT1,Op B
23332,1,Mark-7,"Trondheim, Norway",Quectel_EC21,242,Norway,no,0,2G,Op B
23376,1,Mark-7,"Trondheim, Norway",Quectel_EC21,242,Norway,no,7,LTE CAT1,Op B
23395,1,Mark-7,"Trondheim, Norway",Quectel_EC21,242,Norway,no,0,2G,Op B
23635,1,Mark-7,"Trondheim, Norway",Quectel_EC21,242,Norway,no,7,LTE CAT1,Op B
23654,1,Mark-7,"Trondheim, Norway",Quectel_EC21,242,Norway,no,0,2G,Op B
24824,1,Mark-7,"Trondheim, Norway",Quectel_BG96,242,Norway,no,0,2G,Op B
24833,1,Mark-7,"Trondheim, Norway",Quectel_BG96,242,Norway,no,8,LTE-M,Op B
24839,1,Mark-7,"Trondheim, Norway",Quectel_BG96,242,Norway,no,0,2G,Op B
24863,1,Mark-7,"Trondheim, Norway",Quectel_BG96,242,Norway,no,8,LTE-M,Op B
24899,1,Mark-7,"Trondheim, Norway",Quectel_BG96,242,Norway,no,0,2G,Op B
24908,1,Mark-7,"Trondheim, Norway",Quectel_BG96,242,Norway,no,8,LTE-M,Op B
24929,1,Mark-7,"Trondheim, Norway",Quectel_BG96,242,Norway,no,0,2G,Op B
24944,1,Mark-7,"Trondheim, Norway",Quectel_BG96,242,Norway,no,0,2G,Op B
24959,1,Mark-7,"Trondheim, Norway",Quectel_BG96,242,Norway,no,0,2G,Op B
24968,1,Mark-7,"Trondheim, Norway",Quectel_BG96,242,Norway,no,8,LTE-M,Op B
24974,1,Mark-7,"Trondheim, Norway",Quectel_BG96,242,Norway,no,0,2G,Op B
25006,1,Mark-7,"Trondheim, Norway",Quectel_BG96,242,Norway,no,0,2G,Op B
25121,1,Mark-7,"Trondheim, Norway",Quectel_BG96,242,Norway,no,8,LTE-M,Op B
25122,1,Mark-7,"Trondheim, Norway",Quectel_BG96,242,Norway,no,8,LTE-M,Op B
25123,1,Mark-7,"Trondheim, Norway",Quectel_BG96,242,Norway,no,8,LTE-M,Op B
25124,1,Mark-7,"Trondheim, Norway",Quectel_BG96,242,Norway,no,8,LTE-M,Op B
25125,1,Mark-7,"Trondheim, Norway",Quectel_BG96,242,Norway,no,8,LTE-M,Op B
25136,1,Mark-7,"Trondheim, Norway",Quectel_BG96,242,Norway,no,8,LTE-M,Op B
25137,1,Mark-7,"Trondheim, Norway",Quectel_BG96,242,Norway,no,8,LTE-M,Op B
25138,1,Mark-7,"Trondheim, Norway",Quectel_BG96,242,Norway,no,8,LTE-M,Op B
25139,1,Mark-7,"Trondheim, Norway",Quectel_BG96,242,Norway,no,8,LTE-M,Op B
25140,1,Mark-7,"Trondheim, Norway",Quectel_BG96,242,Norway,no,8,LTE-M,Op B
25151,1,Mark-7,"Trondheim, Norway",Quectel_BG96,242,Norway,no,8,LTE-M,Op B
25152,1,Mark-7,"Trondheim, Norway",Quectel_BG96,242,Norway,no,8,LTE-M,Op B
25153,1,Mark-7,"Trondheim, Norway",Quectel_BG96,242,Norway,no,8,LTE-M,Op B
25154,1,Mark-7,"Trondheim, Norway",Quectel_BG96,242,Norway,no,8,LTE-M,Op B
25155,1,Mark-7,"Trondheim, Norway",Quectel_BG96,242,Norway,no,8,LTE-M,Op B
24540,1,Mark-1,"Würzburg, Germany",Quectel_EC21,262,Germany,de,7,LTE CAT1,Op C
24541,1,Mark-1,"Würzburg, Germany",Quectel_BG96,262,Germany,de,8,LTE-M,Op C
24548,1,Mark-1,"Würzburg, Germany",Quectel_EC21,262,Germany,de,0,2G,Op C
24554,1,Mark-1,"Würzburg, Germany",Quectel_BG96,262,Germany,de,0,2G,Op C
24556,1,Mark-1,"Würzburg, Germany",Quectel_EC21,262,Germany,de,7,LTE CAT1,Op C
24557,1,Mark-1,"Würzburg, Germany",Quectel_BG96,262,Germany,de,8,LTE-M,Op C
24564,1,Mark-1,"Würzburg, Germany",Quectel_EC21,262,Germany,de,0,2G,Op C
24570,1,Mark-1,"Würzburg, Germany",Quectel_BG96,262,Germany,de,0,2G,Op C
24572,1,Mark-1,"Würzburg, Germany",Quectel_EC21,262,Germany,de,7,LTE CAT1,Op C
24580,1,Mark-1,"Würzburg, Germany",Quectel_EC21,262,Germany,de,0,2G,Op C
24586,1,Mark-1,"Würzburg, Germany",Quectel_BG96,262,Germany,de,0,2G,Op C
24588,1,Mark-1,"Würzburg, Germany",Quectel_EC21,262,Germany,de,7,LTE CAT1,Op C
24589,1,Mark-1,"Würzburg, Germany",Quectel_BG96,262,Germany,de,8,LTE-M,Op C
24602,1,Mark-1,"Würzburg, Germany",Quectel_BG96,262,Germany,de,0,2G,Op C
24604,1,Mark-1,"Würzburg, Germany",Quectel_EC21,262,Germany,de,7,LTE CAT1,Op C
24605,1,Mark-1,"Würzburg, Germany",Quectel_BG96,262,Germany,de,8,LTE-M,Op C
24612,1,Mark-1,"Würzburg, Germany",Quectel_EC21,262,Germany,de,0,2G,Op C
24618,1,Mark-1,"Würzburg, Germany",Quectel_BG96,262,Germany,de,0,2G,Op C
24620,1,Mark-1,"Würzburg, Germany",Quectel_EC21,262,Germany,de,7,LTE CAT1,Op C
24621,1,Mark-1,"Würzburg, Germany",Quectel_BG96,262,Germany,de,8,LTE-M,Op C
24628,1,Mark-1,"Würzburg, Germany",Quectel_EC21,262,Germany,de,0,2G,Op C
24634,1,Mark-1,"Würzburg, Germany",Quectel_BG96,262,Germany,de,0,2G,Op C
24636,1,Mark-1,"Würzburg, Germany",Quectel_EC21,262,Germany,de,7,LTE CAT1,Op C
24637,1,Mark-1,"Würzburg, Germany",Quectel_BG96,262,Germany,de,8,LTE-M,Op C
24644,1,Mark-1,"Würzburg, Germany",Quectel_EC21,262,Germany,de,0,2G,Op C
24650,1,Mark-1,"Würzburg, Germany",Quectel_BG96,262,Germany,de,0,2G,Op C
24652,1,Mark-1,"Würzburg, Germany",Quectel_EC21,262,Germany,de,7,LTE CAT1,Op C
24653,1,Mark-1,"Würzburg, Germany",Quectel_BG96,262,Germany,de,8,LTE-M,Op C
24660,1,Mark-1,"Würzburg, Germany",Quectel_EC21,262,Germany,de,0,2G,Op C
24666,1,Mark-1,"Würzburg, Germany",Quectel_BG96,262,Germany,de,0,2G,Op C
24668,1,Mark-1,"Würzburg, Germany",Quectel_EC21,262,Germany,de,7,LTE CAT1,Op C
24669,1,Mark-1,"Würzburg, Germany",Quectel_BG96,262,Germany,de,8,LTE-M,Op C
24676,1,Mark-1,"Würzburg, Germany",Quectel_EC21,262,Germany,de,0,2G,Op C
24682,1,Mark-1,"Würzburg, Germany",Quectel_BG96,262,Germany,de,0,2G,Op C
24684,1,Mark-1,"Würzburg, Germany",Quectel_EC21,262,Germany,de,7,LTE CAT1,Op C
24685,1,Mark-1,"Würzburg, Germany",Quectel_BG96,262,Germany,de,8,LTE-M,Op C
24692,1,Mark-1,"Würzburg, Germany",Quectel_EC21,262,Germany,de,0,2G,Op C
24698,1,Mark-1,"Würzburg, Germany",Quectel_BG96,262,Germany,de,0,2G,Op C
25106,1,Mark-1,"Würzburg, Germany",Quectel_BG96,262,Germany,de,8,LTE-M,Op C
25107,1,Mark-1,"Würzburg, Germany",Quectel_BG96,262,Germany,de,8,LTE-M,Op C
25108,1,Mark-1,"Würzburg, Germany",Quectel_BG96,262,Germany,de,8,LTE-M,Op C
25109,1,Mark-1,"Würzburg, Germany",Quectel_BG96,262,Germany,de,8,LTE-M,Op C
25110,1,Mark-1,"Würzburg, Germany",Quectel_BG96,262,Germany,de,8,LTE-M,Op C
20614,1,Mark-1,"Würzburg, Germany",Quectel_BG96,262,Germany,de,0,2G,Op B
20615,1,Mark-1,"Würzburg, Germany",Quectel_EC21,262,Germany,de,0,2G,Op B
20638,1,Mark-1,"Würzburg, Germany",Quectel_EC21,262,Germany,de,7,LTE CAT1,Op B
20678,1,Mark-1,"Würzburg, Germany",Quectel_BG96,262,Germany,de,0,2G,Op B
20679,1,Mark-1,"Würzburg, Germany",Quectel_EC21,262,Germany,de,0,2G,Op B
20702,1,Mark-1,"Würzburg, Germany",Quectel_EC21,262,Germany,de,7,LTE CAT1,Op B
21025,1,Mark-1,"Würzburg, Germany",Quectel_EC21,262,Germany,de,0,2G,Op B
21048,1,Mark-1,"Würzburg, Germany",Quectel_EC21,262,Germany,de,7,LTE CAT1,Op B
21087,1,Mark-1,"Würzburg, Germany",Quectel_BG96,262,Germany,de,0,2G,Op B
21088,1,Mark-1,"Würzburg, Germany",Quectel_EC21,262,Germany,de,0,2G,Op B
21111,1,Mark-1,"Würzburg, Germany",Quectel_EC21,262,Germany,de,7,LTE CAT1,Op B
21151,1,Mark-1,"Würzburg, Germany",Quectel_EC21,262,Germany,de,0,2G,Op B
21174,1,Mark-1,"Würzburg, Germany",Quectel_EC21,262,Germany,de,7,LTE CAT1,Op B
21214,1,Mark-1,"Würzburg, Germany",Quectel_EC21,262,Germany,de,0,2G,Op B
21237,1,Mark-1,"Würzburg, Germany",Quectel_EC21,262,Germany,de,7,LTE CAT1,Op B
21250,1,Mark-1,"Würzburg, Germany",Quectel_BG96,262,Germany,de,9,NB-IoT,Op B
21276,1,Mark-1,"Würzburg, Germany",Quectel_BG96,262,Germany,de,0,2G,Op B
21277,1,Mark-1,"Würzburg, Germany",Quectel_EC21,262,Germany,de,0,2G,Op B
21300,1,Mark-1,"Würzburg, Germany",Quectel_EC21,262,Germany,de,7,LTE CAT1,Op B
21313,1,Mark-1,"Würzburg, Germany",Quectel_BG96,262,Germany,de,9,NB-IoT,Op B
21347,1,Mark-1,"Würzburg, Germany",Quectel_EC21,262,Germany,de,0,2G,Op B
21370,1,Mark-1,"Würzburg, Germany",Quectel_EC21,262,Germany,de,7,LTE CAT1,Op B
21383,1,Mark-1,"Würzburg, Germany",Quectel_BG96,262,Germany,de,9,NB-IoT,Op B
21409,1,Mark-1,"Würzburg, Germany",Quectel_BG96,262,Germany,de,0,2G,Op B
21410,1,Mark-1,"Würzburg, Germany",Quectel_EC21,262,Germany,de,0,2G,Op B
21433,1,Mark-1,"Würzburg, Germany",Quectel_EC21,262,Germany,de,7,LTE CAT1,Op B
21446,1,Mark-1,"Würzburg, Germany",Quectel_BG96,262,Germany,de,9,NB-IoT,Op B
21472,1,Mark-1,"Würzburg, Germany",Quectel_BG96,262,Germany,de,0,2G,Op B
21473,1,Mark-1,"Würzburg, Germany",Quectel_EC21,262,Germany,de,0,2G,Op B
21496,1,Mark-1,"Würzburg, Germany",Quectel_EC21,262,Germany,de,7,LTE CAT1,Op B
21509,1,Mark-1,"Würzburg, Germany",Quectel_BG96,262,Germany,de,9,NB-IoT,Op B
21535,1,Mark-1,"Würzburg, Germany",Quectel_BG96,262,Germany,de,0,2G,Op B
21536,1,Mark-1,"Würzburg, Germany",Quectel_EC21,262,Germany,de,0,2G,Op B
21559,1,Mark-1,"Würzburg, Germany",Quectel_EC21,262,Germany,de,7,LTE CAT1,Op B
21599,1,Mark-1,"Würzburg, Germany",Quectel_EC21,262,Germany,de,0,2G,Op B
21622,1,Mark-1,"Würzburg, Germany",Quectel_EC21,262,Germany,de,7,LTE CAT1,Op B
21635,1,Mark-1,"Würzburg, Germany",Quectel_BG96,262,Germany,de,9,NB-IoT,Op B
22370,1,Mark-2,"Würzburg, Germany",Quectel_BG96,262,Germany,de,8,LTE-M,Op B
22371,1,Mark-2,"Würzburg, Germany",Quectel_BG96,262,Germany,de,8,LTE-M,Op B
22372,1,Mark-2,"Würzburg, Germany",Quectel_BG96,262,Germany,de,8,LTE-M,Op B
22373,1,Mark-2,"Würzburg, Germany",Quectel_BG96,262,Germany,de,8,LTE-M,Op B
22374,1,Mark-2,"Würzburg, Germany",Quectel_BG96,262,Germany,de,8,LTE-M,Op B
22375,1,Mark-2,"Würzburg, Germany",Quectel_BG96,262,Germany,de,8,LTE-M,Op B
22376,1,Mark-2,"Würzburg, Germany",Quectel_BG96,262,Germany,de,8,LTE-M,Op B
22377,1,Mark-2,"Würzburg, Germany",Quectel_BG96,262,Germany,de,8,LTE-M,Op B
22378,1,Mark-2,"Würzburg, Germany",Quectel_BG96,262,Germany,de,8,LTE-M,Op B
22379,1,Mark-2,"Würzburg, Germany",Quectel_BG96,262,Germany,de,8,LTE-M,Op B
22548,1,Mark-1,"Würzburg, Germany",Quectel_BG96,262,Germany,de,0,2G,Op B
22549,1,Mark-1,"Würzburg, Germany",Quectel_BG96,262,Germany,de,0,2G,Op B
22550,1,Mark-1,"Würzburg, Germany",Quectel_BG96,262,Germany,de,0,2G,Op B
22551,1,Mark-1,"Würzburg, Germany",Quectel_BG96,262,Germany,de,9,NB-IoT,Op B
22553,1,Mark-1,"Würzburg, Germany",Quectel_BG96,262,Germany,de,9,NB-IoT,Op B
22554,1,Mark-1,"Würzburg, Germany",Quectel_BG96,262,Germany,de,9,NB-IoT,Op B
22859,1,Mark-1,"Würzburg, Germany",Quectel_BG96,262,Germany,de,0,2G,Op B
22860,1,Mark-1,"Würzburg, Germany",Quectel_EC21,262,Germany,de,0,2G,Op B
22884,1,Mark-1,"Würzburg, Germany",Quectel_EC21,262,Germany,de,7,LTE CAT1,Op B
22897,1,Mark-1,"Würzburg, Germany",Quectel_BG96,262,Germany,de,9,NB-IoT,Op B
23301,1,Mark-1,"Würzburg, Germany",Quectel_EC21,262,Germany,de,0,2G,Op B
23325,1,Mark-1,"Würzburg, Germany",Quectel_EC21,262,Germany,de,7,LTE CAT1,Op B
23338,1,Mark-1,"Würzburg, Germany",Quectel_BG96,262,Germany,de,9,NB-IoT,Op B
23364,1,Mark-1,"Würzburg, Germany",Quectel_EC21,262,Germany,de,0,2G,Op B
23388,1,Mark-1,"Würzburg, Germany",Quectel_EC21,262,Germany,de,7,LTE CAT1,Op B
23401,1,Mark-1,"Würzburg, Germany",Quectel_BG96,262,Germany,de,9,NB-IoT,Op B
23623,1,Mark-1,"Würzburg, Germany",Quectel_EC21,262,Germany,de,0,2G,Op B
23647,1,Mark-1,"Würzburg, Germany",Quectel_EC21,262,Germany,de,7,LTE CAT1,Op B
23660,1,Mark-1,"Würzburg, Germany",Quectel_BG96,262,Germany,de,9,NB-IoT,Op B
20609,1,Mark-1,"Würzburg, Germany",Quectel_BG96,262,Germany,de,8,LTE-M,Op A
20619,1,Mark-1,"Würzburg, Germany",Quectel_EC21,262,Germany,de,7,LTE CAT1,Op A
20640,1,Mark-1,"Würzburg, Germany",Quectel_EC21,262,Germany,de,0,2G,Op A
20673,1,Mark-1,"Würzburg, Germany",Quectel_BG96,262,Germany,de,8,LTE-M,Op A
20683,1,Mark-1,"Würzburg, Germany",Quectel_EC21,262,Germany,de,7,LTE CAT1,Op A
20704,1,Mark-1,"Würzburg, Germany",Quectel_EC21,262,Germany,de,0,2G,Op A
21019,1,Mark-1,"Würzburg, Germany",Quectel_BG96,262,Germany,de,8,LTE-M,Op A
21029,1,Mark-1,"Würzburg, Germany",Quectel_EC21,262,Germany,de,7,LTE CAT1,Op A
21050,1,Mark-1,"Würzburg, Germany",Quectel_EC21,262,Germany,de,0,2G,Op A
21082,1,Mark-1,"Würzburg, Germany",Quectel_BG96,262,Germany,de,8,LTE-M,Op A
21092,1,Mark-1,"Würzburg, Germany",Quectel_EC21,262,Germany,de,7,LTE CAT1,Op A
21113,1,Mark-1,"Würzburg, Germany",Quectel_EC21,262,Germany,de,0,2G,Op A
21136,1,Mark-1,"Würzburg, Germany",Quectel_BG96,262,Germany,de,0,2G,Op A
21145,1,Mark-1,"Würzburg, Germany",Quectel_BG96,262,Germany,de,8,LTE-M,Op A
21155,1,Mark-1,"Würzburg, Germany",Quectel_EC21,262,Germany,de,7,LTE CAT1,Op A
21176,1,Mark-1,"Würzburg, Germany",Quectel_EC21,262,Germany,de,0,2G,Op A
21199,1,Mark-1,"Würzburg, Germany",Quectel_BG96,262,Germany,de,0,2G,Op A
21208,1,Mark-1,"Würzburg, Germany",Quectel_BG96,262,Germany,de,8,LTE-M,Op A
21218,1,Mark-1,"Würzburg, Germany",Quectel_EC21,262,Germany,de,7,LTE CAT1,Op A
21239,1,Mark-1,"Würzburg, Germany",Quectel_EC21,262,Germany,de,0,2G,Op A
21271,1,Mark-1,"Würzburg, Germany",Quectel_BG96,262,Germany,de,8,LTE-M,Op A
21281,1,Mark-1,"Würzburg, Germany",Quectel_EC21,262,Germany,de,7,LTE CAT1,Op A
21295,1,Mark-1,"Würzburg, Germany",Quectel_BG96,262,Germany,de,9,NB-IoT,Op A
21302,1,Mark-1,"Würzburg, Germany",Quectel_EC21,262,Germany,de,0,2G,Op A
21341,1,Mark-1,"Würzburg, Germany",Quectel_BG96,262,Germany,de,8,LTE-M,Op A
21351,1,Mark-1,"Würzburg, Germany",Quectel_EC21,262,Germany,de,7,LTE CAT1,Op A
21365,1,Mark-1,"Würzburg, Germany",Quectel_BG96,262,Germany,de,9,NB-IoT,Op A
21372,1,Mark-1,"Würzburg, Germany",Quectel_EC21,262,Germany,de,0,2G,Op A
21404,1,Mark-1,"Würzburg, Germany",Quectel_BG96,262,Germany,de,8,LTE-M,Op A
21414,1,Mark-1,"Würzburg, Germany",Quectel_EC21,262,Germany,de,7,LTE CAT1,Op A
21428,1,Mark-1,"Würzburg, Germany",Quectel_BG96,262,Germany,de,9,NB-IoT,Op A
21435,1,Mark-1,"Würzburg, Germany",Quectel_EC21,262,Germany,de,0,2G,Op A
21458,1,Mark-1,"Würzburg, Germany",Quectel_BG96,262,Germany,de,0,2G,Op A
21467,1,Mark-1,"Würzburg, Germany",Quectel_BG96,262,Germany,de,8,LTE-M,Op A
21477,1,Mark-1,"Würzburg, Germany",Quectel_EC21,262,Germany,de,7,LTE CAT1,Op A
21491,1,Mark-1,"Würzburg, Germany",Quectel_BG96,262,Germany,de,9,NB-IoT,Op A
21498,1,Mark-1,"Würzburg, Germany",Quectel_EC21,262,Germany,de,0,2G,Op A
21530,1,Mark-1,"Würzburg, Germany",Quectel_BG96,262,Germany,de,8,LTE-M,Op A
21540,1,Mark-1,"Würzburg, Germany",Quectel_EC21,262,Germany,de,7,LTE CAT1,Op A
21561,1,Mark-1,"Würzburg, Germany",Quectel_EC21,262,Germany,de,0,2G,Op A
21593,1,Mark-1,"Würzburg, Germany",Quectel_BG96,262,Germany,de,8,LTE-M,Op A
21603,1,Mark-1,"Würzburg, Germany",Quectel_EC21,262,Germany,de,7,LTE CAT1,Op A
21617,1,Mark-1,"Würzburg, Germany",Quectel_BG96,262,Germany,de,9,NB-IoT,Op A
21624,1,Mark-1,"Würzburg, Germany",Quectel_EC21,262,Germany,de,0,2G,Op A
22555,1,Mark-1,"Würzburg, Germany",Quectel_BG96,262,Germany,de,0,2G,Op A
22558,1,Mark-1,"Würzburg, Germany",Quectel_BG96,262,Germany,de,0,2G,Op A
22559,1,Mark-1,"Würzburg, Germany",Quectel_BG96,262,Germany,de,0,2G,Op A
22562,1,Mark-1,"Würzburg, Germany",Quectel_BG96,262,Germany,de,9,NB-IoT,Op A
22563,1,Mark-1,"Würzburg, Germany",Quectel_BG96,262,Germany,de,9,NB-IoT,Op A
22564,1,Mark-1,"Würzburg, Germany",Quectel_BG96,262,Germany,de,9,NB-IoT,Op A
22566,1,Mark-1,"Würzburg, Germany",Quectel_BG96,262,Germany,de,9,NB-IoT,Op A
22864,1,Mark-1,"Würzburg, Germany",Quectel_EC21,262,Germany,de,7,LTE CAT1,Op A
22886,1,Mark-1,"Würzburg, Germany",Quectel_EC21,262,Germany,de,0,2G,Op A
23052,1,Mark-1,"Würzburg, Germany",Quectel_BG96,262,Germany,de,0,2G,Op A
23053,1,Mark-1,"Würzburg, Germany",Quectel_BG96,262,Germany,de,0,2G,Op A
23056,1,Mark-1,"Würzburg, Germany",Quectel_BG96,262,Germany,de,9,NB-IoT,Op A
23057,1,Mark-1,"Würzburg, Germany",Quectel_BG96,262,Germany,de,9,NB-IoT,Op A
23285,1,Mark-1,"Würzburg, Germany",Quectel_BG96,262,Germany,de,0,2G,Op A
23295,1,Mark-1,"Würzburg, Germany",Quectel_BG96,262,Germany,de,8,LTE-M,Op A
23305,1,Mark-1,"Würzburg, Germany",Quectel_EC21,262,Germany,de,7,LTE CAT1,Op A
23320,1,Mark-1,"Würzburg, Germany",Quectel_BG96,262,Germany,de,9,NB-IoT,Op A
23327,1,Mark-1,"Würzburg, Germany",Quectel_EC21,262,Germany,de,0,2G,Op A
23348,1,Mark-1,"Würzburg, Germany",Quectel_BG96,262,Germany,de,0,2G,Op A
23358,1,Mark-1,"Würzburg, Germany",Quectel_BG96,262,Germany,de,8,LTE-M,Op A
23368,1,Mark-1,"Würzburg, Germany",Quectel_EC21,262,Germany,de,7,LTE CAT1,Op A
23383,1,Mark-1,"Würzburg, Germany",Quectel_BG96,262,Germany,de,9,NB-IoT,Op A
23390,1,Mark-1,"Würzburg, Germany",Quectel_EC21,262,Germany,de,0,2G,Op A
23607,1,Mark-1,"Würzburg, Germany",Quectel_BG96,262,Germany,de,0,2G,Op A
23617,1,Mark-1,"Würzburg, Germany",Quectel_BG96,262,Germany,de,8,LTE-M,Op A
23627,1,Mark-1,"Würzburg, Germany",Quectel_EC21,262,Germany,de,7,LTE CAT1,Op A
23642,1,Mark-1,"Würzburg, Germany",Quectel_BG96,262,Germany,de,9,NB-IoT,Op A
23649,1,Mark-1,"Würzburg, Germany",Quectel_EC21,262,Germany,de,0,2G,Op A
21653,1,Mark-10,"Zagreb, Croatia",Quectel_EC21,219,Croatia,hr,7,LTE CAT1,Op C
21698,1,Mark-10,"Zagreb, Croatia",Quectel_EC21,219,Croatia,hr,0,2G,Op C
21717,1,Mark-10,"Zagreb, Croatia",Quectel_EC21,219,Croatia,hr,7,LTE CAT1,Op C
21762,1,Mark-10,"Zagreb, Croatia",Quectel_EC21,219,Croatia,hr,0,2G,Op C
21781,1,Mark-10,"Zagreb, Croatia",Quectel_EC21,219,Croatia,hr,7,LTE CAT1,Op C
21826,1,Mark-10,"Zagreb, Croatia",Quectel_EC21,219,Croatia,hr,0,2G,Op C
21845,1,Mark-10,"Zagreb, Croatia",Quectel_EC21,219,Croatia,hr,7,LTE CAT1,Op C
21973,1,Mark-10,"Zagreb, Croatia",Quectel_EC21,219,Croatia,hr,7,LTE CAT1,Op C
22018,1,Mark-10,"Zagreb, Croatia",Quectel_EC21,219,Croatia,hr,0,2G,Op C
22037,1,Mark-10,"Zagreb, Croatia",Quectel_EC21,219,Croatia,hr,7,LTE CAT1,Op C
22082,1,Mark-10,"Zagreb, Croatia",Quectel_EC21,219,Croatia,hr,0,2G,Op C
22146,1,Mark-10,"Zagreb, Croatia",Quectel_EC21,219,Croatia,hr,0,2G,Op C
22165,1,Mark-10,"Zagreb, Croatia",Quectel_EC21,219,Croatia,hr,7,LTE CAT1,Op C
22210,1,Mark-10,"Zagreb, Croatia",Quectel_EC21,219,Croatia,hr,0,2G,Op C
22274,1,Mark-10,"Zagreb, Croatia",Quectel_EC21,219,Croatia,hr,0,2G,Op C
22610,1,Mark-10,"Zagreb, Croatia",Quectel_EC21,219,Croatia,hr,0,2G,Op C
22611,1,Mark-10,"Zagreb, Croatia",Quectel_EC21,219,Croatia,hr,0,2G,Op C
22612,1,Mark-10,"Zagreb, Croatia",Quectel_EC21,219,Croatia,hr,7,LTE CAT1,Op C
22613,1,Mark-10,"Zagreb, Croatia",Quectel_EC21,219,Croatia,hr,7,LTE CAT1,Op C
22614,1,Mark-10,"Zagreb, Croatia",Quectel_EC21,219,Croatia,hr,7,LTE CAT1,Op C
22901,1,Mark-10,"Zagreb, Croatia",Quectel_EC21,219,Croatia,hr,7,LTE CAT1,Op C
23405,1,Mark-10,"Zagreb, Croatia",Quectel_EC21,219,Croatia,hr,7,LTE CAT1,Op C
23450,1,Mark-10,"Zagreb, Croatia",Quectel_EC21,219,Croatia,hr,0,2G,Op C
23468,1,Mark-10,"Zagreb, Croatia",Quectel_EC21,219,Croatia,hr,7,LTE CAT1,Op C
23513,1,Mark-10,"Zagreb, Croatia",Quectel_EC21,219,Croatia,hr,0,2G,Op C
23664,1,Mark-10,"Zagreb, Croatia",Quectel_EC21,219,Croatia,hr,7,LTE CAT1,Op C
23709,1,Mark-10,"Zagreb, Croatia",Quectel_EC21,219,Croatia,hr,0,2G,Op C
23752,1,Mark-10,"Zagreb, Croatia",Quectel_EC21,219,Croatia,hr,7,LTE CAT1,Op C
23797,1,Mark-10,"Zagreb, Croatia",Quectel_EC21,219,Croatia,hr,0,2G,Op C
24112,1,Mark-10,"Zagreb, Croatia",Quectel_EC21,219,Croatia,hr,7,LTE CAT1,Op C
24176,1,Mark-10,"Zagreb, Croatia",Quectel_EC21,219,Croatia,hr,7,LTE CAT1,Op C
24221,1,Mark-10,"Zagreb, Croatia",Quectel_EC21,219,Croatia,hr,0,2G,Op C
21652,1,Mark-10,"Zagreb, Croatia",Quectel_EC21,219,Croatia,hr,7,LTE CAT1,Op A
21703,1,Mark-10,"Zagreb, Croatia",Quectel_EC21,219,Croatia,hr,0,2G,Op A
21704,1,Mark-10,"Zagreb, Croatia",Quectel_EC21,219,Croatia,hr,2,3G,Op A
21716,1,Mark-10,"Zagreb, Croatia",Quectel_EC21,219,Croatia,hr,7,LTE CAT1,Op A
21767,1,Mark-10,"Zagreb, Croatia",Quectel_EC21,219,Croatia,hr,0,2G,Op A
21768,1,Mark-10,"Zagreb, Croatia",Quectel_EC21,219,Croatia,hr,2,3G,Op A
21780,1,Mark-10,"Zagreb, Croatia",Quectel_EC21,219,Croatia,hr,7,LTE CAT1,Op A
21831,1,Mark-10,"Zagreb, Croatia",Quectel_EC21,219,Croatia,hr,0,2G,Op A
21832,1,Mark-10,"Zagreb, Croatia",Quectel_EC21,219,Croatia,hr,2,3G,Op A
21844,1,Mark-10,"Zagreb, Croatia",Quectel_EC21,219,Croatia,hr,7,LTE CAT1,Op A
21848,1,Mark-10,"Zagreb, Croatia",Quectel_BG96,219,Croatia,hr,0,2G,Op A
21895,1,Mark-10,"Zagreb, Croatia",Quectel_EC21,219,Croatia,hr,0,2G,Op A
21896,1,Mark-10,"Zagreb, Croatia",Quectel_EC21,219,Croatia,hr,2,3G,Op A
21908,1,Mark-10,"Zagreb, Croatia",Quectel_EC21,219,Croatia,hr,7,LTE CAT1,Op A
21959,1,Mark-10,"Zagreb, Croatia",Quectel_EC21,219,Croatia,hr,0,2G,Op A
21960,1,Mark-10,"Zagreb, Croatia",Quectel_EC21,219,Croatia,hr,2,3G,Op A
21972,1,Mark-10,"Zagreb, Croatia",Quectel_EC21,219,Croatia,hr,7,LTE CAT1,Op A
21976,1,Mark-10,"Zagreb, Croatia",Quectel_BG96,219,Croatia,hr,0,2G,Op A
22023,1,Mark-10,"Zagreb, Croatia",Quectel_EC21,219,Croatia,hr,0,2G,Op A
22024,1,Mark-10,"Zagreb, Croatia",Quectel_EC21,219,Croatia,hr,2,3G,Op A
22036,1,Mark-10,"Zagreb, Croatia",Quectel_EC21,219,Croatia,hr,7,LTE CAT1,Op A
22087,1,Mark-10,"Zagreb, Croatia",Quectel_EC21,219,Croatia,hr,0,2G,Op A
22088,1,Mark-10,"Zagreb, Croatia",Quectel_EC21,219,Croatia,hr,2,3G,Op A
22100,1,Mark-10,"Zagreb, Croatia",Quectel_EC21,219,Croatia,hr,7,LTE CAT1,Op A
22104,1,Mark-10,"Zagreb, Croatia",Quectel_BG96,219,Croatia,hr,0,2G,Op A
22151,1,Mark-10,"Zagreb, Croatia",Quectel_EC21,219,Croatia,hr,0,2G,Op A
22152,1,Mark-10,"Zagreb, Croatia",Quectel_EC21,219,Croatia,hr,2,3G,Op A
22164,1,Mark-10,"Zagreb, Croatia",Quectel_EC21,219,Croatia,hr,7,LTE CAT1,Op A
22168,1,Mark-10,"Zagreb, Croatia",Quectel_BG96,219,Croatia,hr,0,2G,Op A
22215,1,Mark-10,"Zagreb, Croatia",Quectel_EC21,219,Croatia,hr,0,2G,Op A
22216,1,Mark-10,"Zagreb, Croatia",Quectel_EC21,219,Croatia,hr,2,3G,Op A
22228,1,Mark-10,"Zagreb, Croatia",Quectel_EC21,219,Croatia,hr,7,LTE CAT1,Op A
22232,1,Mark-10,"Zagreb, Croatia",Quectel_BG96,219,Croatia,hr,0,2G,Op A
22279,1,Mark-10,"Zagreb, Croatia",Quectel_EC21,219,Croatia,hr,0,2G,Op A
22280,1,Mark-10,"Zagreb, Croatia",Quectel_EC21,219,Croatia,hr,2,3G,Op A
22625,1,Mark-10,"Zagreb, Croatia",Quectel_BG96,219,Croatia,hr,0,2G,Op A
22626,1,Mark-10,"Zagreb, Croatia",Quectel_BG96,219,Croatia,hr,0,2G,Op A
22627,1,Mark-10,"Zagreb, Croatia",Quectel_BG96,219,Croatia,hr,0,2G,Op A
22628,1,Mark-10,"Zagreb, Croatia",Quectel_BG96,219,Croatia,hr,0,2G,Op A
22629,1,Mark-10,"Zagreb, Croatia",Quectel_BG96,219,Croatia,hr,0,2G,Op A
22900,1,Mark-10,"Zagreb, Croatia",Quectel_EC21,219,Croatia,hr,7,LTE CAT1,Op A
22904,1,Mark-10,"Zagreb, Croatia",Quectel_BG96,219,Croatia,hr,0,2G,Op A
22950,1,Mark-10,"Zagreb, Croatia",Quectel_EC21,219,Croatia,hr,0,2G,Op A
22951,1,Mark-10,"Zagreb, Croatia",Quectel_EC21,219,Croatia,hr,2,3G,Op A
23404,1,Mark-10,"Zagreb, Croatia",Quectel_EC21,219,Croatia,hr,7,LTE CAT1,Op A
23408,1,Mark-10,"Zagreb, Croatia",Quectel_BG96,219,Croatia,hr,0,2G,Op A
23467,1,Mark-10,"Zagreb, Croatia",Quectel_EC21,219,Croatia,hr,7,LTE CAT1,Op A
23471,1,Mark-10,"Zagreb, Croatia",Quectel_BG96,219,Croatia,hr,0,2G,Op A
23663,1,Mark-10,"Zagreb, Croatia",Quectel_EC21,219,Croatia,hr,7,LTE CAT1,Op A
23667,1,Mark-10,"Zagreb, Croatia",Quectel_BG96,219,Croatia,hr,0,2G,Op A
23713,1,Mark-10,"Zagreb, Croatia",Quectel_EC21,219,Croatia,hr,0,2G,Op A
23714,1,Mark-10,"Zagreb, Croatia",Quectel_EC21,219,Croatia,hr,2,3G,Op A
23751,1,Mark-10,"Zagreb, Croatia",Quectel_EC21,219,Croatia,hr,7,LTE CAT1,Op A
23755,1,Mark-10,"Zagreb, Croatia",Quectel_BG96,219,Croatia,hr,0,2G,Op A
23801,1,Mark-10,"Zagreb, Croatia",Quectel_EC21,219,Croatia,hr,0,2G,Op A
23802,1,Mark-10,"Zagreb, Croatia",Quectel_EC21,219,Croatia,hr,2,3G,Op A
24111,1,Mark-10,"Zagreb, Croatia",Quectel_EC21,219,Croatia,hr,7,LTE CAT1,Op A
24162,1,Mark-10,"Zagreb, Croatia",Quectel_EC21,219,Croatia,hr,0,2G,Op A
24163,1,Mark-10,"Zagreb, Croatia",Quectel_EC21,219,Croatia,hr,2,3G,Op A
24175,1,Mark-10,"Zagreb, Croatia",Quectel_EC21,219,Croatia,hr,7,LTE CAT1,Op A
24179,1,Mark-10,"Zagreb, Croatia",Quectel_BG96,219,Croatia,hr,0,2G,Op A
24226,1,Mark-10,"Zagreb, Croatia",Quectel_EC21,219,Croatia,hr,0,2G,Op A
24227,1,Mark-10,"Zagreb, Croatia",Quectel_EC21,219,Croatia,hr,2,3G,Op A
21657,1,Mark-10,"Zagreb, Croatia",Quectel_EC21,219,Croatia,hr,2,3G,Op B
21673,1,Mark-10,"Zagreb, Croatia",Quectel_BG96,219,Croatia,hr,9,NB-IoT,Op B
21682,1,Mark-10,"Zagreb, Croatia",Quectel_BG96,219,Croatia,hr,0,2G,Op B
21706,1,Mark-10,"Zagreb, Croatia",Quectel_EC21,219,Croatia,hr,7,LTE CAT1,Op B
21707,1,Mark-10,"Zagreb, Croatia",Quectel_EC21,219,Croatia,hr,0,2G,Op B
21721,1,Mark-10,"Zagreb, Croatia",Quectel_EC21,219,Croatia,hr,2,3G,Op B
21737,1,Mark-10,"Zagreb, Croatia",Quectel_BG96,219,Croatia,hr,9,NB-IoT,Op B
21770,1,Mark-10,"Zagreb, Croatia",Quectel_EC21,219,Croatia,hr,7,LTE CAT1,Op B
21771,1,Mark-10,"Zagreb, Croatia",Quectel_EC21,219,Croatia,hr,0,2G,Op B
21785,1,Mark-10,"Zagreb, Croatia",Quectel_EC21,219,Croatia,hr,2,3G,Op B
21801,1,Mark-10,"Zagreb, Croatia",Quectel_BG96,219,Croatia,hr,9,NB-IoT,Op B
21834,1,Mark-10,"Zagreb, Croatia",Quectel_EC21,219,Croatia,hr,7,LTE CAT1,Op B
21835,1,Mark-10,"Zagreb, Croatia",Quectel_EC21,219,Croatia,hr,0,2G,Op B
21849,1,Mark-10,"Zagreb, Croatia",Quectel_EC21,219,Croatia,hr,2,3G,Op B
21865,1,Mark-10,"Zagreb, Croatia",Quectel_BG96,219,Croatia,hr,9,NB-IoT,Op B
21874,1,Mark-10,"Zagreb, Croatia",Quectel_BG96,219,Croatia,hr,0,2G,Op B
21887,1,Mark-10,"Zagreb, Croatia",Quectel_BG96,219,Croatia,hr,8,LTE-M,Op B
21898,1,Mark-10,"Zagreb, Croatia",Quectel_EC21,219,Croatia,hr,7,LTE CAT1,Op B
21899,1,Mark-10,"Zagreb, Croatia",Quectel_EC21,219,Croatia,hr,0,2G,Op B
21913,1,Mark-10,"Zagreb, Croatia",Quectel_EC21,219,Croatia,hr,2,3G,Op B
21929,1,Mark-10,"Zagreb, Croatia",Quectel_BG96,219,Croatia,hr,9,NB-IoT,Op B
21951,1,Mark-10,"Zagreb, Croatia",Quectel_BG96,219,Croatia,hr,8,LTE-M,Op B
21962,1,Mark-10,"Zagreb, Croatia",Quectel_EC21,219,Croatia,hr,7,LTE CAT1,Op B
21963,1,Mark-10,"Zagreb, Croatia",Quectel_EC21,219,Croatia,hr,0,2G,Op B
21977,1,Mark-10,"Zagreb, Croatia",Quectel_EC21,219,Croatia,hr,2,3G,Op B
21993,1,Mark-10,"Zagreb, Croatia",Quectel_BG96,219,Croatia,hr,9,NB-IoT,Op B
22015,1,Mark-10,"Zagreb, Croatia",Quectel_BG96,219,Croatia,hr,8,LTE-M,Op B
22026,1,Mark-10,"Zagreb, Croatia",Quectel_EC21,219,Croatia,hr,7,LTE CAT1,Op B
22027,1,Mark-10,"Zagreb, Croatia",Quectel_EC21,219,Croatia,hr,0,2G,Op B
22041,1,Mark-10,"Zagreb, Croatia",Quectel_EC21,219,Croatia,hr,2,3G,Op B
22057,1,Mark-10,"Zagreb, Croatia",Quectel_BG96,219,Croatia,hr,9,NB-IoT,Op B
22079,1,Mark-10,"Zagreb, Croatia",Quectel_BG96,219,Croatia,hr,8,LTE-M,Op B
22090,1,Mark-10,"Zagreb, Croatia",Quectel_EC21,219,Croatia,hr,7,LTE CAT1,Op B
22091,1,Mark-10,"Zagreb, Croatia",Quectel_EC21,219,Croatia,hr,0,2G,Op B
22105,1,Mark-10,"Zagreb, Croatia",Quectel_EC21,219,Croatia,hr,2,3G,Op B
22121,1,Mark-10,"Zagreb, Croatia",Quectel_BG96,219,Croatia,hr,9,NB-IoT,Op B
22130,1,Mark-10,"Zagreb, Croatia",Quectel_BG96,219,Croatia,hr,0,2G,Op B
22143,1,Mark-10,"Zagreb, Croatia",Quectel_BG96,219,Croatia,hr,8,LTE-M,Op B
22154,1,Mark-10,"Zagreb, Croatia",Quectel_EC21,219,Croatia,hr,7,LTE CAT1,Op B
22155,1,Mark-10,"Zagreb, Croatia",Quectel_EC21,219,Croatia,hr,0,2G,Op B
22169,1,Mark-10,"Zagreb, Croatia",Quectel_EC21,219,Croatia,hr,2,3G,Op B
22185,1,Mark-10,"Zagreb, Croatia",Quectel_BG96,219,Croatia,hr,9,NB-IoT,Op B
22194,1,Mark-10,"Zagreb, Croatia",Quectel_BG96,219,Croatia,hr,0,2G,Op B
22218,1,Mark-10,"Zagreb, Croatia",Quectel_EC21,219,Croatia,hr,7,LTE CAT1,Op B
22219,1,Mark-10,"Zagreb, Croatia",Quectel_EC21,219,Croatia,hr,0,2G,Op B
22233,1,Mark-10,"Zagreb, Croatia",Quectel_EC21,219,Croatia,hr,2,3G,Op B
22249,1,Mark-10,"Zagreb, Croatia",Quectel_BG96,219,Croatia,hr,9,NB-IoT,Op B
22258,1,Mark-10,"Zagreb, Croatia",Quectel_BG96,219,Croatia,hr,0,2G,Op B
22271,1,Mark-10,"Zagreb, Croatia",Quectel_BG96,219,Croatia,hr,8,LTE-M,Op B
22282,1,Mark-10,"Zagreb, Croatia",Quectel_EC21,219,Croatia,hr,7,LTE CAT1,Op B
22283,1,Mark-10,"Zagreb, Croatia",Quectel_EC21,219,Croatia,hr,0,2G,Op B
22630,1,Mark-10,"Zagreb, Croatia",Quectel_BG96,219,Croatia,hr,0,2G,Op B
22631,1,Mark-10,"Zagreb, Croatia",Quectel_BG96,219,Croatia,hr,0,2G,Op B
22632,1,Mark-10,"Zagreb, Croatia",Quectel_BG96,219,Croatia,hr,0,2G,Op B
22634,1,Mark-10,"Zagreb, Croatia",Quectel_BG96,219,Croatia,hr,0,2G,Op B
22635,1,Mark-10,"Zagreb, Croatia",Quectel_BG96,219,Croatia,hr,8,LTE-M,Op B
22636,1,Mark-10,"Zagreb, Croatia",Quectel_BG96,219,Croatia,hr,8,LTE-M,Op B
22637,1,Mark-10,"Zagreb, Croatia",Quectel_BG96,219,Croatia,hr,8,LTE-M,Op B
22638,1,Mark-10,"Zagreb, Croatia",Quectel_BG96,219,Croatia,hr,8,LTE-M,Op B
22905,1,Mark-10,"Zagreb, Croatia",Quectel_EC21,219,Croatia,hr,2,3G,Op B
22920,1,Mark-10,"Zagreb, Croatia",Quectel_BG96,219,Croatia,hr,9,NB-IoT,Op B
22942,1,Mark-10,"Zagreb, Croatia",Quectel_BG96,219,Croatia,hr,8,LTE-M,Op B
22953,1,Mark-10,"Zagreb, Croatia",Quectel_EC21,219,Croatia,hr,7,LTE CAT1,Op B
22954,1,Mark-10,"Zagreb, Croatia",Quectel_EC21,219,Croatia,hr,0,2G,Op B
23063,1,Mark-10,"Zagreb, Croatia",Quectel_BG96,219,Croatia,hr,0,2G,Op B
23064,1,Mark-10,"Zagreb, Croatia",Quectel_BG96,219,Croatia,hr,0,2G,Op B
23065,1,Mark-10,"Zagreb, Croatia",Quectel_BG96,219,Croatia,hr,0,2G,Op B
23409,1,Mark-10,"Zagreb, Croatia",Quectel_EC21,219,Croatia,hr,2,3G,Op B
23424,1,Mark-10,"Zagreb, Croatia",Quectel_BG96,219,Croatia,hr,9,NB-IoT,Op B
23434,1,Mark-10,"Zagreb, Croatia",Quectel_BG96,219,Croatia,hr,0,2G,Op B
23446,1,Mark-10,"Zagreb, Croatia",Quectel_BG96,219,Croatia,hr,8,LTE-M,Op B
23457,1,Mark-10,"Zagreb, Croatia",Quectel_EC21,219,Croatia,hr,7,LTE CAT1,Op B
23458,1,Mark-10,"Zagreb, Croatia",Quectel_EC21,219,Croatia,hr,0,2G,Op B
23472,1,Mark-10,"Zagreb, Croatia",Quectel_EC21,219,Croatia,hr,2,3G,Op B
23487,1,Mark-10,"Zagreb, Croatia",Quectel_BG96,219,Croatia,hr,9,NB-IoT,Op B
23509,1,Mark-10,"Zagreb, Croatia",Quectel_BG96,219,Croatia,hr,8,LTE-M,Op B
23520,1,Mark-10,"Zagreb, Croatia",Quectel_EC21,219,Croatia,hr,7,LTE CAT1,Op B
23521,1,Mark-10,"Zagreb, Croatia",Quectel_EC21,219,Croatia,hr,0,2G,Op B
23668,1,Mark-10,"Zagreb, Croatia",Quectel_EC21,219,Croatia,hr,2,3G,Op B
23683,1,Mark-10,"Zagreb, Croatia",Quectel_BG96,219,Croatia,hr,9,NB-IoT,Op B
23705,1,Mark-10,"Zagreb, Croatia",Quectel_BG96,219,Croatia,hr,8,LTE-M,Op B
23716,1,Mark-10,"Zagreb, Croatia",Quectel_EC21,219,Croatia,hr,7,LTE CAT1,Op B
23717,1,Mark-10,"Zagreb, Croatia",Quectel_EC21,219,Croatia,hr,0,2G,Op B
23756,1,Mark-10,"Zagreb, Croatia",Quectel_EC21,219,Croatia,hr,2,3G,Op B
23771,1,Mark-10,"Zagreb, Croatia",Quectel_BG96,219,Croatia,hr,9,NB-IoT,Op B
23781,1,Mark-10,"Zagreb, Croatia",Quectel_BG96,219,Croatia,hr,0,2G,Op B
23804,1,Mark-10,"Zagreb, Croatia",Quectel_EC21,219,Croatia,hr,7,LTE CAT1,Op B
23805,1,Mark-10,"Zagreb, Croatia",Quectel_EC21,219,Croatia,hr,0,2G,Op B
24116,1,Mark-10,"Zagreb, Croatia",Quectel_EC21,219,Croatia,hr,2,3G,Op B
24131,1,Mark-10,"Zagreb, Croatia",Quectel_BG96,219,Croatia,hr,9,NB-IoT,Op B
24140,1,Mark-10,"Zagreb, Croatia",Quectel_BG96,219,Croatia,hr,0,2G,Op B
24154,1,Mark-10,"Zagreb, Croatia",Quectel_BG96,219,Croatia,hr,8,LTE-M,Op B
24165,1,Mark-10,"Zagreb, Croatia",Quectel_EC21,219,Croatia,hr,7,LTE CAT1,Op B
24166,1,Mark-10,"Zagreb, Croatia",Quectel_EC21,219,Croatia,hr,0,2G,Op B
24180,1,Mark-10,"Zagreb, Croatia",Quectel_EC21,219,Croatia,hr,2,3G,Op B
24195,1,Mark-10,"Zagreb, Croatia",Quectel_BG96,219,Croatia,hr,9,NB-IoT,Op B
24204,1,Mark-10,"Zagreb, Croatia",Quectel_BG96,219,Croatia,hr,0,2G,Op B
24218,1,Mark-10,"Zagreb, Croatia",Quectel_BG96,219,Croatia,hr,8,LTE-M,Op B
24229,1,Mark-10,"Zagreb, Croatia",Quectel_EC21,219,Croatia,hr,7,LTE CAT1,Op B
24230,1,Mark-10,"Zagreb, Croatia",Quectel_EC21,219,Croatia,hr,0,2G,Op B
21687,1,Mark-5,"Milan, Italy",Quectel_EC21,222,Italy,it,0,2G,Op D
21741,1,Mark-5,"Milan, Italy",Quectel_BG96,222,Italy,it,0,2G,Op D
21751,1,Mark-5,"Milan, Italy",Quectel_EC21,222,Italy,it,0,2G,Op D
21761,1,Mark-5,"Milan, Italy",Quectel_EC21,222,Italy,it,7,LTE CAT1,Op D
21805,1,Mark-5,"Milan, Italy",Quectel_BG96,222,Italy,it,0,2G,Op D
21815,1,Mark-5,"Milan, Italy",Quectel_EC21,222,Italy,it,0,2G,Op D
21825,1,Mark-5,"Milan, Italy",Quectel_EC21,222,Italy,it,7,LTE CAT1,Op D
21869,1,Mark-5,"Milan, Italy",Quectel_BG96,222,Italy,it,0,2G,Op D
21879,1,Mark-5,"Milan, Italy",Quectel_EC21,222,Italy,it,0,2G,Op D
21943,1,Mark-5,"Milan, Italy",Quectel_EC21,222,Italy,it,0,2G,Op D
21953,1,Mark-5,"Milan, Italy",Quectel_EC21,222,Italy,it,7,LTE CAT1,Op D
22007,1,Mark-5,"Milan, Italy",Quectel_EC21,222,Italy,it,0,2G,Op D
22071,1,Mark-5,"Milan, Italy",Quectel_EC21,222,Italy,it,0,2G,Op D
22135,1,Mark-5,"Milan, Italy",Quectel_EC21,222,Italy,it,0,2G,Op D
22145,1,Mark-5,"Milan, Italy",Quectel_EC21,222,Italy,it,7,LTE CAT1,Op D
22199,1,Mark-5,"Milan, Italy",Quectel_EC21,222,Italy,it,0,2G,Op D
22209,1,Mark-5,"Milan, Italy",Quectel_EC21,222,Italy,it,7,LTE CAT1,Op D
22253,1,Mark-5,"Milan, Italy",Quectel_BG96,222,Italy,it,0,2G,Op D
22263,1,Mark-5,"Milan, Italy",Quectel_EC21,222,Italy,it,0,2G,Op D
22639,1,Mark-5,"Milan, Italy",Quectel_EC21,222,Italy,it,7,LTE CAT1,Op D
22640,1,Mark-5,"Milan, Italy",Quectel_EC21,222,Italy,it,7,LTE CAT1,Op D
22642,1,Mark-5,"Milan, Italy",Quectel_EC21,222,Italy,it,7,LTE CAT1,Op D
22645,1,Mark-5,"Milan, Italy",Quectel_BG96,222,Italy,it,0,2G,Op D
22646,1,Mark-5,"Milan, Italy",Quectel_BG96,222,Italy,it,0,2G,Op D
22647,1,Mark-5,"Milan, Italy",Quectel_BG96,222,Italy,it,0,2G,Op D
22648,1,Mark-5,"Milan, Italy",Quectel_BG96,222,Italy,it,0,2G,Op D
22649,1,Mark-5,"Milan, Italy",Quectel_BG96,222,Italy,it,0,2G,Op D
22650,1,Mark-5,"Milan, Italy",Quectel_BG96,222,Italy,it,0,2G,Op D
22936,1,Mark-5,"Milan, Italy",Quectel_EC21,222,Italy,it,0,2G,Op D
22944,1,Mark-5,"Milan, Italy",Quectel_EC21,222,Italy,it,7,LTE CAT1,Op D
23428,1,Mark-5,"Milan, Italy",Quectel_BG96,222,Italy,it,0,2G,Op D
23440,1,Mark-5,"Milan, Italy",Quectel_EC21,222,Italy,it,0,2G,Op D
23448,1,Mark-5,"Milan, Italy",Quectel_EC21,222,Italy,it,7,LTE CAT1,Op D
23491,1,Mark-5,"Milan, Italy",Quectel_BG96,222,Italy,it,0,2G,Op D
23503,1,Mark-5,"Milan, Italy",Quectel_EC21,222,Italy,it,0,2G,Op D
23511,1,Mark-5,"Milan, Italy",Quectel_EC21,222,Italy,it,7,LTE CAT1,Op D
23699,1,Mark-5,"Milan, Italy",Quectel_EC21,222,Italy,it,0,2G,Op D
23707,1,Mark-5,"Milan, Italy",Quectel_EC21,222,Italy,it,7,LTE CAT1,Op D
23787,1,Mark-5,"Milan, Italy",Quectel_EC21,222,Italy,it,0,2G,Op D
23795,1,Mark-5,"Milan, Italy",Quectel_EC21,222,Italy,it,7,LTE CAT1,Op D
24135,1,Mark-5,"Milan, Italy",Quectel_BG96,222,Italy,it,0,2G,Op D
24146,1,Mark-5,"Milan, Italy",Quectel_EC21,222,Italy,it,0,2G,Op D
24156,1,Mark-5,"Milan, Italy",Quectel_EC21,222,Italy,it,7,LTE CAT1,Op D
24199,1,Mark-5,"Milan, Italy",Quectel_BG96,222,Italy,it,0,2G,Op D
24210,1,Mark-5,"Milan, Italy",Quectel_EC21,222,Italy,it,0,2G,Op D
24220,1,Mark-5,"Milan, Italy",Quectel_EC21,222,Italy,it,7,LTE CAT1,Op D
25051,1,Mark-5,"Milan, Italy",Quectel_BG96,222,Italy,it,9,NB-IoT,Op D
25052,1,Mark-5,"Milan, Italy",Quectel_BG96,222,Italy,it,9,NB-IoT,Op D
25053,1,Mark-5,"Milan, Italy",Quectel_BG96,222,Italy,it,9,NB-IoT,Op D
25054,1,Mark-5,"Milan, Italy",Quectel_BG96,222,Italy,it,9,NB-IoT,Op D
25055,1,Mark-5,"Milan, Italy",Quectel_BG96,222,Italy,it,9,NB-IoT,Op D
25056,1,Mark-5,"Milan, Italy",Quectel_BG96,222,Italy,it,9,NB-IoT,Op D
25057,1,Mark-5,"Milan, Italy",Quectel_BG96,222,Italy,it,9,NB-IoT,Op D
25058,1,Mark-5,"Milan, Italy",Quectel_BG96,222,Italy,it,9,NB-IoT,Op D
25059,1,Mark-5,"Milan, Italy",Quectel_BG96,222,Italy,it,9,NB-IoT,Op D
25060,1,Mark-5,"Milan, Italy",Quectel_BG96,222,Italy,it,9,NB-IoT,Op D
25061,1,Mark-5,"Milan, Italy",Quectel_BG96,222,Italy,it,9,NB-IoT,Op D
25062,1,Mark-5,"Milan, Italy",Quectel_BG96,222,Italy,it,9,NB-IoT,Op D
25063,1,Mark-5,"Milan, Italy",Quectel_BG96,222,Italy,it,9,NB-IoT,Op D
25064,1,Mark-5,"Milan, Italy",Quectel_BG96,222,Italy,it,9,NB-IoT,Op D
25065,1,Mark-5,"Milan, Italy",Quectel_BG96,222,Italy,it,9,NB-IoT,Op D
21660,1,Mark-5,"Milan, Italy",Quectel_EC21,222,Italy,it,0,2G,Op C
21672,1,Mark-5,"Milan, Italy",Quectel_BG96,222,Italy,it,9,NB-IoT,Op C
21674,1,Mark-5,"Milan, Italy",Quectel_EC21,222,Italy,it,7,LTE CAT1,Op C
21713,1,Mark-5,"Milan, Italy",Quectel_BG96,222,Italy,it,0,2G,Op C
21724,1,Mark-5,"Milan, Italy",Quectel_EC21,222,Italy,it,0,2G,Op C
21736,1,Mark-5,"Milan, Italy",Quectel_BG96,222,Italy,it,9,NB-IoT,Op C
21738,1,Mark-5,"Milan, Italy",Quectel_EC21,222,Italy,it,7,LTE CAT1,Op C
21777,1,Mark-5,"Milan, Italy",Quectel_BG96,222,Italy,it,0,2G,Op C
21788,1,Mark-5,"Milan, Italy",Quectel_EC21,222,Italy,it,0,2G,Op C
21800,1,Mark-5,"Milan, Italy",Quectel_BG96,222,Italy,it,9,NB-IoT,Op C
21802,1,Mark-5,"Milan, Italy",Quectel_EC21,222,Italy,it,7,LTE CAT1,Op C
21841,1,Mark-5,"Milan, Italy",Quectel_BG96,222,Italy,it,0,2G,Op C
21852,1,Mark-5,"Milan, Italy",Quectel_EC21,222,Italy,it,0,2G,Op C
21866,1,Mark-5,"Milan, Italy",Quectel_EC21,222,Italy,it,7,LTE CAT1,Op C
21905,1,Mark-5,"Milan, Italy",Quectel_BG96,222,Italy,it,0,2G,Op C
21916,1,Mark-5,"Milan, Italy",Quectel_EC21,222,Italy,it,0,2G,Op C
21928,1,Mark-5,"Milan, Italy",Quectel_BG96,222,Italy,it,9,NB-IoT,Op C
21930,1,Mark-5,"Milan, Italy",Quectel_EC21,222,Italy,it,7,LTE CAT1,Op C
21969,1,Mark-5,"Milan, Italy",Quectel_BG96,222,Italy,it,0,2G,Op C
21994,1,Mark-5,"Milan, Italy",Quectel_EC21,222,Italy,it,7,LTE CAT1,Op C
22033,1,Mark-5,"Milan, Italy",Quectel_BG96,222,Italy,it,0,2G,Op C
22044,1,Mark-5,"Milan, Italy",Quectel_EC21,222,Italy,it,0,2G,Op C
22056,1,Mark-5,"Milan, Italy",Quectel_BG96,222,Italy,it,9,NB-IoT,Op C
22058,1,Mark-5,"Milan, Italy",Quectel_EC21,222,Italy,it,7,LTE CAT1,Op C
22108,1,Mark-5,"Milan, Italy",Quectel_EC21,222,Italy,it,0,2G,Op C
22120,1,Mark-5,"Milan, Italy",Quectel_BG96,222,Italy,it,9,NB-IoT,Op C
22122,1,Mark-5,"Milan, Italy",Quectel_EC21,222,Italy,it,7,LTE CAT1,Op C
22161,1,Mark-5,"Milan, Italy",Quectel_BG96,222,Italy,it,0,2G,Op C
22172,1,Mark-5,"Milan, Italy",Quectel_EC21,222,Italy,it,0,2G,Op C
22184,1,Mark-5,"Milan, Italy",Quectel_BG96,222,Italy,it,9,NB-IoT,Op C
22186,1,Mark-5,"Milan, Italy",Quectel_EC21,222,Italy,it,7,LTE CAT1,Op C
22225,1,Mark-5,"Milan, Italy",Quectel_BG96,222,Italy,it,0,2G,Op C
22236,1,Mark-5,"Milan, Italy",Quectel_EC21,222,Italy,it,0,2G,Op C
22248,1,Mark-5,"Milan, Italy",Quectel_BG96,222,Italy,it,9,NB-IoT,Op C
22250,1,Mark-5,"Milan, Italy",Quectel_EC21,222,Italy,it,7,LTE CAT1,Op C
22643,1,Mark-5,"Milan, Italy",Quectel_EC21,222,Italy,it,0,2G,Op C
22651,1,Mark-5,"Milan, Italy",Quectel_BG96,222,Italy,it,0,2G,Op C
22652,1,Mark-5,"Milan, Italy",Quectel_BG96,222,Italy,it,0,2G,Op C
22654,1,Mark-5,"Milan, Italy",Quectel_BG96,222,Italy,it,9,NB-IoT,Op C
22909,1,Mark-5,"Milan, Italy",Quectel_EC21,222,Italy,it,0,2G,Op C
22919,1,Mark-5,"Milan, Italy",Quectel_BG96,222,Italy,it,9,NB-IoT,Op C
22921,1,Mark-5,"Milan, Italy",Quectel_EC21,222,Italy,it,7,LTE CAT1,Op C
22960,1,Mark-5,"Milan, Italy",Quectel_BG96,222,Italy,it,0,2G,Op C
23413,1,Mark-5,"Milan, Italy",Quectel_EC21,222,Italy,it,0,2G,Op C
23423,1,Mark-5,"Milan, Italy",Quectel_BG96,222,Italy,it,9,NB-IoT,Op C
23425,1,Mark-5,"Milan, Italy",Quectel_EC21,222,Italy,it,7,LTE CAT1,Op C
23464,1,Mark-5,"Milan, Italy",Quectel_BG96,222,Italy,it,0,2G,Op C
23476,1,Mark-5,"Milan, Italy",Quectel_EC21,222,Italy,it,0,2G,Op C
23486,1,Mark-5,"Milan, Italy",Quectel_BG96,222,Italy,it,9,NB-IoT,Op C
23488,1,Mark-5,"Milan, Italy",Quectel_EC21,222,Italy,it,7,LTE CAT1,Op C
23672,1,Mark-5,"Milan, Italy",Quectel_EC21,222,Italy,it,0,2G,Op C
23682,1,Mark-5,"Milan, Italy",Quectel_BG96,222,Italy,it,9,NB-IoT,Op C
23684,1,Mark-5,"Milan, Italy",Quectel_EC21,222,Italy,it,7,LTE CAT1,Op C
23723,1,Mark-5,"Milan, Italy",Quectel_BG96,222,Italy,it,0,2G,Op C
23760,1,Mark-5,"Milan, Italy",Quectel_EC21,222,Italy,it,0,2G,Op C
23770,1,Mark-5,"Milan, Italy",Quectel_BG96,222,Italy,it,9,NB-IoT,Op C
23772,1,Mark-5,"Milan, Italy",Quectel_EC21,222,Italy,it,7,LTE CAT1,Op C
23811,1,Mark-5,"Milan, Italy",Quectel_BG96,222,Italy,it,0,2G,Op C
24119,1,Mark-5,"Milan, Italy",Quectel_EC21,222,Italy,it,0,2G,Op C
24130,1,Mark-5,"Milan, Italy",Quectel_BG96,222,Italy,it,9,NB-IoT,Op C
24132,1,Mark-5,"Milan, Italy",Quectel_EC21,222,Italy,it,7,LTE CAT1,Op C
24172,1,Mark-5,"Milan, Italy",Quectel_BG96,222,Italy,it,0,2G,Op C
24183,1,Mark-5,"Milan, Italy",Quectel_EC21,222,Italy,it,0,2G,Op C
24194,1,Mark-5,"Milan, Italy",Quectel_BG96,222,Italy,it,9,NB-IoT,Op C
24196,1,Mark-5,"Milan, Italy",Quectel_EC21,222,Italy,it,7,LTE CAT1,Op C
24236,1,Mark-5,"Milan, Italy",Quectel_BG96,222,Italy,it,0,2G,Op C
21670,1,Mark-5,"Milan, Italy",Quectel_EC21,222,Italy,it,2,3G,Op A
21714,1,Mark-5,"Milan, Italy",Quectel_EC21,222,Italy,it,7,LTE CAT1,Op A
21734,1,Mark-5,"Milan, Italy",Quectel_EC21,222,Italy,it,2,3G,Op A
21778,1,Mark-5,"Milan, Italy",Quectel_EC21,222,Italy,it,7,LTE CAT1,Op A
21798,1,Mark-5,"Milan, Italy",Quectel_EC21,222,Italy,it,2,3G,Op A
21842,1,Mark-5,"Milan, Italy",Quectel_EC21,222,Italy,it,7,LTE CAT1,Op A
21862,1,Mark-5,"Milan, Italy",Quectel_EC21,222,Italy,it,2,3G,Op A
21906,1,Mark-5,"Milan, Italy",Quectel_EC21,222,Italy,it,7,LTE CAT1,Op A
21926,1,Mark-5,"Milan, Italy",Quectel_EC21,222,Italy,it,2,3G,Op A
21970,1,Mark-5,"Milan, Italy",Quectel_EC21,222,Italy,it,7,LTE CAT1,Op A
21990,1,Mark-5,"Milan, Italy",Quectel_EC21,222,Italy,it,2,3G,Op A
22034,1,Mark-5,"Milan, Italy",Quectel_EC21,222,Italy,it,7,LTE CAT1,Op A
22054,1,Mark-5,"Milan, Italy",Quectel_EC21,222,Italy,it,2,3G,Op A
22098,1,Mark-5,"Milan, Italy",Quectel_EC21,222,Italy,it,7,LTE CAT1,Op A
22118,1,Mark-5,"Milan, Italy",Quectel_EC21,222,Italy,it,2,3G,Op A
22162,1,Mark-5,"Milan, Italy",Quectel_EC21,222,Italy,it,7,LTE CAT1,Op A
22182,1,Mark-5,"Milan, Italy",Quectel_EC21,222,Italy,it,2,3G,Op A
22226,1,Mark-5,"Milan, Italy",Quectel_EC21,222,Italy,it,7,LTE CAT1,Op A
22246,1,Mark-5,"Milan, Italy",Quectel_EC21,222,Italy,it,2,3G,Op A
22290,1,Mark-5,"Milan, Italy",Quectel_EC21,222,Italy,it,7,LTE CAT1,Op A
22917,1,Mark-5,"Milan, Italy",Quectel_EC21,222,Italy,it,2,3G,Op A
22961,1,Mark-5,"Milan, Italy",Quectel_EC21,222,Italy,it,7,LTE CAT1,Op A
23421,1,Mark-5,"Milan, Italy",Quectel_EC21,222,Italy,it,2,3G,Op A
23465,1,Mark-5,"Milan, Italy",Quectel_EC21,222,Italy,it,7,LTE CAT1,Op A
23528,1,Mark-5,"Milan, Italy",Quectel_EC21,222,Italy,it,7,LTE CAT1,Op A
23680,1,Mark-5,"Milan, Italy",Quectel_EC21,222,Italy,it,2,3G,Op A
23724,1,Mark-5,"Milan, Italy",Quectel_EC21,222,Italy,it,7,LTE CAT1,Op A
23768,1,Mark-5,"Milan, Italy",Quectel_EC21,222,Italy,it,2,3G,Op A
23812,1,Mark-5,"Milan, Italy",Quectel_EC21,222,Italy,it,7,LTE CAT1,Op A
24128,1,Mark-5,"Milan, Italy",Quectel_EC21,222,Italy,it,2,3G,Op A
24173,1,Mark-5,"Milan, Italy",Quectel_EC21,222,Italy,it,7,LTE CAT1,Op A
24192,1,Mark-5,"Milan, Italy",Quectel_EC21,222,Italy,it,2,3G,Op A
24237,1,Mark-5,"Milan, Italy",Quectel_EC21,222,Italy,it,7,LTE CAT1,Op A
21651,1,Mark-5,"Milan, Italy",Quectel_EC21,222,Italy,it,2,3G,Op B
21655,1,Mark-5,"Milan, Italy",Quectel_EC21,222,Italy,it,0,2G,Op B
21680,1,Mark-5,"Milan, Italy",Quectel_EC21,222,Italy,it,7,LTE CAT1,Op B
21715,1,Mark-5,"Milan, Italy",Quectel_EC21,222,Italy,it,2,3G,Op B
21719,1,Mark-5,"Milan, Italy",Quectel_EC21,222,Italy,it,0,2G,Op B
21744,1,Mark-5,"Milan, Italy",Quectel_EC21,222,Italy,it,7,LTE CAT1,Op B
21779,1,Mark-5,"Milan, Italy",Quectel_EC21,222,Italy,it,2,3G,Op B
21782,1,Mark-5,"Milan, Italy",Quectel_BG96,222,Italy,it,0,2G,Op B
21783,1,Mark-5,"Milan, Italy",Quectel_EC21,222,Italy,it,0,2G,Op B
21808,1,Mark-5,"Milan, Italy",Quectel_EC21,222,Italy,it,7,LTE CAT1,Op B
21843,1,Mark-5,"Milan, Italy",Quectel_EC21,222,Italy,it,2,3G,Op B
21847,1,Mark-5,"Milan, Italy",Quectel_EC21,222,Italy,it,0,2G,Op B
21872,1,Mark-5,"Milan, Italy",Quectel_EC21,222,Italy,it,7,LTE CAT1,Op B
21907,1,Mark-5,"Milan, Italy",Quectel_EC21,222,Italy,it,2,3G,Op B
21910,1,Mark-5,"Milan, Italy",Quectel_BG96,222,Italy,it,0,2G,Op B
21911,1,Mark-5,"Milan, Italy",Quectel_EC21,222,Italy,it,0,2G,Op B
21936,1,Mark-5,"Milan, Italy",Quectel_EC21,222,Italy,it,7,LTE CAT1,Op B
21971,1,Mark-5,"Milan, Italy",Quectel_EC21,222,Italy,it,2,3G,Op B
22000,1,Mark-5,"Milan, Italy",Quectel_EC21,222,Italy,it,7,LTE CAT1,Op B
22035,1,Mark-5,"Milan, Italy",Quectel_EC21,222,Italy,it,2,3G,Op B
22039,1,Mark-5,"Milan, Italy",Quectel_EC21,222,Italy,it,0,2G,Op B
22064,1,Mark-5,"Milan, Italy",Quectel_EC21,222,Italy,it,7,LTE CAT1,Op B
22099,1,Mark-5,"Milan, Italy",Quectel_EC21,222,Italy,it,2,3G,Op B
22103,1,Mark-5,"Milan, Italy",Quectel_EC21,222,Italy,it,0,2G,Op B
22128,1,Mark-5,"Milan, Italy",Quectel_EC21,222,Italy,it,7,LTE CAT1,Op B
22163,1,Mark-5,"Milan, Italy",Quectel_EC21,222,Italy,it,2,3G,Op B
22166,1,Mark-5,"Milan, Italy",Quectel_BG96,222,Italy,it,0,2G,Op B
22167,1,Mark-5,"Milan, Italy",Quectel_EC21,222,Italy,it,0,2G,Op B
22192,1,Mark-5,"Milan, Italy",Quectel_EC21,222,Italy,it,7,LTE CAT1,Op B
22227,1,Mark-5,"Milan, Italy",Quectel_EC21,222,Italy,it,2,3G,Op B
22256,1,Mark-5,"Milan, Italy",Quectel_EC21,222,Italy,it,7,LTE CAT1,Op B
22644,1,Mark-5,"Milan, Italy",Quectel_EC21,222,Italy,it,0,2G,Op B
22899,1,Mark-5,"Milan, Italy",Quectel_EC21,222,Italy,it,2,3G,Op B
22903,1,Mark-5,"Milan, Italy",Quectel_EC21,222,Italy,it,0,2G,Op B
22928,1,Mark-5,"Milan, Italy",Quectel_EC21,222,Italy,it,7,LTE CAT1,Op B
23403,1,Mark-5,"Milan, Italy",Quectel_EC21,222,Italy,it,2,3G,Op B
23432,1,Mark-5,"Milan, Italy",Quectel_EC21,222,Italy,it,7,LTE CAT1,Op B
23470,1,Mark-5,"Milan, Italy",Quectel_EC21,222,Italy,it,0,2G,Op B
23495,1,Mark-5,"Milan, Italy",Quectel_EC21,222,Italy,it,7,LTE CAT1,Op B
23662,1,Mark-5,"Milan, Italy",Quectel_EC21,222,Italy,it,2,3G,Op B
23666,1,Mark-5,"Milan, Italy",Quectel_EC21,222,Italy,it,0,2G,Op B
23691,1,Mark-5,"Milan, Italy",Quectel_EC21,222,Italy,it,7,LTE CAT1,Op B
23750,1,Mark-5,"Milan, Italy",Quectel_EC21,222,Italy,it,2,3G,Op B
23779,1,Mark-5,"Milan, Italy",Quectel_EC21,222,Italy,it,7,LTE CAT1,Op B
24110,1,Mark-5,"Milan, Italy",Quectel_EC21,222,Italy,it,2,3G,Op B
24138,1,Mark-5,"Milan, Italy",Quectel_EC21,222,Italy,it,7,LTE CAT1,Op B
24174,1,Mark-5,"Milan, Italy",Quectel_EC21,222,Italy,it,2,3G,Op B
24178,1,Mark-5,"Milan, Italy",Quectel_EC21,222,Italy,it,0,2G,Op B
24202,1,Mark-5,"Milan, Italy",Quectel_EC21,222,Italy,it,7,LTE CAT1,Op B
21678,1,Mark-7,"Trondheim, Norway",Quectel_EC21,242,Norway,no,0,2G,Op A
21722,1,Mark-7,"Trondheim, Norway",Quectel_EC21,242,Norway,no,7,LTE CAT1,Op A
21742,1,Mark-7,"Trondheim, Norway",Quectel_EC21,242,Norway,no,0,2G,Op A
21786,1,Mark-7,"Trondheim, Norway",Quectel_EC21,242,Norway,no,7,LTE CAT1,Op A
21806,1,Mark-7,"Trondheim, Norway",Quectel_EC21,242,Norway,no,0,2G,Op A
21850,1,Mark-7,"Trondheim, Norway",Quectel_EC21,242,Norway,no,7,LTE CAT1,Op A
21870,1,Mark-7,"Trondheim, Norway",Quectel_EC21,242,Norway,no,0,2G,Op A
21914,1,Mark-7,"Trondheim, Norway",Quectel_EC21,242,Norway,no,7,LTE CAT1,Op A
21934,1,Mark-7,"Trondheim, Norway",Quectel_EC21,242,Norway,no,0,2G,Op A
21978,1,Mark-7,"Trondheim, Norway",Quectel_EC21,242,Norway,no,7,LTE CAT1,Op A
21998,1,Mark-7,"Trondheim, Norway",Quectel_EC21,242,Norway,no,0,2G,Op A
22042,1,Mark-7,"Trondheim, Norway",Quectel_EC21,242,Norway,no,7,LTE CAT1,Op A
22062,1,Mark-7,"Trondheim, Norway",Quectel_EC21,242,Norway,no,0,2G,Op A
22106,1,Mark-7,"Trondheim, Norway",Quectel_EC21,242,Norway,no,7,LTE CAT1,Op A
22126,1,Mark-7,"Trondheim, Norway",Quectel_EC21,242,Norway,no,0,2G,Op A
22170,1,Mark-7,"Trondheim, Norway",Quectel_EC21,242,Norway,no,7,LTE CAT1,Op A
22190,1,Mark-7,"Trondheim, Norway",Quectel_EC21,242,Norway,no,0,2G,Op A
22234,1,Mark-7,"Trondheim, Norway",Quectel_EC21,242,Norway,no,7,LTE CAT1,Op A
22254,1,Mark-7,"Trondheim, Norway",Quectel_EC21,242,Norway,no,0,2G,Op A
22319,1,Mark-7,"Trondheim, Norway",Quectel_EC21,242,Norway,no,7,LTE CAT1,Op A
22906,1,Mark-7,"Trondheim, Norway",Quectel_EC21,242,Norway,no,7,LTE CAT1,Op A
22925,1,Mark-7,"Trondheim, Norway",Quectel_EC21,242,Norway,no,0,2G,Op A
23410,1,Mark-7,"Trondheim, Norway",Quectel_EC21,242,Norway,no,7,LTE CAT1,Op A
23429,1,Mark-7,"Trondheim, Norway",Quectel_EC21,242,Norway,no,0,2G,Op A
23473,1,Mark-7,"Trondheim, Norway",Quectel_EC21,242,Norway,no,7,LTE CAT1,Op A
23492,1,Mark-7,"Trondheim, Norway",Quectel_EC21,242,Norway,no,0,2G,Op A
23669,1,Mark-7,"Trondheim, Norway",Quectel_EC21,242,Norway,no,7,LTE CAT1,Op A
23688,1,Mark-7,"Trondheim, Norway",Quectel_EC21,242,Norway,no,0,2G,Op A
23776,1,Mark-7,"Trondheim, Norway",Quectel_EC21,242,Norway,no,0,2G,Op A
24117,1,Mark-7,"Trondheim, Norway",Quectel_EC21,242,Norway,no,7,LTE CAT1,Op A
24136,1,Mark-7,"Trondheim, Norway",Quectel_EC21,242,Norway,no,0,2G,Op A
24181,1,Mark-7,"Trondheim, Norway",Quectel_EC21,242,Norway,no,7,LTE CAT1,Op A
24200,1,Mark-7,"Trondheim, Norway",Quectel_EC21,242,Norway,no,0,2G,Op A
24822,1,Mark-7,"Trondheim, Norway",Quectel_BG96,242,Norway,no,9,NB-IoT,Op A
24837,1,Mark-7,"Trondheim, Norway",Quectel_BG96,242,Norway,no,9,NB-IoT,Op A
24852,1,Mark-7,"Trondheim, Norway",Quectel_BG96,242,Norway,no,9,NB-IoT,Op A
24867,1,Mark-7,"Trondheim, Norway",Quectel_BG96,242,Norway,no,9,NB-IoT,Op A
24880,1,Mark-7,"Trondheim, Norway",Quectel_BG96,242,Norway,no,8,LTE-M,Op A
24882,1,Mark-7,"Trondheim, Norway",Quectel_BG96,242,Norway,no,9,NB-IoT,Op A
24897,1,Mark-7,"Trondheim, Norway",Quectel_BG96,242,Norway,no,9,NB-IoT,Op A
24912,1,Mark-7,"Trondheim, Norway",Quectel_BG96,242,Norway,no,9,NB-IoT,Op A
24927,1,Mark-7,"Trondheim, Norway",Quectel_BG96,242,Norway,no,9,NB-IoT,Op A
24940,1,Mark-7,"Trondheim, Norway",Quectel_BG96,242,Norway,no,8,LTE-M,Op A
24942,1,Mark-7,"Trondheim, Norway",Quectel_BG96,242,Norway,no,9,NB-IoT,Op A
24955,1,Mark-7,"Trondheim, Norway",Quectel_BG96,242,Norway,no,8,LTE-M,Op A
24957,1,Mark-7,"Trondheim, Norway",Quectel_BG96,242,Norway,no,9,NB-IoT,Op A
24972,1,Mark-7,"Trondheim, Norway",Quectel_BG96,242,Norway,no,9,NB-IoT,Op A
24987,1,Mark-7,"Trondheim, Norway",Quectel_BG96,242,Norway,no,9,NB-IoT,Op A
25004,1,Mark-7,"Trondheim, Norway",Quectel_BG96,242,Norway,no,9,NB-IoT,Op A
25019,1,Mark-7,"Trondheim, Norway",Quectel_BG96,242,Norway,no,9,NB-IoT,Op A
25032,1,Mark-7,"Trondheim, Norway",Quectel_BG96,242,Norway,no,8,LTE-M,Op A
25112,1,Mark-7,"Trondheim, Norway",Quectel_BG96,242,Norway,no,8,LTE-M,Op A
25113,1,Mark-7,"Trondheim, Norway",Quectel_BG96,242,Norway,no,8,LTE-M,Op A
25114,1,Mark-7,"Trondheim, Norway",Quectel_BG96,242,Norway,no,8,LTE-M,Op A
25115,1,Mark-7,"Trondheim, Norway",Quectel_BG96,242,Norway,no,8,LTE-M,Op A
25126,1,Mark-7,"Trondheim, Norway",Quectel_BG96,242,Norway,no,8,LTE-M,Op A
25127,1,Mark-7,"Trondheim, Norway",Quectel_BG96,242,Norway,no,8,LTE-M,Op A
25128,1,Mark-7,"Trondheim, Norway",Quectel_BG96,242,Norway,no,8,LTE-M,Op A
25129,1,Mark-7,"Trondheim, Norway",Quectel_BG96,242,Norway,no,8,LTE-M,Op A
25130,1,Mark-7,"Trondheim, Norway",Quectel_BG96,242,Norway,no,8,LTE-M,Op A
25141,1,Mark-7,"Trondheim, Norway",Quectel_BG96,242,Norway,no,8,LTE-M,Op A
25142,1,Mark-7,"Trondheim, Norway",Quectel_BG96,242,Norway,no,8,LTE-M,Op A
25143,1,Mark-7,"Trondheim, Norway",Quectel_BG96,242,Norway,no,8,LTE-M,Op A
25144,1,Mark-7,"Trondheim, Norway",Quectel_BG96,242,Norway,no,8,LTE-M,Op A
25145,1,Mark-7,"Trondheim, Norway",Quectel_BG96,242,Norway,no,8,LTE-M,Op A
25166,1,Mark-7,"Trondheim, Norway",Quectel_BG96,242,Norway,no,8,LTE-M,Op A
25167,1,Mark-7,"Trondheim, Norway",Quectel_BG96,242,Norway,no,8,LTE-M,Op A
25168,1,Mark-7,"Trondheim, Norway",Quectel_BG96,242,Norway,no,8,LTE-M,Op A
25169,1,Mark-7,"Trondheim, Norway",Quectel_BG96,242,Norway,no,8,LTE-M,Op A
25170,1,Mark-7,"Trondheim, Norway",Quectel_BG96,242,Norway,no,8,LTE-M,Op A
21681,1,Mark-7,"Trondheim, Norway",Quectel_EC21,242,Norway,no,0,2G,Op B
21745,1,Mark-7,"Trondheim, Norway",Quectel_EC21,242,Norway,no,0,2G,Op B
21769,1,Mark-7,"Trondheim, Norway",Quectel_EC21,242,Norway,no,7,LTE CAT1,Op B
21809,1,Mark-7,"Trondheim, Norway",Quectel_EC21,242,Norway,no,0,2G,Op B
21833,1,Mark-7,"Trondheim, Norway",Quectel_EC21,242,Norway,no,7,LTE CAT1,Op B
21873,1,Mark-7,"Trondheim, Norway",Quectel_EC21,242,Norway,no,0,2G,Op B
21897,1,Mark-7,"Trondheim, Norway",Quectel_EC21,242,Norway,no,7,LTE CAT1,Op B
21937,1,Mark-7,"Trondheim, Norway",Quectel_EC21,242,Norway,no,0,2G,Op B
21961,1,Mark-7,"Trondheim, Norway",Quectel_EC21,242,Norway,no,7,LTE CAT1,Op B
22001,1,Mark-7,"Trondheim, Norway",Quectel_EC21,242,Norway,no,0,2G,Op B
22065,1,Mark-7,"Trondheim, Norway",Quectel_EC21,242,Norway,no,0,2G,Op B
22089,1,Mark-7,"Trondheim, Norway",Quectel_EC21,242,Norway,no,7,LTE CAT1,Op B
22129,1,Mark-7,"Trondheim, Norway",Quectel_EC21,242,Norway,no,0,2G,Op B
22153,1,Mark-7,"Trondheim, Norway",Quectel_EC21,242,Norway,no,7,LTE CAT1,Op B
22193,1,Mark-7,"Trondheim, Norway",Quectel_EC21,242,Norway,no,0,2G,Op B
22217,1,Mark-7,"Trondheim, Norway",Quectel_EC21,242,Norway,no,7,LTE CAT1,Op B
22257,1,Mark-7,"Trondheim, Norway",Quectel_EC21,242,Norway,no,0,2G,Op B
22320,1,Mark-7,"Trondheim, Norway",Quectel_EC21,242,Norway,no,7,LTE CAT1,Op B
22321,1,Mark-7,"Trondheim, Norway",Quectel_EC21,242,Norway,no,7,LTE CAT1,Op B
22322,1,Mark-7,"Trondheim, Norway",Quectel_EC21,242,Norway,no,7,LTE CAT1,Op B
22929,1,Mark-7,"Trondheim, Norway",Quectel_EC21,242,Norway,no,0,2G,Op B
22952,1,Mark-7,"Trondheim, Norway",Quectel_EC21,242,Norway,no,7,LTE CAT1,Op B
23433,1,Mark-7,"Trondheim, Norway",Quectel_EC21,242,Norway,no,0,2G,Op B
23456,1,Mark-7,"Trondheim, Norway",Quectel_EC21,242,Norway,no,7,LTE CAT1,Op B
23496,1,Mark-7,"Trondheim, Norway",Quectel_EC21,242,Norway,no,0,2G,Op B
23519,1,Mark-7,"Trondheim, Norway",Quectel_EC21,242,Norway,no,7,LTE CAT1,Op B
23692,1,Mark-7,"Trondheim, Norway",Quectel_EC21,242,Norway,no,0,2G,Op B
23715,1,Mark-7,"Trondheim, Norway",Quectel_EC21,242,Norway,no,7,LTE CAT1,Op B
23780,1,Mark-7,"Trondheim, Norway",Quectel_EC21,242,Norway,no,0,2G,Op B
23803,1,Mark-7,"Trondheim, Norway",Quectel_EC21,242,Norway,no,7,LTE CAT1,Op B
24139,1,Mark-7,"Trondheim, Norway",Quectel_EC21,242,Norway,no,0,2G,Op B
24164,1,Mark-7,"Trondheim, Norway",Quectel_EC21,242,Norway,no,7,LTE CAT1,Op B
24203,1,Mark-7,"Trondheim, Norway",Quectel_EC21,242,Norway,no,0,2G,Op B
24228,1,Mark-7,"Trondheim, Norway",Quectel_EC21,242,Norway,no,7,LTE CAT1,Op B
24827,1,Mark-7,"Trondheim, Norway",Quectel_BG96,242,Norway,no,8,LTE-M,Op B
24830,1,Mark-7,"Trondheim, Norway",Quectel_BG96,242,Norway,no,0,2G,Op B
24845,1,Mark-7,"Trondheim, Norway",Quectel_BG96,242,Norway,no,0,2G,Op B
24857,1,Mark-7,"Trondheim, Norway",Quectel_BG96,242,Norway,no,8,LTE-M,Op B
24860,1,Mark-7,"Trondheim, Norway",Quectel_BG96,242,Norway,no,0,2G,Op B
24905,1,Mark-7,"Trondheim, Norway",Quectel_BG96,242,Norway,no,0,2G,Op B
24917,1,Mark-7,"Trondheim, Norway",Quectel_BG96,242,Norway,no,8,LTE-M,Op B
24920,1,Mark-7,"Trondheim, Norway",Quectel_BG96,242,Norway,no,0,2G,Op B
24935,1,Mark-7,"Trondheim, Norway",Quectel_BG96,242,Norway,no,0,2G,Op B
24947,1,Mark-7,"Trondheim, Norway",Quectel_BG96,242,Norway,no,8,LTE-M,Op B
24950,1,Mark-7,"Trondheim, Norway",Quectel_BG96,242,Norway,no,0,2G,Op B
24962,1,Mark-7,"Trondheim, Norway",Quectel_BG96,242,Norway,no,8,LTE-M,Op B
24980,1,Mark-7,"Trondheim, Norway",Quectel_BG96,242,Norway,no,0,2G,Op B
24995,1,Mark-7,"Trondheim, Norway",Quectel_BG96,242,Norway,no,0,2G,Op B
25012,1,Mark-7,"Trondheim, Norway",Quectel_BG96,242,Norway,no,0,2G,Op B
25027,1,Mark-7,"Trondheim, Norway",Quectel_BG96,242,Norway,no,0,2G,Op B
25116,1,Mark-7,"Trondheim, Norway",Quectel_BG96,242,Norway,no,8,LTE-M,Op B
25117,1,Mark-7,"Trondheim, Norway",Quectel_BG96,242,Norway,no,8,LTE-M,Op B
25118,1,Mark-7,"Trondheim, Norway",Quectel_BG96,242,Norway,no,8,LTE-M,Op B
25119,1,Mark-7,"Trondheim, Norway",Quectel_BG96,242,Norway,no,8,LTE-M,Op B
25120,1,Mark-7,"Trondheim, Norway",Quectel_BG96,242,Norway,no,8,LTE-M,Op B
25131,1,Mark-7,"Trondheim, Norway",Quectel_BG96,242,Norway,no,8,LTE-M,Op B
25132,1,Mark-7,"Trondheim, Norway",Quectel_BG96,242,Norway,no,8,LTE-M,Op B
25133,1,Mark-7,"Trondheim, Norway",Quectel_BG96,242,Norway,no,8,LTE-M,Op B
25134,1,Mark-7,"Trondheim, Norway",Quectel_BG96,242,Norway,no,8,LTE-M,Op B
25135,1,Mark-7,"Trondheim, Norway",Quectel_BG96,242,Norway,no,8,LTE-M,Op B
25146,1,Mark-7,"Trondheim, Norway",Quectel_BG96,242,Norway,no,8,LTE-M,Op B
25147,1,Mark-7,"Trondheim, Norway",Quectel_BG96,242,Norway,no,8,LTE-M,Op B
25148,1,Mark-7,"Trondheim, Norway",Quectel_BG96,242,Norway,no,8,LTE-M,Op B
25149,1,Mark-7,"Trondheim, Norway",Quectel_BG96,242,Norway,no,8,LTE-M,Op B
25150,1,Mark-7,"Trondheim, Norway",Quectel_BG96,242,Norway,no,8,LTE-M,Op B
25171,1,Mark-7,"Trondheim, Norway",Quectel_BG96,242,Norway,no,8,LTE-M,Op B
25172,1,Mark-7,"Trondheim, Norway",Quectel_BG96,242,Norway,no,8,LTE-M,Op B
22418,1,Mark-2,"Würzburg, Germany",Quectel_EC21,262,Germany,de,0,2G,Op C
24239,1,Mark-4,"Würzburg, Germany",Quectel_BG96,262,Germany,de,8,LTE-M,Op C
24545,1,Mark-1,"Würzburg, Germany",Quectel_EC21,262,Germany,de,7,LTE CAT1,Op C
24551,1,Mark-1,"Würzburg, Germany",Quectel_EC21,262,Germany,de,0,2G,Op C
24552,1,Mark-1,"Würzburg, Germany",Quectel_BG96,262,Germany,de,8,LTE-M,Op C
24553,1,Mark-1,"Würzburg, Germany",Quectel_BG96,262,Germany,de,0,2G,Op C
24561,1,Mark-1,"Würzburg, Germany",Quectel_EC21,262,Germany,de,7,LTE CAT1,Op C
24567,1,Mark-1,"Würzburg, Germany",Quectel_EC21,262,Germany,de,0,2G,Op C
24568,1,Mark-1,"Würzburg, Germany",Quectel_BG96,262,Germany,de,8,LTE-M,Op C
24569,1,Mark-1,"Würzburg, Germany",Quectel_BG96,262,Germany,de,0,2G,Op C
24577,1,Mark-1,"Würzburg, Germany",Quectel_EC21,262,Germany,de,7,LTE CAT1,Op C
24583,1,Mark-1,"Würzburg, Germany",Quectel_EC21,262,Germany,de,0,2G,Op C
24584,1,Mark-1,"Würzburg, Germany",Quectel_BG96,262,Germany,de,8,LTE-M,Op C
24585,1,Mark-1,"Würzburg, Germany",Quectel_BG96,262,Germany,de,0,2G,Op C
24593,1,Mark-1,"Würzburg, Germany",Quectel_EC21,262,Germany,de,7,LTE CAT1,Op C
24599,1,Mark-1,"Würzburg, Germany",Quectel_EC21,262,Germany,de,0,2G,Op C
24600,1,Mark-1,"Würzburg, Germany",Quectel_BG96,262,Germany,de,8,LTE-M,Op C
24601,1,Mark-1,"Würzburg, Germany",Quectel_BG96,262,Germany,de,0,2G,Op C
24609,1,Mark-1,"Würzburg, Germany",Quectel_EC21,262,Germany,de,7,LTE CAT1,Op C
24615,1,Mark-1,"Würzburg, Germany",Quectel_EC21,262,Germany,de,0,2G,Op C
24616,1,Mark-1,"Würzburg, Germany",Quectel_BG96,262,Germany,de,8,LTE-M,Op C
24625,1,Mark-1,"Würzburg, Germany",Quectel_EC21,262,Germany,de,7,LTE CAT1,Op C
24631,1,Mark-1,"Würzburg, Germany",Quectel_EC21,262,Germany,de,0,2G,Op C
24632,1,Mark-1,"Würzburg, Germany",Quectel_BG96,262,Germany,de,8,LTE-M,Op C
24633,1,Mark-1,"Würzburg, Germany",Quectel_BG96,262,Germany,de,0,2G,Op C
24641,1,Mark-1,"Würzburg, Germany",Quectel_EC21,262,Germany,de,7,LTE CAT1,Op C
24647,1,Mark-1,"Würzburg, Germany",Quectel_EC21,262,Germany,de,0,2G,Op C
24648,1,Mark-1,"Würzburg, Germany",Quectel_BG96,262,Germany,de,8,LTE-M,Op C
24649,1,Mark-1,"Würzburg, Germany",Quectel_BG96,262,Germany,de,0,2G,Op C
24657,1,Mark-1,"Würzburg, Germany",Quectel_EC21,262,Germany,de,7,LTE CAT1,Op C
24663,1,Mark-1,"Würzburg, Germany",Quectel_EC21,262,Germany,de,0,2G,Op C
24664,1,Mark-1,"Würzburg, Germany",Quectel_BG96,262,Germany,de,8,LTE-M,Op C
24665,1,Mark-1,"Würzburg, Germany",Quectel_BG96,262,Germany,de,0,2G,Op C
24673,1,Mark-1,"Würzburg, Germany",Quectel_EC21,262,Germany,de,7,LTE CAT1,Op C
24679,1,Mark-1,"Würzburg, Germany",Quectel_EC21,262,Germany,de,0,2G,Op C
24680,1,Mark-1,"Würzburg, Germany",Quectel_BG96,262,Germany,de,8,LTE-M,Op C
24681,1,Mark-1,"Würzburg, Germany",Quectel_BG96,262,Germany,de,0,2G,Op C
24689,1,Mark-1,"Würzburg, Germany",Quectel_EC21,262,Germany,de,7,LTE CAT1,Op C
24695,1,Mark-1,"Würzburg, Germany",Quectel_EC21,262,Germany,de,0,2G,Op C
24696,1,Mark-1,"Würzburg, Germany",Quectel_BG96,262,Germany,de,8,LTE-M,Op C
24697,1,Mark-1,"Würzburg, Germany",Quectel_BG96,262,Germany,de,0,2G,Op C
21669,1,Mark-1,"Würzburg, Germany",Quectel_EC21,262,Germany,de,7,LTE CAT1,Op B
21691,1,Mark-1,"Würzburg, Germany",Quectel_BG96,262,Germany,de,9,NB-IoT,Op B
21701,1,Mark-1,"Würzburg, Germany",Quectel_EC21,262,Germany,de,0,2G,Op B
21710,1,Mark-1,"Würzburg, Germany",Quectel_BG96,262,Germany,de,0,2G,Op B
21733,1,Mark-1,"Würzburg, Germany",Quectel_EC21,262,Germany,de,7,LTE CAT1,Op B
21755,1,Mark-1,"Würzburg, Germany",Quectel_BG96,262,Germany,de,9,NB-IoT,Op B
21765,1,Mark-1,"Würzburg, Germany",Quectel_EC21,262,Germany,de,0,2G,Op B
21774,1,Mark-1,"Würzburg, Germany",Quectel_BG96,262,Germany,de,0,2G,Op B
21797,1,Mark-1,"Würzburg, Germany",Quectel_EC21,262,Germany,de,7,LTE CAT1,Op B
21819,1,Mark-1,"Würzburg, Germany",Quectel_BG96,262,Germany,de,9,NB-IoT,Op B
21829,1,Mark-1,"Würzburg, Germany",Quectel_EC21,262,Germany,de,0,2G,Op B
21838,1,Mark-1,"Würzburg, Germany",Quectel_BG96,262,Germany,de,0,2G,Op B
21861,1,Mark-1,"Würzburg, Germany",Quectel_EC21,262,Germany,de,7,LTE CAT1,Op B
21883,1,Mark-1,"Würzburg, Germany",Quectel_BG96,262,Germany,de,9,NB-IoT,Op B
21893,1,Mark-1,"Würzburg, Germany",Quectel_EC21,262,Germany,de,0,2G,Op B
21902,1,Mark-1,"Würzburg, Germany",Quectel_BG96,262,Germany,de,0,2G,Op B
21925,1,Mark-1,"Würzburg, Germany",Quectel_EC21,262,Germany,de,7,LTE CAT1,Op B
21947,1,Mark-1,"Würzburg, Germany",Quectel_BG96,262,Germany,de,9,NB-IoT,Op B
21957,1,Mark-1,"Würzburg, Germany",Quectel_EC21,262,Germany,de,0,2G,Op B
21989,1,Mark-1,"Würzburg, Germany",Quectel_EC21,262,Germany,de,7,LTE CAT1,Op B
22011,1,Mark-1,"Würzburg, Germany",Quectel_BG96,262,Germany,de,9,NB-IoT,Op B
22021,1,Mark-1,"Würzburg, Germany",Quectel_EC21,262,Germany,de,0,2G,Op B
22030,1,Mark-1,"Würzburg, Germany",Quectel_BG96,262,Germany,de,0,2G,Op B
22053,1,Mark-1,"Würzburg, Germany",Quectel_EC21,262,Germany,de,7,LTE CAT1,Op B
22075,1,Mark-1,"Würzburg, Germany",Quectel_BG96,262,Germany,de,9,NB-IoT,Op B
22085,1,Mark-1,"Würzburg, Germany",Quectel_EC21,262,Germany,de,0,2G,Op B
22094,1,Mark-1,"Würzburg, Germany",Quectel_BG96,262,Germany,de,0,2G,Op B
22117,1,Mark-1,"Würzburg, Germany",Quectel_EC21,262,Germany,de,7,LTE CAT1,Op B
22139,1,Mark-1,"Würzburg, Germany",Quectel_BG96,262,Germany,de,9,NB-IoT,Op B
22149,1,Mark-1,"Würzburg, Germany",Quectel_EC21,262,Germany,de,0,2G,Op B
22158,1,Mark-1,"Würzburg, Germany",Quectel_BG96,262,Germany,de,0,2G,Op B
22181,1,Mark-1,"Würzburg, Germany",Quectel_EC21,262,Germany,de,7,LTE CAT1,Op B
22203,1,Mark-1,"Würzburg, Germany",Quectel_BG96,262,Germany,de,9,NB-IoT,Op B
22213,1,Mark-1,"Würzburg, Germany",Quectel_EC21,262,Germany,de,0,2G,Op B
22222,1,Mark-1,"Würzburg, Germany",Quectel_BG96,262,Germany,de,0,2G,Op B
22245,1,Mark-1,"Würzburg, Germany",Quectel_EC21,262,Germany,de,7,LTE CAT1,Op B
22267,1,Mark-1,"Würzburg, Germany",Quectel_BG96,262,Germany,de,9,NB-IoT,Op B
22277,1,Mark-1,"Würzburg, Germany",Quectel_EC21,262,Germany,de,0,2G,Op B
22286,1,Mark-1,"Würzburg, Germany",Quectel_BG96,262,Germany,de,0,2G,Op B
22567,1,Mark-1,"Würzburg, Germany",Quectel_BG96,262,Germany,de,0,2G,Op B
22568,1,Mark-1,"Würzburg, Germany",Quectel_BG96,262,Germany,de,0,2G,Op B
22916,1,Mark-1,"Würzburg, Germany",Quectel_EC21,262,Germany,de,7,LTE CAT1,Op B
22940,1,Mark-1,"Würzburg, Germany",Quectel_BG96,262,Germany,de,9,NB-IoT,Op B
22948,1,Mark-1,"Würzburg, Germany",Quectel_EC21,262,Germany,de,0,2G,Op B
22957,1,Mark-1,"Würzburg, Germany",Quectel_BG96,262,Germany,de,0,2G,Op B
23067,1,Mark-4,"Würzburg, Germany",Quectel_BG96,262,Germany,de,9,NB-IoT,Op B
23128,1,Mark-4,"Würzburg, Germany",Quectel_BG96,262,Germany,de,9,NB-IoT,Op B
23129,1,Mark-4,"Würzburg, Germany",Quectel_BG96,262,Germany,de,9,NB-IoT,Op B
23130,1,Mark-4,"Würzburg, Germany",Quectel_BG96,262,Germany,de,9,NB-IoT,Op B
23131,1,Mark-4,"Würzburg, Germany",Quectel_BG96,262,Germany,de,9,NB-IoT,Op B
23132,1,Mark-4,"Würzburg, Germany",Quectel_BG96,262,Germany,de,9,NB-IoT,Op B
23420,1,Mark-1,"Würzburg, Germany",Quectel_EC21,262,Germany,de,7,LTE CAT1,Op B
23444,1,Mark-1,"Würzburg, Germany",Quectel_BG96,262,Germany,de,9,NB-IoT,Op B
23483,1,Mark-1,"Würzburg, Germany",Quectel_EC21,262,Germany,de,7,LTE CAT1,Op B
23507,1,Mark-1,"Würzburg, Germany",Quectel_BG96,262,Germany,de,9,NB-IoT,Op B
23679,1,Mark-1,"Würzburg, Germany",Quectel_EC21,262,Germany,de,7,LTE CAT1,Op B
23703,1,Mark-1,"Würzburg, Germany",Quectel_BG96,262,Germany,de,9,NB-IoT,Op B
23720,1,Mark-1,"Würzburg, Germany",Quectel_BG96,262,Germany,de,0,2G,Op B
23767,1,Mark-1,"Würzburg, Germany",Quectel_EC21,262,Germany,de,7,LTE CAT1,Op B
23791,1,Mark-1,"Würzburg, Germany",Quectel_BG96,262,Germany,de,9,NB-IoT,Op B
23799,1,Mark-1,"Würzburg, Germany",Quectel_EC21,262,Germany,de,0,2G,Op B
23808,1,Mark-1,"Würzburg, Germany",Quectel_BG96,262,Germany,de,0,2G,Op B
24086,1,Mark-4,"Würzburg, Germany",Quectel_BG96,262,Germany,de,8,LTE-M,Op B
24087,1,Mark-4,"Würzburg, Germany",Quectel_BG96,262,Germany,de,8,LTE-M,Op B
24088,1,Mark-4,"Würzburg, Germany",Quectel_BG96,262,Germany,de,8,LTE-M,Op B
24089,1,Mark-4,"Würzburg, Germany",Quectel_BG96,262,Germany,de,8,LTE-M,Op B
24090,1,Mark-4,"Würzburg, Germany",Quectel_BG96,262,Germany,de,8,LTE-M,Op B
24091,1,Mark-4,"Würzburg, Germany",Quectel_BG96,262,Germany,de,8,LTE-M,Op B
24092,1,Mark-4,"Würzburg, Germany",Quectel_BG96,262,Germany,de,8,LTE-M,Op B
24093,1,Mark-4,"Würzburg, Germany",Quectel_BG96,262,Germany,de,8,LTE-M,Op B
24094,1,Mark-4,"Würzburg, Germany",Quectel_BG96,262,Germany,de,8,LTE-M,Op B
24095,1,Mark-4,"Würzburg, Germany",Quectel_BG96,262,Germany,de,8,LTE-M,Op B
24096,1,Mark-4,"Würzburg, Germany",Quectel_BG96,262,Germany,de,8,LTE-M,Op B
24097,1,Mark-4,"Würzburg, Germany",Quectel_BG96,262,Germany,de,8,LTE-M,Op B
24098,1,Mark-4,"Würzburg, Germany",Quectel_BG96,262,Germany,de,8,LTE-M,Op B
24099,1,Mark-4,"Würzburg, Germany",Quectel_BG96,262,Germany,de,8,LTE-M,Op B
24100,1,Mark-4,"Würzburg, Germany",Quectel_BG96,262,Germany,de,8,LTE-M,Op B
24101,1,Mark-4,"Würzburg, Germany",Quectel_BG96,262,Germany,de,8,LTE-M,Op B
24102,1,Mark-4,"Würzburg, Germany",Quectel_BG96,262,Germany,de,8,LTE-M,Op B
24103,1,Mark-4,"Würzburg, Germany",Quectel_BG96,262,Germany,de,8,LTE-M,Op B
24104,1,Mark-4,"Würzburg, Germany",Quectel_BG96,262,Germany,de,8,LTE-M,Op B
24105,1,Mark-4,"Würzburg, Germany",Quectel_BG96,262,Germany,de,8,LTE-M,Op B
24127,1,Mark-1,"Würzburg, Germany",Quectel_EC21,262,Germany,de,7,LTE CAT1,Op B
24148,1,Mark-1,"Würzburg, Germany",Quectel_BG96,262,Germany,de,8,LTE-M,Op B
24150,1,Mark-1,"Würzburg, Germany",Quectel_BG96,262,Germany,de,9,NB-IoT,Op B
24160,1,Mark-1,"Würzburg, Germany",Quectel_EC21,262,Germany,de,0,2G,Op B
24169,1,Mark-1,"Würzburg, Germany",Quectel_BG96,262,Germany,de,0,2G,Op B
24191,1,Mark-1,"Würzburg, Germany",Quectel_EC21,262,Germany,de,7,LTE CAT1,Op B
24212,1,Mark-1,"Würzburg, Germany",Quectel_BG96,262,Germany,de,8,LTE-M,Op B
24214,1,Mark-1,"Würzburg, Germany",Quectel_BG96,262,Germany,de,9,NB-IoT,Op B
24224,1,Mark-1,"Würzburg, Germany",Quectel_EC21,262,Germany,de,0,2G,Op B
24233,1,Mark-1,"Würzburg, Germany",Quectel_BG96,262,Germany,de,0,2G,Op B
21684,1,Mark-1,"Würzburg, Germany",Quectel_BG96,262,Germany,de,0,2G,Op A
21685,1,Mark-1,"Würzburg, Germany",Quectel_BG96,262,Germany,de,8,LTE-M,Op A
21699,1,Mark-1,"Würzburg, Germany",Quectel_EC21,262,Germany,de,0,2G,Op A
21702,1,Mark-1,"Würzburg, Germany",Quectel_BG96,262,Germany,de,9,NB-IoT,Op A
21708,1,Mark-1,"Würzburg, Germany",Quectel_EC21,262,Germany,de,7,LTE CAT1,Op A
21748,1,Mark-1,"Würzburg, Germany",Quectel_BG96,262,Germany,de,0,2G,Op A
21749,1,Mark-1,"Würzburg, Germany",Quectel_BG96,262,Germany,de,8,LTE-M,Op A
21763,1,Mark-1,"Würzburg, Germany",Quectel_EC21,262,Germany,de,0,2G,Op A
21766,1,Mark-1,"Würzburg, Germany",Quectel_BG96,262,Germany,de,9,NB-IoT,Op A
21772,1,Mark-1,"Würzburg, Germany",Quectel_EC21,262,Germany,de,7,LTE CAT1,Op A
21813,1,Mark-1,"Würzburg, Germany",Quectel_BG96,262,Germany,de,8,LTE-M,Op A
21827,1,Mark-1,"Würzburg, Germany",Quectel_EC21,262,Germany,de,0,2G,Op A
21830,1,Mark-1,"Würzburg, Germany",Quectel_BG96,262,Germany,de,9,NB-IoT,Op A
21836,1,Mark-1,"Würzburg, Germany",Quectel_EC21,262,Germany,de,7,LTE CAT1,Op A
21877,1,Mark-1,"Würzburg, Germany",Quectel_BG96,262,Germany,de,8,LTE-M,Op A
21891,1,Mark-1,"Würzburg, Germany",Quectel_EC21,262,Germany,de,0,2G,Op A
21900,1,Mark-1,"Würzburg, Germany",Quectel_EC21,262,Germany,de,7,LTE CAT1,Op A
21955,1,Mark-1,"Würzburg, Germany",Quectel_EC21,262,Germany,de,0,2G,Op A
21958,1,Mark-1,"Würzburg, Germany",Quectel_BG96,262,Germany,de,9,NB-IoT,Op A
21964,1,Mark-1,"Würzburg, Germany",Quectel_EC21,262,Germany,de,7,LTE CAT1,Op A
22004,1,Mark-1,"Würzburg, Germany",Quectel_BG96,262,Germany,de,0,2G,Op A
22019,1,Mark-1,"Würzburg, Germany",Quectel_EC21,262,Germany,de,0,2G,Op A
22022,1,Mark-1,"Würzburg, Germany",Quectel_BG96,262,Germany,de,9,NB-IoT,Op A
22028,1,Mark-1,"Würzburg, Germany",Quectel_EC21,262,Germany,de,7,LTE CAT1,Op A
22069,1,Mark-1,"Würzburg, Germany",Quectel_BG96,262,Germany,de,8,LTE-M,Op A
22083,1,Mark-1,"Würzburg, Germany",Quectel_EC21,262,Germany,de,0,2G,Op A
22086,1,Mark-1,"Würzburg, Germany",Quectel_BG96,262,Germany,de,9,NB-IoT,Op A
22092,1,Mark-1,"Würzburg, Germany",Quectel_EC21,262,Germany,de,7,LTE CAT1,Op A
22133,1,Mark-1,"Würzburg, Germany",Quectel_BG96,262,Germany,de,8,LTE-M,Op A
22147,1,Mark-1,"Würzburg, Germany",Quectel_EC21,262,Germany,de,0,2G,Op A
22156,1,Mark-1,"Würzburg, Germany",Quectel_EC21,262,Germany,de,7,LTE CAT1,Op A
22196,1,Mark-1,"Würzburg, Germany",Quectel_BG96,262,Germany,de,0,2G,Op A
22211,1,Mark-1,"Würzburg, Germany",Quectel_EC21,262,Germany,de,0,2G,Op A
22214,1,Mark-1,"Würzburg, Germany",Quectel_BG96,262,Germany,de,9,NB-IoT,Op A
22220,1,Mark-1,"Würzburg, Germany",Quectel_EC21,262,Germany,de,7,LTE CAT1,Op A
22275,1,Mark-1,"Würzburg, Germany",Quectel_EC21,262,Germany,de,0,2G,Op A
22278,1,Mark-1,"Würzburg, Germany",Quectel_BG96,262,Germany,de,9,NB-IoT,Op A
22284,1,Mark-1,"Würzburg, Germany",Quectel_EC21,262,Germany,de,7,LTE CAT1,Op A
22569,1,Mark-1,"Würzburg, Germany",Quectel_BG96,262,Germany,de,0,2G,Op A
22570,1,Mark-1,"Würzburg, Germany",Quectel_BG96,262,Germany,de,0,2G,Op A
22571,1,Mark-1,"Würzburg, Germany",Quectel_BG96,262,Germany,de,0,2G,Op A
22572,1,Mark-1,"Würzburg, Germany",Quectel_BG96,262,Germany,de,0,2G,Op A
22574,1,Mark-1,"Würzburg, Germany",Quectel_BG96,262,Germany,de,0,2G,Op A
22575,1,Mark-1,"Würzburg, Germany",Quectel_BG96,262,Germany,de,8,LTE-M,Op A
22576,1,Mark-1,"Würzburg, Germany",Quectel_BG96,262,Germany,de,8,LTE-M,Op A
22578,1,Mark-1,"Würzburg, Germany",Quectel_BG96,262,Germany,de,8,LTE-M,Op A
22579,1,Mark-1,"Würzburg, Germany",Quectel_BG96,262,Germany,de,9,NB-IoT,Op A
22580,1,Mark-1,"Würzburg, Germany",Quectel_BG96,262,Germany,de,9,NB-IoT,Op A
22934,1,Mark-1,"Würzburg, Germany",Quectel_BG96,262,Germany,de,8,LTE-M,Op A
22947,1,Mark-1,"Würzburg, Germany",Quectel_EC21,262,Germany,de,0,2G,Op A
22949,1,Mark-1,"Würzburg, Germany",Quectel_BG96,262,Germany,de,9,NB-IoT,Op A
22955,1,Mark-1,"Würzburg, Germany",Quectel_EC21,262,Germany,de,7,LTE CAT1,Op A
23438,1,Mark-1,"Würzburg, Germany",Quectel_BG96,262,Germany,de,8,LTE-M,Op A
23451,1,Mark-1,"Würzburg, Germany",Quectel_EC21,262,Germany,de,0,2G,Op A
23453,1,Mark-1,"Würzburg, Germany",Quectel_BG96,262,Germany,de,9,NB-IoT,Op A
23459,1,Mark-1,"Würzburg, Germany",Quectel_EC21,262,Germany,de,7,LTE CAT1,Op A
23501,1,Mark-1,"Würzburg, Germany",Quectel_BG96,262,Germany,de,8,LTE-M,Op A
23514,1,Mark-1,"Würzburg, Germany",Quectel_EC21,262,Germany,de,0,2G,Op A
23516,1,Mark-1,"Würzburg, Germany",Quectel_BG96,262,Germany,de,9,NB-IoT,Op A
23522,1,Mark-1,"Würzburg, Germany",Quectel_EC21,262,Germany,de,7,LTE CAT1,Op A
23696,1,Mark-1,"Würzburg, Germany",Quectel_BG96,262,Germany,de,0,2G,Op A
23697,1,Mark-1,"Würzburg, Germany",Quectel_BG96,262,Germany,de,8,LTE-M,Op A
23710,1,Mark-1,"Würzburg, Germany",Quectel_EC21,262,Germany,de,0,2G,Op A
23712,1,Mark-1,"Würzburg, Germany",Quectel_BG96,262,Germany,de,9,NB-IoT,Op A
23718,1,Mark-1,"Würzburg, Germany",Quectel_EC21,262,Germany,de,7,LTE CAT1,Op A
23784,1,Mark-1,"Würzburg, Germany",Quectel_BG96,262,Germany,de,0,2G,Op A
23785,1,Mark-1,"Würzburg, Germany",Quectel_BG96,262,Germany,de,8,LTE-M,Op A
23798,1,Mark-1,"Würzburg, Germany",Quectel_EC21,262,Germany,de,0,2G,Op A
23800,1,Mark-1,"Würzburg, Germany",Quectel_BG96,262,Germany,de,9,NB-IoT,Op A
23806,1,Mark-1,"Würzburg, Germany",Quectel_EC21,262,Germany,de,7,LTE CAT1,Op A
24144,1,Mark-1,"Würzburg, Germany",Quectel_BG96,262,Germany,de,8,LTE-M,Op A
24158,1,Mark-1,"Würzburg, Germany",Quectel_EC21,262,Germany,de,0,2G,Op A
24161,1,Mark-1,"Würzburg, Germany",Quectel_BG96,262,Germany,de,9,NB-IoT,Op A
24167,1,Mark-1,"Würzburg, Germany",Quectel_EC21,262,Germany,de,7,LTE CAT1,Op A
24207,1,Mark-1,"Würzburg, Germany",Quectel_BG96,262,Germany,de,0,2G,Op A
24222,1,Mark-1,"Würzburg, Germany",Quectel_EC21,262,Germany,de,0,2G,Op A
24225,1,Mark-1,"Würzburg, Germany",Quectel_BG96,262,Germany,de,9,NB-IoT,Op A
24231,1,Mark-1,"Würzburg, Germany",Quectel_EC21,262,Germany,de,7,LTE CAT1,Op A
24177,1,Mark-5,"Milan, Italy",Quectel_BG96,222,Italy,it,0,2G,Op B
24122,1,Mark-6,"Munich, Germany",Quectel_BG96,262,Germany,de,8,LTE-M,Op B
24170,1,Mark-6,"Munich, Germany",Quectel_BG96,262,Germany,de,9,NB-IoT,Op B
24186,1,Mark-6,"Munich, Germany",Quectel_BG96,262,Germany,de,8,LTE-M,Op B
24232,1,Mark-6,"Munich, Germany",Quectel_EC21,262,Germany,de,7,LTE CAT1,Op B
24234,1,Mark-6,"Munich, Germany",Quectel_BG96,262,Germany,de,9,NB-IoT,Op B
24118,1,Mark-6,"Munich, Germany",Quectel_BG96,262,Germany,de,9,NB-IoT,Op A
24137,1,Mark-6,"Munich, Germany",Quectel_EC21,262,Germany,de,7,LTE CAT1,Op A
24149,1,Mark-6,"Munich, Germany",Quectel_BG96,262,Germany,de,0,2G,Op A
24152,1,Mark-6,"Munich, Germany",Quectel_BG96,262,Germany,de,8,LTE-M,Op A
24201,1,Mark-6,"Munich, Germany",Quectel_EC21,262,Germany,de,7,LTE CAT1,Op A
24213,1,Mark-6,"Munich, Germany",Quectel_BG96,262,Germany,de,0,2G,Op A
23819,1,Mark-10,"Zagreb, Croatia",Quectel_EC21,219,Croatia,hr,0,2G,Op C
23843,1,Mark-10,"Zagreb, Croatia",Quectel_EC21,219,Croatia,hr,0,2G,Op C
23888,1,Mark-10,"Zagreb, Croatia",Quectel_EC21,219,Croatia,hr,7,LTE CAT1,Op C
23904,1,Mark-10,"Zagreb, Croatia",Quectel_EC21,219,Croatia,hr,7,LTE CAT1,Op C
23817,1,Mark-10,"Zagreb, Croatia",Quectel_EC21,219,Croatia,hr,0,2G,Op A
23831,1,Mark-10,"Zagreb, Croatia",Quectel_BG96,219,Croatia,hr,0,2G,Op A
23841,1,Mark-10,"Zagreb, Croatia",Quectel_EC21,219,Croatia,hr,0,2G,Op A
23855,1,Mark-10,"Zagreb, Croatia",Quectel_BG96,219,Croatia,hr,0,2G,Op A
23864,1,Mark-10,"Zagreb, Croatia",Quectel_EC21,219,Croatia,hr,7,LTE CAT1,Op A
23880,1,Mark-10,"Zagreb, Croatia",Quectel_EC21,219,Croatia,hr,7,LTE CAT1,Op A
23896,1,Mark-10,"Zagreb, Croatia",Quectel_EC21,219,Croatia,hr,7,LTE CAT1,Op A
24014,1,Mark-10,"Zagreb, Croatia",Quectel_EC21,219,Croatia,hr,2,3G,Op A
24019,1,Mark-10,"Zagreb, Croatia",Quectel_EC21,219,Croatia,hr,2,3G,Op A
24024,1,Mark-10,"Zagreb, Croatia",Quectel_EC21,219,Croatia,hr,2,3G,Op A
24029,1,Mark-10,"Zagreb, Croatia",Quectel_EC21,219,Croatia,hr,2,3G,Op A
24034,1,Mark-10,"Zagreb, Croatia",Quectel_EC21,219,Croatia,hr,2,3G,Op A
24039,1,Mark-10,"Zagreb, Croatia",Quectel_EC21,219,Croatia,hr,2,3G,Op A
24044,1,Mark-10,"Zagreb, Croatia",Quectel_EC21,219,Croatia,hr,2,3G,Op A
24049,1,Mark-10,"Zagreb, Croatia",Quectel_EC21,219,Croatia,hr,2,3G,Op A
24054,1,Mark-10,"Zagreb, Croatia",Quectel_EC21,219,Croatia,hr,2,3G,Op A
24059,1,Mark-10,"Zagreb, Croatia",Quectel_EC21,219,Croatia,hr,2,3G,Op A
23827,1,Mark-10,"Zagreb, Croatia",Quectel_EC21,219,Croatia,hr,0,2G,Op B
23848,1,Mark-10,"Zagreb, Croatia",Quectel_BG96,219,Croatia,hr,0,2G,Op B
23851,1,Mark-10,"Zagreb, Croatia",Quectel_EC21,219,Croatia,hr,0,2G,Op B
23862,1,Mark-10,"Zagreb, Croatia",Quectel_EC21,219,Croatia,hr,7,LTE CAT1,Op B
23878,1,Mark-10,"Zagreb, Croatia",Quectel_EC21,219,Croatia,hr,7,LTE CAT1,Op B
23894,1,Mark-10,"Zagreb, Croatia",Quectel_EC21,219,Croatia,hr,7,LTE CAT1,Op B
23911,1,Mark-10,"Zagreb, Croatia",Quectel_BG96,219,Croatia,hr,8,LTE-M,Op B
23917,1,Mark-10,"Zagreb, Croatia",Quectel_BG96,219,Croatia,hr,8,LTE-M,Op B
23923,1,Mark-10,"Zagreb, Croatia",Quectel_BG96,219,Croatia,hr,8,LTE-M,Op B
23929,1,Mark-10,"Zagreb, Croatia",Quectel_BG96,219,Croatia,hr,8,LTE-M,Op B
23935,1,Mark-10,"Zagreb, Croatia",Quectel_BG96,219,Croatia,hr,8,LTE-M,Op B
23941,1,Mark-10,"Zagreb, Croatia",Quectel_BG96,219,Croatia,hr,8,LTE-M,Op B
23947,1,Mark-10,"Zagreb, Croatia",Quectel_BG96,219,Croatia,hr,8,LTE-M,Op B
23953,1,Mark-10,"Zagreb, Croatia",Quectel_BG96,219,Croatia,hr,8,LTE-M,Op B
23959,1,Mark-10,"Zagreb, Croatia",Quectel_BG96,219,Croatia,hr,9,NB-IoT,Op B
23967,1,Mark-10,"Zagreb, Croatia",Quectel_BG96,219,Croatia,hr,9,NB-IoT,Op B
23975,1,Mark-10,"Zagreb, Croatia",Quectel_BG96,219,Croatia,hr,9,NB-IoT,Op B
23983,1,Mark-10,"Zagreb, Croatia",Quectel_BG96,219,Croatia,hr,9,NB-IoT,Op B
23991,1,Mark-10,"Zagreb, Croatia",Quectel_BG96,219,Croatia,hr,9,NB-IoT,Op B
23999,1,Mark-10,"Zagreb, Croatia",Quectel_BG96,219,Croatia,hr,9,NB-IoT,Op B
24007,1,Mark-10,"Zagreb, Croatia",Quectel_BG96,219,Croatia,hr,9,NB-IoT,Op B
24016,1,Mark-10,"Zagreb, Croatia",Quectel_EC21,219,Croatia,hr,2,3G,Op B
24021,1,Mark-10,"Zagreb, Croatia",Quectel_EC21,219,Croatia,hr,2,3G,Op B
24026,1,Mark-10,"Zagreb, Croatia",Quectel_EC21,219,Croatia,hr,2,3G,Op B
24031,1,Mark-10,"Zagreb, Croatia",Quectel_EC21,219,Croatia,hr,2,3G,Op B
24036,1,Mark-10,"Zagreb, Croatia",Quectel_EC21,219,Croatia,hr,2,3G,Op B
24041,1,Mark-10,"Zagreb, Croatia",Quectel_EC21,219,Croatia,hr,2,3G,Op B
24046,1,Mark-10,"Zagreb, Croatia",Quectel_EC21,219,Croatia,hr,2,3G,Op B
24051,1,Mark-10,"Zagreb, Croatia",Quectel_EC21,219,Croatia,hr,2,3G,Op B
24056,1,Mark-10,"Zagreb, Croatia",Quectel_EC21,219,Croatia,hr,2,3G,Op B
24061,1,Mark-10,"Zagreb, Croatia",Quectel_EC21,219,Croatia,hr,2,3G,Op B
23823,1,Mark-5,"Milan, Italy",Quectel_EC21,222,Italy,it,0,2G,Op D
23839,1,Mark-5,"Milan, Italy",Quectel_BG96,222,Italy,it,0,2G,Op D
23863,1,Mark-5,"Milan, Italy",Quectel_EC21,222,Italy,it,7,LTE CAT1,Op D
23879,1,Mark-5,"Milan, Italy",Quectel_EC21,222,Italy,it,7,LTE CAT1,Op D
23826,1,Mark-5,"Milan, Italy",Quectel_BG96,222,Italy,it,0,2G,Op C
23833,1,Mark-5,"Milan, Italy",Quectel_EC21,222,Italy,it,0,2G,Op C
23857,1,Mark-5,"Milan, Italy",Quectel_EC21,222,Italy,it,0,2G,Op C
23874,1,Mark-5,"Milan, Italy",Quectel_EC21,222,Italy,it,7,LTE CAT1,Op C
23890,1,Mark-5,"Milan, Italy",Quectel_EC21,222,Italy,it,7,LTE CAT1,Op C
23906,1,Mark-5,"Milan, Italy",Quectel_EC21,222,Italy,it,7,LTE CAT1,Op C
23960,1,Mark-5,"Milan, Italy",Quectel_BG96,222,Italy,it,9,NB-IoT,Op C
23968,1,Mark-5,"Milan, Italy",Quectel_BG96,222,Italy,it,9,NB-IoT,Op C
23976,1,Mark-5,"Milan, Italy",Quectel_BG96,222,Italy,it,9,NB-IoT,Op C
23984,1,Mark-5,"Milan, Italy",Quectel_BG96,222,Italy,it,9,NB-IoT,Op C
23992,1,Mark-5,"Milan, Italy",Quectel_BG96,222,Italy,it,9,NB-IoT,Op C
24000,1,Mark-5,"Milan, Italy",Quectel_BG96,222,Italy,it,9,NB-IoT,Op C
24008,1,Mark-5,"Milan, Italy",Quectel_BG96,222,Italy,it,9,NB-IoT,Op C
23861,1,Mark-5,"Milan, Italy",Quectel_EC21,222,Italy,it,7,LTE CAT1,Op A
23877,1,Mark-5,"Milan, Italy",Quectel_EC21,222,Italy,it,7,LTE CAT1,Op A
23893,1,Mark-5,"Milan, Italy",Quectel_EC21,222,Italy,it,7,LTE CAT1,Op A
24013,1,Mark-5,"Milan, Italy",Quectel_EC21,222,Italy,it,2,3G,Op A
24018,1,Mark-5,"Milan, Italy",Quectel_EC21,222,Italy,it,2,3G,Op A
24023,1,Mark-5,"Milan, Italy",Quectel_EC21,222,Italy,it,2,3G,Op A
24028,1,Mark-5,"Milan, Italy",Quectel_EC21,222,Italy,it,2,3G,Op A
24038,1,Mark-5,"Milan, Italy",Quectel_EC21,222,Italy,it,2,3G,Op A
24043,1,Mark-5,"Milan, Italy",Quectel_EC21,222,Italy,it,2,3G,Op A
24048,1,Mark-5,"Milan, Italy",Quectel_EC21,222,Italy,it,2,3G,Op A
24053,1,Mark-5,"Milan, Italy",Quectel_EC21,222,Italy,it,2,3G,Op A
24058,1,Mark-5,"Milan, Italy",Quectel_EC21,222,Italy,it,2,3G,Op A
23836,1,Mark-5,"Milan, Italy",Quectel_EC21,222,Italy,it,0,2G,Op B
23860,1,Mark-5,"Milan, Italy",Quectel_EC21,222,Italy,it,0,2G,Op B
23870,1,Mark-5,"Milan, Italy",Quectel_EC21,222,Italy,it,7,LTE CAT1,Op B
23886,1,Mark-5,"Milan, Italy",Quectel_EC21,222,Italy,it,7,LTE CAT1,Op B
23902,1,Mark-5,"Milan, Italy",Quectel_EC21,222,Italy,it,7,LTE CAT1,Op B
24015,1,Mark-5,"Milan, Italy",Quectel_EC21,222,Italy,it,2,3G,Op B
24020,1,Mark-5,"Milan, Italy",Quectel_EC21,222,Italy,it,2,3G,Op B
24025,1,Mark-5,"Milan, Italy",Quectel_EC21,222,Italy,it,2,3G,Op B
24030,1,Mark-5,"Milan, Italy",Quectel_EC21,222,Italy,it,2,3G,Op B
24035,1,Mark-5,"Milan, Italy",Quectel_EC21,222,Italy,it,2,3G,Op B
24040,1,Mark-5,"Milan, Italy",Quectel_EC21,222,Italy,it,2,3G,Op B
24045,1,Mark-5,"Milan, Italy",Quectel_EC21,222,Italy,it,2,3G,Op B
24050,1,Mark-5,"Milan, Italy",Quectel_EC21,222,Italy,it,2,3G,Op B
24055,1,Mark-5,"Milan, Italy",Quectel_EC21,222,Italy,it,2,3G,Op B
23858,1,Mark-7,"Trondheim, Norway",Quectel_EC21,242,Norway,no,0,2G,Op A
23876,1,Mark-7,"Trondheim, Norway",Quectel_EC21,242,Norway,no,7,LTE CAT1,Op A
23892,1,Mark-7,"Trondheim, Norway",Quectel_EC21,242,Norway,no,7,LTE CAT1,Op A
23908,1,Mark-7,"Trondheim, Norway",Quectel_EC21,242,Norway,no,7,LTE CAT1,Op A
23818,1,Mark-7,"Trondheim, Norway",Quectel_EC21,242,Norway,no,0,2G,Op B
23842,1,Mark-7,"Trondheim, Norway",Quectel_EC21,242,Norway,no,0,2G,Op B
23905,1,Mark-7,"Trondheim, Norway",Quectel_EC21,242,Norway,no,7,LTE CAT1,Op B
23813,1,Mark-1,"Würzburg, Germany",Quectel_BG96,262,Germany,de,0,2G,Op B
23829,1,Mark-1,"Würzburg, Germany",Quectel_EC21,262,Germany,de,0,2G,Op B
23837,1,Mark-1,"Würzburg, Germany",Quectel_BG96,262,Germany,de,0,2G,Op B
23846,1,Mark-6,"Munich, Germany",Quectel_BG96,262,Germany,de,0,2G,Op B
23853,1,Mark-1,"Würzburg, Germany",Quectel_EC21,262,Germany,de,0,2G,Op B
23867,1,Mark-1,"Würzburg, Germany",Quectel_EC21,262,Germany,de,7,LTE CAT1,Op B
23869,1,Mark-6,"Munich, Germany",Quectel_EC21,262,Germany,de,7,LTE CAT1,Op B
23883,1,Mark-1,"Würzburg, Germany",Quectel_EC21,262,Germany,de,7,LTE CAT1,Op B
23899,1,Mark-1,"Würzburg, Germany",Quectel_EC21,262,Germany,de,7,LTE CAT1,Op B
23901,1,Mark-6,"Munich, Germany",Quectel_EC21,262,Germany,de,7,LTE CAT1,Op B
23914,1,Mark-6,"Munich, Germany",Quectel_BG96,262,Germany,de,8,LTE-M,Op B
23926,1,Mark-6,"Munich, Germany",Quectel_BG96,262,Germany,de,8,LTE-M,Op B
23928,1,Mark-1,"Würzburg, Germany",Quectel_BG96,262,Germany,de,8,LTE-M,Op B
23932,1,Mark-6,"Munich, Germany",Quectel_BG96,262,Germany,de,8,LTE-M,Op B
23934,1,Mark-1,"Würzburg, Germany",Quectel_BG96,262,Germany,de,8,LTE-M,Op B
23938,1,Mark-6,"Munich, Germany",Quectel_BG96,262,Germany,de,8,LTE-M,Op B
23940,1,Mark-1,"Würzburg, Germany",Quectel_BG96,262,Germany,de,8,LTE-M,Op B
23944,1,Mark-6,"Munich, Germany",Quectel_BG96,262,Germany,de,8,LTE-M,Op B
23946,1,Mark-1,"Würzburg, Germany",Quectel_BG96,262,Germany,de,8,LTE-M,Op B
23950,1,Mark-6,"Munich, Germany",Quectel_BG96,262,Germany,de,8,LTE-M,Op B
23952,1,Mark-1,"Würzburg, Germany",Quectel_BG96,262,Germany,de,8,LTE-M,Op B
23956,1,Mark-6,"Munich, Germany",Quectel_BG96,262,Germany,de,8,LTE-M,Op B
23957,1,Mark-1,"Würzburg, Germany",Quectel_BG96,262,Germany,de,9,NB-IoT,Op B
23965,1,Mark-1,"Würzburg, Germany",Quectel_BG96,262,Germany,de,9,NB-IoT,Op B
23972,1,Mark-6,"Munich, Germany",Quectel_BG96,262,Germany,de,9,NB-IoT,Op B
23973,1,Mark-1,"Würzburg, Germany",Quectel_BG96,262,Germany,de,9,NB-IoT,Op B
23981,1,Mark-1,"Würzburg, Germany",Quectel_BG96,262,Germany,de,9,NB-IoT,Op B
23989,1,Mark-1,"Würzburg, Germany",Quectel_BG96,262,Germany,de,9,NB-IoT,Op B
23996,1,Mark-6,"Munich, Germany",Quectel_BG96,262,Germany,de,9,NB-IoT,Op B
23997,1,Mark-1,"Würzburg, Germany",Quectel_BG96,262,Germany,de,9,NB-IoT,Op B
24004,1,Mark-6,"Munich, Germany",Quectel_BG96,262,Germany,de,9,NB-IoT,Op B
24005,1,Mark-1,"Würzburg, Germany",Quectel_BG96,262,Germany,de,9,NB-IoT,Op B
24012,1,Mark-6,"Munich, Germany",Quectel_BG96,262,Germany,de,9,NB-IoT,Op B
23816,1,Mark-1,"Würzburg, Germany",Quectel_EC21,262,Germany,de,0,2G,Op A
23828,1,Mark-6,"Munich, Germany",Quectel_EC21,262,Germany,de,0,2G,Op A
23835,1,Mark-6,"Munich, Germany",Quectel_BG96,262,Germany,de,0,2G,Op A
23838,1,Mark-1,"Würzburg, Germany",Quectel_BG96,262,Germany,de,0,2G,Op A
23840,1,Mark-1,"Würzburg, Germany",Quectel_EC21,262,Germany,de,0,2G,Op A
23852,1,Mark-6,"Munich, Germany",Quectel_EC21,262,Germany,de,0,2G,Op A
23859,1,Mark-6,"Munich, Germany",Quectel_BG96,262,Germany,de,0,2G,Op A
23866,1,Mark-1,"Würzburg, Germany",Quectel_EC21,262,Germany,de,7,LTE CAT1,Op A
23875,1,Mark-6,"Munich, Germany",Quectel_EC21,262,Germany,de,7,LTE CAT1,Op A
23882,1,Mark-1,"Würzburg, Germany",Quectel_EC21,262,Germany,de,7,LTE CAT1,Op A
23891,1,Mark-6,"Munich, Germany",Quectel_EC21,262,Germany,de,7,LTE CAT1,Op A
23898,1,Mark-1,"Würzburg, Germany",Quectel_EC21,262,Germany,de,7,LTE CAT1,Op A
23907,1,Mark-6,"Munich, Germany",Quectel_EC21,262,Germany,de,7,LTE CAT1,Op A
23912,1,Mark-1,"Würzburg, Germany",Quectel_BG96,262,Germany,de,8,LTE-M,Op A
23915,1,Mark-6,"Munich, Germany",Quectel_BG96,262,Germany,de,8,LTE-M,Op A
23918,1,Mark-1,"Würzburg, Germany",Quectel_BG96,262,Germany,de,8,LTE-M,Op A
23921,1,Mark-6,"Munich, Germany",Quectel_BG96,262,Germany,de,8,LTE-M,Op A
23927,1,Mark-6,"Munich, Germany",Quectel_BG96,262,Germany,de,8,LTE-M,Op A
23930,1,Mark-1,"Würzburg, Germany",Quectel_BG96,262,Germany,de,8,LTE-M,Op A
23933,1,Mark-6,"Munich, Germany",Quectel_BG96,262,Germany,de,8,LTE-M,Op A
23936,1,Mark-1,"Würzburg, Germany",Quectel_BG96,262,Germany,de,8,LTE-M,Op A
23939,1,Mark-6,"Munich, Germany",Quectel_BG96,262,Germany,de,8,LTE-M,Op A
23942,1,Mark-1,"Würzburg, Germany",Quectel_BG96,262,Germany,de,8,LTE-M,Op A
23945,1,Mark-6,"Munich, Germany",Quectel_BG96,262,Germany,de,8,LTE-M,Op A
23948,1,Mark-1,"Würzburg, Germany",Quectel_BG96,262,Germany,de,8,LTE-M,Op A
23951,1,Mark-6,"Munich, Germany",Quectel_BG96,262,Germany,de,8,LTE-M,Op A
23954,1,Mark-1,"Würzburg, Germany",Quectel_BG96,262,Germany,de,8,LTE-M,Op A
23961,1,Mark-1,"Würzburg, Germany",Quectel_BG96,262,Germany,de,9,NB-IoT,Op A
23963,1,Mark-6,"Munich, Germany",Quectel_BG96,262,Germany,de,9,NB-IoT,Op A
23969,1,Mark-1,"Würzburg, Germany",Quectel_BG96,262,Germany,de,9,NB-IoT,Op A
23971,1,Mark-6,"Munich, Germany",Quectel_BG96,262,Germany,de,9,NB-IoT,Op A
23979,1,Mark-6,"Munich, Germany",Quectel_BG96,262,Germany,de,9,NB-IoT,Op A
23985,1,Mark-1,"Würzburg, Germany",Quectel_BG96,262,Germany,de,9,NB-IoT,Op A
23993,1,Mark-1,"Würzburg, Germany",Quectel_BG96,262,Germany,de,9,NB-IoT,Op A
23995,1,Mark-6,"Munich, Germany",Quectel_BG96,262,Germany,de,9,NB-IoT,Op A
24001,1,Mark-1,"Würzburg, Germany",Quectel_BG96,262,Germany,de,9,NB-IoT,Op A
24003,1,Mark-6,"Munich, Germany",Quectel_BG96,262,Germany,de,9,NB-IoT,Op A
24009,1,Mark-1,"Würzburg, Germany",Quectel_BG96,262,Germany,de,9,NB-IoT,Op A
24011,1,Mark-6,"Munich, Germany",Quectel_BG96,262,Germany,de,9,NB-IoT,Op A
